county_fips,mean,sd,hdi_2.5%,hdi_97.5%,mcse_mean,mcse_sd,ess_bulk,ess_tail,r_hat
01001,11.761,0.129,11.508,12.012,0.001,0.001,11793.0,11920.0,1.0
01003,11.967,0.095,11.777,12.148,0.001,0.001,8225.0,10668.0,1.0
01009,11.526,0.103,11.331,11.734,0.001,0.001,12053.0,11796.0,1.0
01017,11.245,0.111,11.023,11.456,0.001,0.001,13217.0,12017.0,1.0
01019,11.403,0.174,11.059,11.743,0.002,0.001,10696.0,10813.0,1.0
01021,11.487,0.166,11.158,11.803,0.001,0.001,13171.0,12174.0,1.0
01025,11.503,0.195,11.132,11.898,0.002,0.001,9168.0,10303.0,1.0
01029,11.507,0.165,11.19,11.831,0.002,0.001,11608.0,11972.0,1.0
01033,11.442,0.166,11.119,11.77,0.002,0.001,11617.0,11690.0,1.0
01039,11.312,0.129,11.056,11.566,0.001,0.001,12458.0,11441.0,1.0
01043,11.676,0.106,11.471,11.883,0.001,0.001,15855.0,11993.0,1.0
01045,11.316,0.1,11.117,11.508,0.001,0.001,12626.0,11732.0,1.0
01047,11.075,0.114,10.846,11.293,0.001,0.001,7276.0,10580.0,1.0
01049,11.384,0.126,11.138,11.629,0.001,0.001,14797.0,12433.0,1.0
01051,11.813,0.132,11.556,12.075,0.001,0.001,12913.0,12260.0,1.0
01053,11.398,0.173,11.06,11.734,0.002,0.001,10092.0,11732.0,1.0
01055,11.328,0.104,11.122,11.528,0.001,0.001,11322.0,10983.0,1.0
01063,11.441,0.166,11.117,11.765,0.002,0.001,7563.0,9907.0,1.0
01065,11.343,0.176,11.014,11.707,0.002,0.001,9427.0,11596.0,1.0
01069,11.501,0.163,11.179,11.819,0.001,0.001,15403.0,11431.0,1.0
01071,11.361,0.165,11.044,11.686,0.001,0.001,12330.0,11224.0,1.0
01073,11.57,0.076,11.42,11.716,0.001,0.001,10244.0,12336.0,1.0
01077,11.471,0.111,11.252,11.685,0.001,0.001,10029.0,11288.0,1.0
01081,11.885,0.086,11.717,12.053,0.001,0.001,10271.0,11601.0,1.0
01089,11.51,0.08,11.358,11.671,0.001,0.001,9442.0,10757.0,1.0
01093,11.332,0.167,11.0,11.649,0.002,0.001,11756.0,12378.0,1.0
01095,11.445,0.12,11.212,11.68,0.001,0.001,10305.0,11854.0,1.0
01097,11.513,0.084,11.351,11.677,0.001,0.001,8038.0,11423.0,1.0
01099,11.221,0.17,10.881,11.543,0.002,0.001,11417.0,11149.0,1.0
01101,11.465,0.1,11.269,11.659,0.001,0.001,7062.0,10258.0,1.0
01103,11.437,0.102,11.243,11.64,0.001,0.001,9959.0,11144.0,1.0
01107,11.428,0.182,11.078,11.793,0.002,0.001,9434.0,11777.0,1.0
01111,11.641,0.171,11.31,11.977,0.002,0.001,10148.0,10770.0,1.0
01113,11.345,0.168,11.007,11.666,0.002,0.001,11290.0,12294.0,1.0
01115,11.775,0.113,11.543,11.987,0.001,0.001,12019.0,12430.0,1.0
01117,12.013,0.081,11.854,12.172,0.001,0.001,24700.0,12659.0,1.0
01121,11.332,0.095,11.146,11.517,0.001,0.001,9139.0,10952.0,1.0
01123,11.713,0.133,11.459,11.984,0.001,0.001,12025.0,12326.0,1.0
01125,11.641,0.086,11.474,11.809,0.001,0.001,8240.0,10527.0,1.0
01127,11.251,0.092,11.063,11.426,0.001,0.001,13192.0,12456.0,1.0
01133,11.778,0.174,11.45,12.129,0.002,0.001,11290.0,10615.0,1.0
02020,11.893,0.151,11.592,12.182,0.002,0.001,6596.0,9521.0,1.0
02090,11.687,0.164,11.369,12.006,0.002,0.001,8518.0,10881.0,1.0
02100,11.69,0.233,11.242,12.161,0.003,0.002,8275.0,10609.0,1.0
02110,11.935,0.194,11.559,12.32,0.002,0.001,7071.0,9769.0,1.0
02122,11.6,0.155,11.305,11.915,0.002,0.001,7529.0,10348.0,1.0
02130,11.705,0.189,11.339,12.068,0.002,0.001,7626.0,10395.0,1.0
02150,11.644,0.227,11.186,12.07,0.003,0.002,6399.0,9130.0,1.0
02170,11.781,0.139,11.504,12.049,0.002,0.001,7288.0,10435.0,1.0
02195,11.95,0.188,11.574,12.307,0.002,0.002,13945.0,11829.0,1.0
04003,11.279,0.112,11.057,11.502,0.001,0.001,11196.0,12516.0,1.0
04005,11.76,0.104,11.553,11.963,0.001,0.001,11203.0,12517.0,1.0
04007,11.48,0.094,11.29,11.659,0.001,0.001,14529.0,12990.0,1.0
04009,11.398,0.135,11.123,11.651,0.001,0.001,12456.0,11832.0,1.0
04012,11.281,0.169,10.941,11.603,0.001,0.001,14571.0,12093.0,1.0
04013,11.787,0.075,11.638,11.934,0.001,0.0,10555.0,12398.0,1.0
04015,11.41,0.101,11.213,11.607,0.001,0.001,11961.0,12075.0,1.0
04017,11.447,0.103,11.247,11.648,0.001,0.001,10782.0,12326.0,1.0
04019,11.613,0.078,11.463,11.767,0.001,0.001,11283.0,13055.0,1.0
04021,11.66,0.082,11.499,11.817,0.001,0.001,13705.0,12649.0,1.0
04023,11.114,0.131,10.865,11.376,0.001,0.001,10530.0,11458.0,1.0
04025,11.769,0.09,11.596,11.949,0.001,0.001,11458.0,12846.0,1.0
04027,11.378,0.094,11.198,11.564,0.001,0.001,13037.0,12271.0,1.0
05001,11.367,0.093,11.184,11.546,0.001,0.001,14791.0,11935.0,1.0
05005,11.591,0.071,11.454,11.733,0.001,0.001,16115.0,12370.0,1.0
05007,11.757,0.065,11.635,11.887,0.0,0.0,20668.0,12791.0,1.0
05009,11.45,0.078,11.292,11.597,0.001,0.001,19167.0,12140.0,1.0
05015,11.568,0.076,11.415,11.711,0.001,0.001,22595.0,13539.0,1.0
05017,11.354,0.119,11.112,11.576,0.001,0.001,10457.0,11669.0,1.0
05019,11.32,0.101,11.12,11.516,0.001,0.001,16315.0,11767.0,1.0
05021,10.952,0.153,10.65,11.246,0.001,0.001,15805.0,12368.0,1.0
05023,11.65,0.151,11.364,11.953,0.001,0.001,18629.0,12001.0,1.0
05027,11.395,0.113,11.161,11.607,0.001,0.001,19208.0,12206.0,1.0
05029,11.396,0.086,11.235,11.57,0.001,0.001,20961.0,12492.0,1.0
05031,11.475,0.068,11.348,11.612,0.0,0.001,23051.0,12137.0,1.0
05033,11.48,0.079,11.325,11.633,0.001,0.001,13283.0,11083.0,1.0
05035,11.425,0.076,11.279,11.577,0.001,0.001,9359.0,11683.0,1.0
05037,11.239,0.117,11.01,11.471,0.001,0.001,16675.0,12014.0,1.0
05041,11.158,0.083,11.005,11.331,0.001,0.001,10061.0,12084.0,1.0
05043,11.321,0.099,11.127,11.515,0.001,0.001,17275.0,11871.0,1.0
05045,11.686,0.065,11.554,11.811,0.001,0.0,15869.0,12724.0,1.0
05047,11.296,0.159,11.0,11.62,0.001,0.001,14436.0,11749.0,1.0
05051,11.526,0.066,11.402,11.66,0.001,0.0,16331.0,12698.0,1.0
05055,11.256,0.148,10.965,11.545,0.001,0.001,19837.0,12893.0,1.0
05057,11.177,0.153,10.876,11.47,0.001,0.001,16976.0,11580.0,1.0
05059,11.45,0.152,11.148,11.745,0.001,0.001,19075.0,12066.0,1.0
05067,11.011,0.12,10.774,11.238,0.001,0.001,13436.0,12144.0,1.0
05069,10.822,0.086,10.661,10.997,0.001,0.001,22003.0,12162.0,1.0
05071,11.337,0.12,11.114,11.583,0.001,0.001,15985.0,11204.0,1.0
05075,11.093,0.115,10.871,11.326,0.001,0.001,18632.0,12842.0,1.0
05077,11.085,0.112,10.869,11.311,0.001,0.001,10466.0,11147.0,1.0
05085,11.6,0.11,11.392,11.823,0.001,0.001,21502.0,11527.0,1.0
05087,11.468,0.151,11.177,11.764,0.001,0.001,17726.0,12310.0,1.0
05091,11.402,0.068,11.268,11.533,0.001,0.0,11777.0,12479.0,1.0
05093,10.936,0.082,10.779,11.104,0.001,0.001,24970.0,12179.0,1.0
05103,11.059,0.149,10.776,11.357,0.001,0.001,18376.0,12682.0,1.0
05107,10.859,0.125,10.614,11.1,0.001,0.001,12725.0,12798.0,1.0
05113,11.198,0.149,10.896,11.48,0.001,0.001,16925.0,12180.0,1.0
05115,11.462,0.084,11.296,11.624,0.001,0.001,22357.0,13236.0,1.0
05119,11.634,0.063,11.512,11.755,0.001,0.0,10722.0,12215.0,1.0
05121,11.27,0.151,10.969,11.56,0.001,0.001,17453.0,11904.0,1.0
05123,10.997,0.074,10.854,11.145,0.001,0.001,13117.0,12751.0,1.0
05125,11.65,0.113,11.426,11.867,0.001,0.001,21317.0,12526.0,1.0
05129,11.136,0.151,10.846,11.435,0.001,0.001,16107.0,12269.0,1.0
05131,11.561,0.063,11.442,11.687,0.0,0.001,20998.0,11958.0,1.0
05135,11.319,0.088,11.144,11.488,0.001,0.001,19471.0,12920.0,1.0
05139,11.243,0.094,11.061,11.43,0.001,0.001,22245.0,11749.0,1.0
05143,11.846,0.059,11.726,11.959,0.0,0.0,22949.0,12385.0,1.0
05145,11.457,0.079,11.303,11.61,0.001,0.001,21713.0,11643.0,1.0
05147,10.969,0.122,10.74,11.216,0.001,0.001,13680.0,11787.0,1.0
06001,12.623,0.051,12.521,12.721,0.0,0.0,17885.0,13648.0,1.0
06005,11.871,0.096,11.677,12.055,0.001,0.001,21046.0,12396.0,1.0
06007,11.79,0.057,11.683,11.903,0.0,0.0,18386.0,13149.0,1.0
06009,11.723,0.114,11.502,11.951,0.001,0.001,18857.0,12279.0,1.0
06011,11.332,0.089,11.165,11.512,0.001,0.001,17082.0,11956.0,1.0
06013,12.422,0.052,12.322,12.524,0.0,0.0,16254.0,13062.0,1.0
06015,11.618,0.09,11.445,11.795,0.001,0.001,19005.0,12714.0,1.0
06017,12.214,0.069,12.081,12.347,0.001,0.001,18118.0,12850.0,1.0
06019,11.566,0.054,11.461,11.674,0.0,0.0,15947.0,13241.0,1.0
06021,11.505,0.093,11.326,11.692,0.001,0.001,18434.0,12351.0,1.0
06023,12.108,0.054,12.003,12.215,0.0,0.0,23098.0,12423.0,1.0
06025,11.286,0.062,11.165,11.408,0.001,0.0,15133.0,13104.0,1.0
06029,11.426,0.053,11.321,11.527,0.0,0.0,16194.0,12735.0,1.0
06031,11.466,0.06,11.351,11.589,0.0,0.0,16157.0,12201.0,1.0
06033,11.436,0.077,11.281,11.585,0.001,0.001,16737.0,12507.0,1.0
06035,11.331,0.087,11.162,11.502,0.001,0.001,22395.0,12686.0,1.0
06037,12.45,0.047,12.356,12.541,0.0,0.0,19695.0,12692.0,1.0
06039,11.469,0.063,11.346,11.593,0.0,0.0,18512.0,12978.0,1.0
06041,12.974,0.054,12.87,13.082,0.0,0.0,22120.0,12353.0,1.0
06043,11.952,0.116,11.723,12.181,0.001,0.001,16909.0,13102.0,1.0
06045,12.238,0.059,12.123,12.353,0.0,0.0,20345.0,12547.0,1.0
06047,11.638,0.06,11.518,11.754,0.0,0.0,18698.0,12910.0,1.0
06049,11.298,0.153,11.003,11.603,0.001,0.001,19255.0,11921.0,1.0
06053,12.428,0.052,12.328,12.528,0.0,0.0,18619.0,12645.0,1.0
06055,12.514,0.06,12.396,12.631,0.0,0.0,16798.0,13199.0,1.0
06057,12.114,0.064,11.989,12.243,0.001,0.0,16144.0,12407.0,1.0
06059,12.654,0.047,12.562,12.743,0.0,0.0,20926.0,13290.0,1.0
06061,12.241,0.059,12.126,12.355,0.0,0.0,16456.0,12648.0,1.0
06063,11.874,0.115,11.651,12.101,0.001,0.001,19281.0,12592.0,1.0
06065,12.018,0.048,11.925,12.111,0.0,0.0,19374.0,13172.0,1.0
06067,11.851,0.057,11.743,11.965,0.0,0.0,14987.0,12793.0,1.0
06069,12.382,0.097,12.191,12.565,0.001,0.001,18863.0,12366.0,1.0
06071,11.94,0.044,11.853,12.024,0.0,0.0,23574.0,13095.0,1.0
06073,12.427,0.049,12.333,12.525,0.0,0.0,17434.0,13749.0,1.0
06075,12.857,0.06,12.739,12.977,0.001,0.0,13811.0,12928.0,1.0
06077,12.1,0.044,12.011,12.184,0.0,0.0,21855.0,13343.0,1.0
06079,12.477,0.049,12.381,12.576,0.0,0.0,20845.0,12179.0,1.0
06081,13.172,0.045,13.084,13.263,0.0,0.0,24834.0,13011.0,1.0
06083,12.54,0.051,12.439,12.639,0.0,0.0,19096.0,13383.0,1.0
06085,12.79,0.056,12.681,12.902,0.0,0.0,15091.0,13265.0,1.0
06087,12.638,0.054,12.53,12.74,0.0,0.0,19065.0,12180.0,1.0
06089,11.687,0.055,11.577,11.792,0.0,0.0,21496.0,13510.0,1.0
06091,11.495,0.157,11.199,11.819,0.001,0.001,14856.0,12523.0,1.0
06093,11.41,0.072,11.269,11.552,0.001,0.001,19582.0,12289.0,1.0
06095,12.12,0.054,12.018,12.227,0.0,0.0,18123.0,12694.0,1.0
06097,12.395,0.057,12.282,12.504,0.0,0.0,15962.0,12233.0,1.0
06099,11.877,0.049,11.777,11.973,0.0,0.0,24078.0,12246.0,1.0
06101,11.93,0.077,11.779,12.079,0.001,0.001,22363.0,12672.0,1.0
06103,11.383,0.117,11.162,11.619,0.001,0.001,18333.0,11631.0,1.0
06107,11.463,0.052,11.359,11.563,0.0,0.0,17544.0,12935.0,1.0
06109,11.803,0.154,11.509,12.114,0.001,0.001,14433.0,11613.0,1.0
06111,12.529,0.05,12.429,12.627,0.0,0.0,20851.0,12713.0,1.0
06113,12.032,0.063,11.904,12.149,0.001,0.0,15334.0,12731.0,1.0
06115,11.502,0.066,11.366,11.628,0.001,0.0,15994.0,12446.0,1.0
08001,11.433,0.076,11.287,11.585,0.001,0.001,13262.0,12815.0,1.0
08003,11.163,0.107,10.949,11.369,0.001,0.001,17347.0,12670.0,1.0
08005,11.649,0.066,11.521,11.781,0.001,0.0,15158.0,12308.0,1.0
08007,12.008,0.152,11.705,12.297,0.001,0.001,16353.0,11244.0,1.0
08013,11.879,0.072,11.735,12.017,0.001,0.001,12498.0,12787.0,1.0
08014,11.96,0.099,11.775,12.159,0.001,0.001,18503.0,12242.0,1.0
08015,11.832,0.128,11.592,12.091,0.001,0.001,13721.0,11841.0,1.0
08019,11.857,0.157,11.538,12.157,0.001,0.001,17733.0,11810.0,1.0
08021,10.978,0.155,10.682,11.289,0.001,0.001,17921.0,12008.0,1.0
08027,11.234,0.156,10.921,11.528,0.001,0.001,16982.0,12258.0,1.0
08029,11.601,0.12,11.37,11.834,0.001,0.001,24406.0,12149.0,1.0
08031,11.466,0.081,11.304,11.621,0.001,0.001,11624.0,11985.0,1.0
08035,12.072,0.075,11.924,12.222,0.001,0.001,18079.0,12471.0,1.0
08037,12.013,0.097,11.825,12.203,0.001,0.001,13417.0,12679.0,1.0
08041,11.635,0.06,11.518,11.75,0.0,0.0,16001.0,12990.0,1.0
08043,11.151,0.164,10.831,11.474,0.001,0.001,16686.0,12223.0,1.0
08045,11.668,0.09,11.492,11.846,0.001,0.001,17436.0,11868.0,1.0
08049,12.094,0.161,11.789,12.42,0.001,0.001,15593.0,12579.0,1.0
08051,12.043,0.118,11.814,12.276,0.001,0.001,20465.0,11857.0,1.0
08059,11.748,0.069,11.615,11.885,0.001,0.0,13185.0,12505.0,1.0
08065,11.175,0.158,10.865,11.485,0.001,0.001,16136.0,11675.0,1.0
08067,11.684,0.109,11.471,11.899,0.001,0.001,14063.0,11987.0,1.0
08069,11.605,0.072,11.465,11.746,0.001,0.0,12641.0,12074.0,1.0
08071,11.34,0.157,11.043,11.651,0.001,0.001,18433.0,12475.0,1.0
08075,10.997,0.157,10.696,11.309,0.001,0.001,16400.0,12359.0,1.0
08077,11.406,0.07,11.268,11.544,0.001,0.001,15747.0,12204.0,1.0
08083,11.269,0.098,11.076,11.463,0.001,0.001,13188.0,12582.0,1.0
08085,11.279,0.09,11.097,11.451,0.001,0.001,15826.0,12806.0,1.0
08087,11.135,0.157,10.837,11.449,0.001,0.001,15547.0,12380.0,1.0
08089,10.633,0.156,10.336,10.952,0.001,0.001,17910.0,12318.0,1.0
08091,12.16,0.159,11.858,12.479,0.001,0.001,19976.0,12459.0,1.0
08093,11.822,0.149,11.534,12.119,0.001,0.001,21005.0,12684.0,1.0
08097,12.622,0.13,12.364,12.878,0.001,0.001,15185.0,11697.0,1.0
08099,10.738,0.153,10.45,11.045,0.001,0.001,18714.0,12306.0,1.0
08101,10.981,0.069,10.849,11.12,0.001,0.0,14778.0,13209.0,1.0
08105,11.065,0.104,10.864,11.272,0.001,0.001,17935.0,13038.0,1.0
08107,12.027,0.129,11.777,12.281,0.001,0.001,16408.0,12371.0,1.0
08109,10.728,0.166,10.394,11.048,0.001,0.001,13930.0,12024.0,1.0
08117,12.101,0.107,11.879,12.301,0.001,0.001,13412.0,12238.0,1.0
08119,11.582,0.115,11.36,11.809,0.001,0.001,22119.0,11834.0,1.0
08123,11.729,0.061,11.607,11.844,0.0,0.0,18315.0,11889.0,1.0
09001,12.907,0.102,12.703,13.104,0.001,0.001,8814.0,11405.0,1.0
09003,12.313,0.117,12.083,12.543,0.001,0.001,7842.0,10999.0,1.0
09005,12.333,0.107,12.125,12.541,0.001,0.001,12591.0,12746.0,1.0
09007,12.413,0.126,12.165,12.659,0.001,0.001,23099.0,11999.0,1.0
09009,12.376,0.121,12.146,12.622,0.001,0.001,8175.0,11476.0,1.0
09011,12.389,0.137,12.123,12.665,0.002,0.001,8269.0,11007.0,1.0
09013,12.207,0.099,12.015,12.4,0.001,0.001,17989.0,13788.0,1.0
09015,12.15,0.12,11.919,12.387,0.001,0.001,15409.0,12354.0,1.0
10001,11.642,0.206,11.238,12.042,0.002,0.001,8866.0,10524.0,1.0
10003,11.873,0.155,11.578,12.183,0.002,0.001,8746.0,10907.0,1.0
10005,12.016,0.195,11.636,12.398,0.002,0.001,8755.0,10888.0,1.0
11001,11.514,0.199,11.129,11.911,0.002,0.002,12040.0,11086.0,1.0
12001,11.626,0.073,11.484,11.772,0.001,0.001,6496.0,10083.0,1.0
12005,11.73,0.082,11.571,11.894,0.001,0.001,7008.0,9473.0,1.0
12007,11.468,0.124,11.21,11.695,0.001,0.001,10390.0,10433.0,1.0
12009,11.711,0.069,11.574,11.846,0.001,0.0,8544.0,11811.0,1.0
12011,11.748,0.067,11.617,11.88,0.001,0.0,5952.0,9669.0,1.0
12015,11.53,0.095,11.347,11.713,0.001,0.001,6758.0,10283.0,1.0
12017,11.48,0.103,11.27,11.675,0.001,0.001,13636.0,11952.0,1.0
12019,11.814,0.093,11.628,11.993,0.001,0.001,11652.0,11392.0,1.0
12021,12.203,0.096,12.005,12.38,0.001,0.001,5799.0,9506.0,1.0
12023,11.293,0.111,11.073,11.506,0.001,0.001,9927.0,10378.0,1.0
12027,11.313,0.107,11.103,11.519,0.001,0.001,6239.0,9086.0,1.0
12031,11.495,0.083,11.333,11.655,0.001,0.001,4928.0,7692.0,1.0
12033,11.505,0.083,11.338,11.665,0.001,0.001,7983.0,10758.0,1.0
12035,11.762,0.093,11.574,11.94,0.001,0.001,10915.0,11744.0,1.0
12037,12.147,0.161,11.827,12.459,0.002,0.001,10817.0,11497.0,1.0
12039,11.411,0.106,11.202,11.617,0.001,0.001,9241.0,11143.0,1.0
12045,12.04,0.158,11.73,12.345,0.001,0.001,11398.0,11635.0,1.0
12049,11.156,0.132,10.889,11.406,0.001,0.001,8194.0,10155.0,1.0
12053,11.549,0.079,11.396,11.707,0.001,0.001,6178.0,10046.0,1.0
12055,11.307,0.093,11.131,11.493,0.001,0.001,7842.0,10469.0,1.0
12057,11.622,0.083,11.459,11.786,0.001,0.001,4766.0,8232.0,1.0
12061,11.707,0.108,11.496,11.921,0.001,0.001,5623.0,9779.0,1.0
12063,11.08,0.11,10.869,11.302,0.001,0.001,7005.0,10134.0,1.0
12065,11.463,0.16,11.146,11.769,0.001,0.001,12094.0,11245.0,1.0
12069,11.713,0.08,11.555,11.866,0.001,0.001,5690.0,9136.0,1.0
12071,11.717,0.075,11.573,11.866,0.001,0.001,6882.0,10058.0,1.0
12073,11.709,0.081,11.555,11.87,0.001,0.001,7452.0,10130.0,1.0
12075,11.687,0.124,11.446,11.93,0.001,0.001,12648.0,11741.0,1.0
12079,11.562,0.158,11.249,11.865,0.002,0.001,10456.0,11568.0,1.0
12081,11.848,0.085,11.682,12.012,0.001,0.001,6116.0,10051.0,1.0
12083,11.519,0.073,11.378,11.663,0.001,0.001,8537.0,10329.0,1.0
12085,11.707,0.156,11.397,12.013,0.001,0.001,13675.0,12427.0,1.0
12086,11.923,0.082,11.764,12.085,0.001,0.001,4895.0,8495.0,1.0
12087,12.635,0.104,12.438,12.847,0.001,0.001,6003.0,8995.0,1.0
12089,11.942,0.097,11.755,12.133,0.001,0.001,9597.0,10676.0,1.0
12091,11.887,0.098,11.693,12.076,0.001,0.001,16472.0,11188.0,1.0
12093,11.413,0.161,11.098,11.727,0.001,0.001,13348.0,11176.0,1.0
12095,11.668,0.097,11.481,11.863,0.001,0.001,4591.0,7473.0,1.0
12097,11.535,0.099,11.341,11.727,0.001,0.001,4883.0,8586.0,1.0
12099,11.856,0.069,11.72,11.994,0.001,0.0,6126.0,10305.0,1.0
12101,11.544,0.069,11.409,11.678,0.001,0.001,7639.0,9923.0,1.0
12103,11.734,0.059,11.62,11.85,0.001,0.0,7580.0,11963.0,1.0
12105,11.542,0.061,11.423,11.664,0.001,0.0,6882.0,10537.0,1.0
12107,11.18,0.16,10.881,11.504,0.001,0.001,12384.0,12002.0,1.0
12109,12.061,0.09,11.889,12.241,0.001,0.001,9383.0,11204.0,1.0
12111,11.575,0.086,11.401,11.742,0.001,0.001,6384.0,9386.0,1.0
12113,11.858,0.115,11.627,12.075,0.001,0.001,16423.0,11529.0,1.0
12115,11.921,0.064,11.794,12.044,0.001,0.0,11588.0,12161.0,1.0
12117,11.759,0.085,11.59,11.925,0.001,0.001,5243.0,8255.0,1.0
12119,11.795,0.155,11.485,12.101,0.001,0.001,17754.0,11837.0,1.0
12121,11.338,0.123,11.096,11.58,0.001,0.001,10252.0,10125.0,1.0
12123,11.175,0.128,10.917,11.417,0.001,0.001,9914.0,10826.0,1.0
12127,11.507,0.077,11.359,11.66,0.001,0.001,5820.0,9142.0,1.0
12129,11.835,0.152,11.546,12.138,0.001,0.001,15373.0,13020.0,1.0
12131,11.972,0.119,11.749,12.211,0.001,0.001,14105.0,12316.0,1.0
13003,11.018,0.156,10.719,11.322,0.001,0.001,14189.0,11867.0,1.0
13005,10.983,0.148,10.691,11.272,0.001,0.001,19574.0,12765.0,1.0
13009,11.374,0.09,11.203,11.555,0.001,0.001,9524.0,11010.0,1.0
13011,11.474,0.15,11.182,11.771,0.001,0.001,14880.0,11639.0,1.0
13013,11.468,0.067,11.331,11.594,0.001,0.001,12731.0,11614.0,1.0
13015,11.58,0.076,11.435,11.731,0.001,0.001,16013.0,11950.0,1.0
13017,10.879,0.1,10.679,11.07,0.001,0.001,11155.0,11257.0,1.0
13019,11.293,0.149,11.009,11.585,0.001,0.001,18351.0,12439.0,1.0
13021,11.088,0.058,10.971,11.199,0.001,0.0,6342.0,9061.0,1.0
13023,11.089,0.101,10.897,11.292,0.001,0.001,10786.0,10976.0,1.0
13027,11.23,0.115,11.01,11.455,0.001,0.001,15472.0,11659.0,1.0
13029,11.836,0.086,11.667,12.003,0.001,0.001,12493.0,11751.0,1.0
13031,11.35,0.09,11.181,11.531,0.001,0.001,10577.0,10531.0,1.0
13033,10.945,0.084,10.779,11.108,0.001,0.001,6675.0,9762.0,1.0
13035,11.204,0.117,10.975,11.432,0.001,0.001,12853.0,12188.0,1.0
13037,10.785,0.157,10.479,11.093,0.001,0.001,11276.0,11765.0,1.0
13039,11.464,0.075,11.312,11.61,0.001,0.001,6002.0,9744.0,1.0
13043,10.996,0.116,10.765,11.219,0.001,0.001,14840.0,11366.0,1.0
13045,11.243,0.072,11.107,11.39,0.001,0.001,11755.0,11302.0,1.0
13047,11.521,0.073,11.371,11.658,0.001,0.001,10393.0,11207.0,1.0
13049,11.086,0.152,10.783,11.375,0.001,0.001,13733.0,11881.0,1.0
13051,11.676,0.051,11.573,11.773,0.001,0.0,6733.0,9869.0,1.0
13055,11.01,0.091,10.826,11.18,0.001,0.001,9082.0,11047.0,1.0
13057,11.939,0.077,11.789,12.09,0.001,0.001,12195.0,11258.0,1.0
13059,11.534,0.068,11.408,11.673,0.001,0.0,9004.0,10915.0,1.0
13063,11.404,0.074,11.252,11.543,0.001,0.001,7374.0,9414.0,1.0
13067,11.914,0.05,11.816,12.01,0.001,0.0,9309.0,11971.0,1.0
13069,11.182,0.098,10.987,11.367,0.001,0.001,12834.0,11965.0,1.0
13071,11.129,0.078,10.981,11.285,0.001,0.001,8756.0,11072.0,1.0
13073,11.736,0.109,11.523,11.95,0.001,0.001,18068.0,12013.0,1.0
13075,11.192,0.147,10.908,11.48,0.001,0.001,17772.0,12157.0,1.0
13077,11.86,0.056,11.751,11.971,0.001,0.0,11342.0,11047.0,1.0
13079,11.332,0.156,11.026,11.637,0.001,0.001,11058.0,10569.0,1.0
13081,10.85,0.084,10.679,11.01,0.001,0.001,6276.0,9052.0,1.0
13083,11.298,0.116,11.069,11.526,0.001,0.001,13611.0,11528.0,1.0
13085,11.823,0.098,11.636,12.022,0.001,0.001,13888.0,12201.0,1.0
13087,11.356,0.071,11.215,11.492,0.001,0.001,11029.0,11725.0,1.0
13089,11.683,0.054,11.58,11.789,0.001,0.0,5498.0,9511.0,1.0
13091,11.182,0.111,10.953,11.389,0.001,0.001,16578.0,13121.0,1.0
13093,10.855,0.101,10.655,11.052,0.001,0.001,8965.0,11250.0,1.0
13095,10.914,0.062,10.793,11.036,0.001,0.0,6957.0,9791.0,1.0
13097,11.481,0.113,11.257,11.698,0.001,0.001,14762.0,12368.0,1.0
13099,11.083,0.108,10.866,11.29,0.001,0.001,17062.0,12629.0,1.0
13103,11.654,0.069,11.516,11.786,0.001,0.001,10749.0,10677.0,1.0
13105,11.031,0.113,10.815,11.257,0.001,0.001,15397.0,12166.0,1.0
13107,10.945,0.115,10.719,11.17,0.001,0.001,13325.0,11985.0,1.0
13109,11.359,0.111,11.149,11.581,0.001,0.001,18702.0,12605.0,1.0
13111,11.918,0.103,11.714,12.115,0.001,0.001,9494.0,11206.0,1.0
13113,12.048,0.111,11.831,12.265,0.001,0.001,19835.0,12358.0,1.0
13115,11.245,0.065,11.117,11.373,0.001,0.0,6582.0,10185.0,1.0
13117,12.079,0.111,11.859,12.297,0.001,0.001,17094.0,12628.0,1.0
13119,11.212,0.153,10.908,11.507,0.001,0.001,17639.0,12563.0,1.0
13121,11.846,0.064,11.72,11.971,0.001,0.001,4388.0,8122.0,1.0
13123,11.359,0.152,11.062,11.657,0.001,0.001,13932.0,11946.0,1.0
13127,11.781,0.082,11.616,11.937,0.001,0.001,9067.0,10710.0,1.0
13129,11.325,0.097,11.136,11.516,0.001,0.001,11632.0,12337.0,1.0
13133,12.216,0.118,11.987,12.445,0.001,0.001,10850.0,11015.0,1.0
13135,11.907,0.054,11.801,12.013,0.001,0.0,8948.0,11084.0,1.0
13137,11.509,0.11,11.291,11.725,0.001,0.001,19474.0,12269.0,1.0
13139,11.847,0.063,11.721,11.972,0.001,0.0,7716.0,10807.0,1.0
13143,11.141,0.111,10.927,11.361,0.001,0.001,16645.0,11526.0,1.0
13145,11.817,0.146,11.529,12.103,0.001,0.001,15797.0,12361.0,1.0
13147,11.678,0.096,11.491,11.868,0.001,0.001,14099.0,11875.0,1.0
13151,11.65,0.06,11.53,11.767,0.001,0.0,12579.0,11756.0,1.0
13153,11.448,0.055,11.343,11.558,0.001,0.0,9357.0,10827.0,1.0
13155,11.052,0.153,10.76,11.354,0.001,0.001,16318.0,12737.0,1.0
13157,11.879,0.062,11.752,11.996,0.0,0.001,24550.0,11283.0,1.0
13161,11.078,0.109,10.862,11.288,0.001,0.001,19122.0,12314.0,1.0
13163,10.864,0.151,10.555,11.146,0.001,0.001,12455.0,10991.0,1.0
13165,10.817,0.121,10.574,11.049,0.001,0.001,9164.0,11052.0,1.0
13167,10.806,0.098,10.613,10.995,0.001,0.001,12083.0,11059.0,1.0
13169,11.567,0.092,11.388,11.745,0.001,0.001,17758.0,12066.0,1.0
13171,11.131,0.112,10.912,11.353,0.001,0.001,18627.0,11811.0,1.0
13173,11.101,0.153,10.801,11.397,0.001,0.001,12824.0,12111.0,1.0
13175,11.333,0.095,11.14,11.514,0.001,0.001,14858.0,12269.0,1.0
13177,11.655,0.091,11.473,11.831,0.001,0.001,18981.0,11941.0,1.0
13179,11.417,0.074,11.274,11.568,0.001,0.001,16088.0,13176.0,1.0
13183,11.496,0.154,11.194,11.793,0.001,0.001,15238.0,11692.0,1.0
13185,11.354,0.068,11.225,11.491,0.001,0.001,6073.0,9962.0,1.0
13187,11.64,0.113,11.425,11.865,0.001,0.001,15807.0,12518.0,1.0
13189,11.236,0.085,11.069,11.4,0.001,0.001,15488.0,10873.0,1.0
13191,11.336,0.102,11.132,11.532,0.001,0.001,10180.0,10903.0,1.0
13197,11.355,0.146,11.075,11.649,0.001,0.001,17027.0,11804.0,1.0
13199,10.995,0.097,10.806,11.187,0.001,0.001,11879.0,11702.0,1.0
13205,10.98,0.088,10.81,11.151,0.001,0.001,9520.0,11674.0,1.0
13207,11.769,0.083,11.61,11.937,0.001,0.001,14929.0,12352.0,1.0
13209,11.189,0.151,10.906,11.498,0.001,0.001,12806.0,11605.0,1.0
13211,11.894,0.102,11.698,12.092,0.001,0.001,10603.0,11641.0,1.0
13213,11.35,0.112,11.138,11.576,0.001,0.001,15432.0,12167.0,1.0
13215,11.264,0.063,11.144,11.39,0.001,0.0,5416.0,8585.0,1.0
13217,11.254,0.073,11.109,11.396,0.001,0.001,8417.0,11505.0,1.0
13219,11.947,0.149,11.654,12.241,0.001,0.001,17765.0,12176.0,1.0
13221,11.462,0.114,11.236,11.682,0.001,0.001,13763.0,11527.0,1.0
13223,11.894,0.147,11.618,12.194,0.001,0.001,17858.0,12005.0,1.0
13225,11.379,0.073,11.233,11.517,0.001,0.001,7605.0,10884.0,1.0
13227,11.526,0.119,11.304,11.767,0.001,0.001,11960.0,11963.0,1.0
13229,11.059,0.153,10.755,11.358,0.001,0.001,15907.0,12092.0,1.0
13231,11.599,0.149,11.317,11.896,0.001,0.001,20330.0,12430.0,1.0
13233,10.834,0.084,10.675,11.001,0.001,0.001,9205.0,11050.0,1.0
13235,11.097,0.097,10.91,11.287,0.001,0.001,13282.0,11339.0,1.0
13237,11.941,0.11,11.724,12.152,0.001,0.001,16999.0,12330.0,1.0
13241,11.792,0.15,11.506,12.093,0.001,0.001,18322.0,11796.0,1.0
13243,10.711,0.111,10.492,10.921,0.001,0.001,22501.0,12492.0,1.0
13245,11.147,0.078,11.001,11.303,0.001,0.001,8054.0,9135.0,1.0
13247,11.708,0.112,11.49,11.928,0.001,0.001,15733.0,12407.0,1.0
13249,11.054,0.153,10.754,11.358,0.001,0.001,13145.0,12036.0,1.0
13251,10.999,0.15,10.706,11.288,0.001,0.001,17706.0,12023.0,1.0
13253,10.976,0.118,10.752,11.211,0.001,0.001,11396.0,11493.0,1.0
13255,11.253,0.09,11.077,11.433,0.001,0.001,9315.0,10942.0,1.0
13257,11.047,0.095,10.856,11.227,0.001,0.001,13598.0,11313.0,1.0
13261,10.935,0.083,10.774,11.097,0.001,0.001,6113.0,9526.0,1.0
13263,11.128,0.15,10.838,11.424,0.001,0.001,13074.0,12015.0,1.0
13267,11.107,0.147,10.825,11.397,0.001,0.001,16799.0,12512.0,1.0
13269,11.16,0.147,10.877,11.449,0.001,0.001,16176.0,11706.0,1.0
13271,10.857,0.115,10.627,11.078,0.001,0.001,14257.0,12332.0,1.0
13273,10.906,0.112,10.685,11.124,0.001,0.001,16962.0,13115.0,1.0
13275,11.412,0.074,11.273,11.56,0.001,0.001,17329.0,12567.0,1.0
13277,11.37,0.074,11.226,11.516,0.001,0.001,6213.0,9960.0,1.0
13279,11.062,0.075,10.916,11.208,0.001,0.001,17172.0,12133.0,1.0
13281,11.632,0.12,11.408,11.876,0.001,0.001,10867.0,11426.0,1.0
13283,11.297,0.149,10.996,11.581,0.001,0.001,18298.0,11814.0,1.0
13285,11.238,0.059,11.123,11.354,0.001,0.0,7036.0,10750.0,1.0
13287,10.992,0.099,10.799,11.184,0.001,0.001,11942.0,11689.0,1.0
13291,11.688,0.115,11.459,11.911,0.001,0.001,12296.0,11194.0,1.0
13293,10.984,0.094,10.801,11.171,0.001,0.001,17697.0,11662.0,1.0
13295,11.356,0.061,11.237,11.477,0.001,0.0,10847.0,11892.0,1.0
13297,11.801,0.079,11.638,11.95,0.001,0.001,11071.0,11288.0,1.0
13299,10.88,0.071,10.735,11.015,0.001,0.001,9468.0,11074.0,1.0
13301,10.939,0.159,10.62,11.243,0.001,0.001,11808.0,12148.0,1.0
13303,11.121,0.092,10.943,11.3,0.001,0.001,8485.0,10713.0,1.0
13305,11.194,0.115,10.96,11.411,0.001,0.001,12866.0,11536.0,1.0
13309,10.818,0.114,10.597,11.044,0.001,0.001,11975.0,11439.0,1.0
13311,11.429,0.152,11.136,11.73,0.001,0.001,17025.0,12223.0,1.0
13313,11.281,0.112,11.059,11.497,0.001,0.001,17391.0,11693.0,1.0
13315,10.814,0.154,10.519,11.123,0.001,0.001,11995.0,11657.0,1.0
13317,10.854,0.155,10.557,11.163,0.001,0.001,10706.0,11768.0,1.0
13319,11.083,0.148,10.788,11.369,0.001,0.001,16588.0,12582.0,1.0
13321,11.277,0.116,11.048,11.503,0.001,0.001,16595.0,12099.0,1.0
15001,11.774,0.143,11.495,12.057,0.001,0.001,13571.0,12505.0,1.0
15003,12.216,0.108,12.01,12.432,0.001,0.001,11950.0,11718.0,1.0
15007,12.263,0.1,12.063,12.455,0.001,0.001,13448.0,13813.0,1.0
15009,12.308,0.116,12.074,12.527,0.001,0.001,12542.0,12903.0,1.0
16001,11.516,0.125,11.281,11.768,0.002,0.001,5217.0,9563.0,1.0
16005,11.354,0.179,11.019,11.714,0.002,0.001,10351.0,11483.0,1.0
16007,11.169,0.205,10.774,11.566,0.002,0.001,7174.0,10583.0,1.0
16009,11.271,0.188,10.912,11.645,0.002,0.001,9206.0,12125.0,1.0
16013,11.689,0.22,11.268,12.121,0.003,0.002,5053.0,8031.0,1.0
16017,11.489,0.17,11.147,11.809,0.002,0.001,5195.0,8992.0,1.0
16019,11.338,0.134,11.068,11.594,0.002,0.001,5444.0,10308.0,1.0
16027,11.158,0.141,10.888,11.434,0.002,0.001,5019.0,9167.0,1.0
16031,11.227,0.159,10.923,11.542,0.002,0.001,6463.0,10175.0,1.0
16045,11.197,0.218,10.777,11.625,0.003,0.002,6088.0,9603.0,1.0
16047,11.158,0.148,10.863,11.439,0.001,0.001,11088.0,10913.0,1.0
16053,10.929,0.212,10.531,11.362,0.003,0.002,4979.0,8668.0,1.0
16055,11.326,0.177,10.98,11.671,0.003,0.001,4606.0,8410.0,1.0
16057,11.413,0.19,11.053,11.799,0.003,0.001,5593.0,9407.0,1.0
16065,11.179,0.176,10.831,11.52,0.002,0.001,5658.0,9395.0,1.0
16067,11.225,0.137,10.949,11.486,0.001,0.001,8575.0,11387.0,1.0
16069,11.166,0.172,10.843,11.513,0.002,0.001,5046.0,8340.0,1.0
16075,10.907,0.186,10.543,11.275,0.003,0.001,4855.0,8537.0,1.0
16081,12.202,0.219,11.774,12.633,0.003,0.002,6370.0,10199.0,1.0
16083,11.192,0.161,10.881,11.513,0.002,0.001,4993.0,8597.0,1.0
16085,11.465,0.178,11.117,11.809,0.002,0.001,5756.0,9323.0,1.0
16087,11.009,0.211,10.603,11.435,0.002,0.002,7634.0,10355.0,1.0
17001,11.756,0.137,11.497,12.033,0.001,0.001,8878.0,10854.0,1.0
17011,11.412,0.128,11.156,11.656,0.001,0.001,10710.0,11776.0,1.0
17017,11.245,0.165,10.919,11.565,0.002,0.001,12081.0,11446.0,1.0
17019,11.856,0.089,11.684,12.035,0.001,0.001,7543.0,10678.0,1.0
17021,11.369,0.131,11.12,11.63,0.001,0.001,10299.0,11593.0,1.0
17023,11.424,0.156,11.104,11.722,0.001,0.001,16779.0,12798.0,1.0
17027,11.727,0.153,11.423,12.02,0.001,0.001,17342.0,12532.0,1.0
17029,11.521,0.174,11.179,11.863,0.002,0.001,10884.0,10657.0,1.0
17031,12.333,0.093,12.154,12.519,0.001,0.001,5742.0,9122.0,1.0
17037,11.944,0.167,11.631,12.284,0.002,0.001,9721.0,11010.0,1.0
17041,11.514,0.142,11.232,11.789,0.002,0.001,8393.0,11038.0,1.0
17043,12.491,0.063,12.366,12.612,0.001,0.0,14277.0,12578.0,1.0
17049,11.749,0.157,11.427,12.045,0.001,0.001,16854.0,12116.0,1.0
17057,11.279,0.155,10.981,11.586,0.001,0.001,16019.0,11956.0,1.0
17061,11.653,0.172,11.321,11.993,0.002,0.001,10097.0,11509.0,1.0
17063,12.081,0.159,11.775,12.396,0.001,0.001,12503.0,11354.0,1.0
17065,11.878,0.146,11.585,12.154,0.002,0.001,7913.0,10465.0,1.0
17073,11.57,0.124,11.326,11.808,0.001,0.001,12795.0,12038.0,1.0
17077,11.655,0.174,11.33,12.006,0.002,0.001,8728.0,11381.0,1.0
17089,12.176,0.073,12.031,12.318,0.001,0.001,9056.0,10162.0,1.0
17093,12.109,0.091,11.932,12.288,0.001,0.001,15997.0,11647.0,1.0
17095,11.338,0.132,11.076,11.593,0.002,0.001,7217.0,10061.0,1.0
17097,12.366,0.078,12.217,12.521,0.001,0.001,7443.0,10517.0,1.0
17099,11.578,0.118,11.351,11.817,0.001,0.001,8890.0,11006.0,1.0
17103,11.742,0.14,11.456,12.005,0.002,0.001,8423.0,10366.0,1.0
17105,11.495,0.16,11.174,11.802,0.001,0.001,12690.0,12104.0,1.0
17107,11.473,0.158,11.176,11.796,0.001,0.001,11815.0,11211.0,1.0
17109,11.462,0.121,11.219,11.692,0.001,0.001,8627.0,10496.0,1.0
17111,11.995,0.084,11.83,12.16,0.001,0.001,26414.0,12091.0,1.0
17113,12.058,0.104,11.847,12.256,0.001,0.001,7373.0,9928.0,1.0
17115,11.343,0.092,11.163,11.524,0.001,0.001,9015.0,10199.0,1.0
17119,11.646,0.073,11.501,11.788,0.001,0.001,7984.0,10722.0,1.0
17123,11.387,0.162,11.079,11.711,0.001,0.001,11972.0,12267.0,1.0
17125,11.386,0.165,11.073,11.714,0.001,0.001,12442.0,11994.0,1.0
17131,11.735,0.164,11.419,12.057,0.001,0.001,12544.0,11432.0,1.0
17133,11.991,0.161,11.665,12.296,0.001,0.001,12761.0,11049.0,1.0
17135,11.658,0.108,11.442,11.862,0.001,0.001,8952.0,10992.0,1.0
17137,11.581,0.135,11.309,11.838,0.002,0.001,7168.0,9811.0,1.0
17139,11.499,0.168,11.168,11.813,0.002,0.001,10088.0,10958.0,1.0
17141,11.825,0.157,11.52,12.133,0.001,0.001,14734.0,12937.0,1.0
17143,11.615,0.107,11.407,11.829,0.001,0.001,7846.0,10771.0,1.0
17145,11.696,0.162,11.372,12.003,0.001,0.001,14381.0,10522.0,1.0
17157,11.555,0.126,11.304,11.797,0.001,0.001,12218.0,12180.0,1.0
17161,11.662,0.123,11.418,11.902,0.002,0.001,6526.0,9454.0,1.0
17163,11.723,0.083,11.559,11.884,0.001,0.001,10430.0,11414.0,1.0
17167,11.757,0.114,11.537,11.981,0.001,0.001,7731.0,10080.0,1.0
17171,11.74,0.16,11.426,12.047,0.001,0.001,12365.0,12076.0,1.0
17177,11.235,0.114,11.018,11.466,0.001,0.001,9851.0,12076.0,1.0
17179,11.65,0.155,11.344,11.955,0.001,0.001,14546.0,12401.0,1.0
17183,11.139,0.127,10.889,11.383,0.001,0.001,10755.0,11461.0,1.0
17187,11.305,0.128,11.055,11.553,0.001,0.001,12446.0,11929.0,1.0
17195,11.584,0.138,11.318,11.856,0.001,0.001,10100.0,11388.0,1.0
17197,12.282,0.072,12.142,12.425,0.001,0.001,10221.0,11927.0,1.0
17199,11.557,0.103,11.351,11.756,0.001,0.001,9727.0,11087.0,1.0
17201,11.49,0.078,11.335,11.639,0.001,0.001,10219.0,11841.0,1.0
18001,11.035,0.105,10.829,11.239,0.001,0.001,12533.0,12255.0,1.0
18003,11.08,0.067,10.953,11.214,0.001,0.0,10604.0,12383.0,1.0
18005,11.318,0.076,11.173,11.468,0.001,0.001,14185.0,12404.0,1.0
18009,10.514,0.16,10.207,10.83,0.001,0.001,14535.0,12623.0,1.0
18011,11.784,0.093,11.603,11.966,0.001,0.001,15055.0,11611.0,1.0
18013,11.268,0.163,10.946,11.58,0.001,0.001,12292.0,11893.0,1.0
18015,11.15,0.115,10.919,11.369,0.001,0.001,20577.0,12757.0,1.0
18017,10.712,0.108,10.501,10.924,0.001,0.001,14527.0,12400.0,1.0
18019,11.426,0.079,11.27,11.578,0.001,0.001,20819.0,12863.0,1.0
18021,10.911,0.154,10.619,11.217,0.001,0.001,15781.0,12681.0,1.0
18023,11.099,0.153,10.796,11.391,0.001,0.001,18881.0,13079.0,1.0
18027,11.078,0.123,10.831,11.313,0.001,0.001,12929.0,11950.0,1.0
18029,11.255,0.106,11.043,11.459,0.001,0.001,14806.0,12728.0,1.0
18031,11.041,0.161,10.728,11.352,0.001,0.001,15288.0,11761.0,1.0
18033,11.109,0.157,10.793,11.408,0.001,0.001,14869.0,11146.0,1.0
18035,10.749,0.078,10.594,10.899,0.001,0.001,13027.0,12616.0,1.0
18037,11.31,0.085,11.147,11.48,0.001,0.001,16627.0,12377.0,1.0
18039,11.154,0.074,11.011,11.303,0.001,0.001,12585.0,12561.0,1.0
18041,10.621,0.155,10.312,10.925,0.001,0.001,15304.0,12071.0,1.0
18043,11.478,0.105,11.278,11.69,0.001,0.001,15343.0,12375.0,1.0
18047,11.437,0.153,11.149,11.745,0.001,0.001,18307.0,12357.0,1.0
18049,11.12,0.161,10.802,11.437,0.001,0.001,14962.0,11538.0,1.0
18051,11.027,0.114,10.806,11.253,0.001,0.001,20147.0,13014.0,1.0
18053,10.915,0.07,10.775,11.05,0.0,0.001,21549.0,12112.0,1.0
18055,10.861,0.12,10.633,11.103,0.001,0.001,15580.0,12082.0,1.0
18057,11.838,0.067,11.709,11.971,0.001,0.0,15145.0,12366.0,1.0
18059,11.494,0.079,11.344,11.653,0.001,0.001,16169.0,11448.0,1.0
18061,11.25,0.12,11.019,11.49,0.001,0.001,14925.0,12467.0,1.0
18063,11.437,0.081,11.282,11.597,0.001,0.001,14715.0,11813.0,1.0
18065,10.697,0.108,10.49,10.909,0.001,0.001,13230.0,11775.0,1.0
18067,10.888,0.081,10.732,11.047,0.001,0.001,12923.0,11797.0,1.0
18069,10.829,0.109,10.626,11.051,0.001,0.001,14307.0,12108.0,1.0
18071,11.159,0.09,10.988,11.341,0.001,0.001,12046.0,11669.0,1.0
18073,11.246,0.156,10.948,11.555,0.001,0.001,17289.0,12362.0,1.0
18077,11.26,0.15,10.966,11.558,0.001,0.001,16148.0,12453.0,1.0
18081,11.415,0.068,11.287,11.55,0.001,0.001,15599.0,11743.0,1.0
18083,10.718,0.122,10.483,10.96,0.001,0.001,15345.0,12632.0,1.0
18085,11.324,0.083,11.159,11.482,0.001,0.001,13848.0,12681.0,1.0
18087,11.751,0.151,11.461,12.051,0.001,0.001,19442.0,12174.0,1.0
18089,11.214,0.065,11.091,11.345,0.001,0.0,12003.0,12390.0,1.0
18091,11.128,0.108,10.915,11.338,0.001,0.001,13714.0,12329.0,1.0
18093,10.963,0.114,10.745,11.19,0.001,0.001,20193.0,12382.0,1.0
18095,10.771,0.079,10.614,10.924,0.001,0.001,11990.0,11479.0,1.0
18097,10.93,0.073,10.785,11.071,0.001,0.001,9585.0,11473.0,1.0
18099,11.404,0.156,11.106,11.714,0.001,0.001,18556.0,11959.0,1.0
18103,10.679,0.152,10.373,10.968,0.001,0.001,17605.0,12201.0,1.0
18105,11.428,0.077,11.279,11.577,0.001,0.001,10858.0,11633.0,1.0
18107,11.114,0.151,10.814,11.404,0.001,0.001,15207.0,12053.0,1.0
18109,11.508,0.148,11.214,11.792,0.001,0.001,19344.0,12478.0,1.0
18113,11.119,0.099,10.927,11.318,0.001,0.001,12405.0,11309.0,1.0
18117,10.798,0.156,10.498,11.109,0.001,0.001,16479.0,12402.0,1.0
18121,11.151,0.159,10.837,11.461,0.001,0.001,15395.0,11819.0,1.0
18123,10.895,0.155,10.586,11.189,0.001,0.001,14518.0,12288.0,1.0
18127,11.581,0.092,11.402,11.764,0.001,0.001,15772.0,11435.0,1.0
18129,11.196,0.154,10.892,11.49,0.001,0.001,17790.0,12306.0,1.0
18133,11.234,0.114,11.005,11.455,0.001,0.001,21511.0,12174.0,1.0
18135,10.879,0.161,10.57,11.195,0.001,0.001,16032.0,12805.0,1.0
18137,11.205,0.122,10.966,11.438,0.001,0.001,15954.0,11928.0,1.0
18139,11.046,0.157,10.743,11.354,0.001,0.001,14511.0,12243.0,1.0
18141,11.065,0.067,10.928,11.192,0.001,0.001,13907.0,12406.0,1.0
18145,11.013,0.1,10.823,11.213,0.001,0.001,11631.0,11323.0,1.0
18149,11.096,0.151,10.798,11.387,0.001,0.001,19945.0,12148.0,1.0
18151,11.436,0.118,11.2,11.665,0.001,0.001,15433.0,12249.0,1.0
18153,10.87,0.154,10.571,11.177,0.001,0.001,15884.0,12068.0,1.0
18157,11.402,0.064,11.275,11.526,0.0,0.0,17835.0,12731.0,1.0
18159,11.252,0.154,10.946,11.547,0.001,0.001,15755.0,11738.0,1.0
18163,10.964,0.07,10.827,11.102,0.001,0.0,11082.0,11798.0,1.0
18165,10.654,0.159,10.354,10.976,0.001,0.001,16704.0,11420.0,1.0
18167,10.883,0.077,10.735,11.037,0.001,0.001,13536.0,12327.0,1.0
18169,11.083,0.151,10.793,11.383,0.001,0.001,20681.0,12186.0,1.0
18173,11.522,0.1,11.323,11.715,0.001,0.001,16829.0,12486.0,1.0
18177,10.832,0.103,10.633,11.034,0.001,0.001,15304.0,11450.0,1.0
18181,11.205,0.159,10.898,11.525,0.001,0.001,12982.0,12013.0,1.0
18183,11.282,0.093,11.1,11.463,0.001,0.001,15058.0,11937.0,1.0
19007,10.952,0.161,10.649,11.275,0.001,0.001,16043.0,11691.0,1.0
19013,11.258,0.093,11.079,11.442,0.001,0.001,9612.0,11045.0,1.0
19015,11.225,0.167,10.896,11.554,0.001,0.001,13474.0,11960.0,1.0
19017,11.562,0.156,11.27,11.882,0.001,0.001,19707.0,12912.0,1.0
19021,11.115,0.113,10.894,11.339,0.001,0.001,12750.0,12221.0,1.0
19027,11.22,0.16,10.897,11.519,0.001,0.001,12874.0,12131.0,1.0
19029,11.077,0.16,10.767,11.39,0.001,0.001,14901.0,12250.0,1.0
19033,11.087,0.141,10.811,11.36,0.001,0.001,9644.0,10444.0,1.0
19041,11.239,0.113,11.021,11.46,0.001,0.001,9389.0,11992.0,1.0
19045,11.174,0.113,10.959,11.397,0.001,0.001,11601.0,11102.0,1.0
19047,11.095,0.157,10.785,11.4,0.001,0.001,17282.0,12497.0,1.0
19049,11.793,0.112,11.568,12.008,0.001,0.001,7799.0,10943.0,1.0
19057,10.948,0.136,10.686,11.215,0.001,0.001,11365.0,11235.0,1.0
19059,11.725,0.163,11.405,12.041,0.001,0.001,14281.0,11412.0,1.0
19061,11.522,0.1,11.331,11.719,0.001,0.001,9186.0,11465.0,1.0
19085,11.306,0.119,11.076,11.543,0.001,0.001,17785.0,12503.0,1.0
19087,11.149,0.16,10.829,11.453,0.001,0.001,16150.0,12533.0,1.0
19099,11.205,0.124,10.966,11.448,0.001,0.001,7850.0,10480.0,1.0
19101,11.287,0.137,11.02,11.558,0.001,0.001,10867.0,11772.0,1.0
19103,11.755,0.085,11.586,11.918,0.001,0.001,10452.0,11900.0,1.0
19111,10.846,0.137,10.581,11.119,0.001,0.001,10090.0,11273.0,1.0
19113,11.493,0.084,11.332,11.658,0.001,0.001,7300.0,11052.0,1.0
19115,11.087,0.123,10.852,11.33,0.001,0.001,15755.0,11937.0,1.0
19123,11.057,0.138,10.79,11.332,0.001,0.001,9515.0,10800.0,1.0
19125,11.453,0.11,11.227,11.66,0.001,0.001,12300.0,12349.0,1.0
19127,11.153,0.123,10.914,11.397,0.001,0.001,9799.0,11097.0,1.0
19139,11.306,0.127,11.057,11.552,0.001,0.001,8793.0,10998.0,1.0
19141,11.094,0.158,10.779,11.401,0.001,0.001,17101.0,11484.0,1.0
19149,11.477,0.158,11.178,11.792,0.001,0.001,17299.0,12479.0,1.0
19153,11.565,0.089,11.391,11.739,0.001,0.001,7021.0,10813.0,1.0
19155,11.267,0.116,11.034,11.485,0.001,0.001,7240.0,10250.0,1.0
19157,11.23,0.134,10.98,11.498,0.001,0.001,11329.0,11918.0,1.0
19163,11.499,0.091,11.323,11.675,0.001,0.001,7946.0,10774.0,1.0
19165,11.236,0.125,10.997,11.483,0.001,0.001,16677.0,11993.0,1.0
19167,11.65,0.115,11.419,11.87,0.001,0.001,22233.0,12615.0,1.0
19169,11.449,0.162,11.134,11.772,0.001,0.001,14729.0,12677.0,1.0
19171,11.092,0.157,10.789,11.404,0.001,0.001,13345.0,11252.0,1.0
19175,10.774,0.174,10.423,11.108,0.002,0.001,11538.0,11362.0,1.0
19179,10.969,0.159,10.662,11.284,0.001,0.001,17289.0,12261.0,1.0
19181,11.702,0.099,11.505,11.894,0.001,0.001,14615.0,12170.0,1.0
19183,11.362,0.154,11.062,11.666,0.001,0.001,17387.0,12553.0,1.0
19187,10.956,0.119,10.727,11.194,0.001,0.001,10694.0,11561.0,1.0
19189,11.091,0.159,10.781,11.396,0.001,0.001,17169.0,12090.0,1.0
19193,11.125,0.109,10.91,11.333,0.001,0.001,8772.0,10963.0,1.0
20001,10.676,0.105,10.475,10.889,0.001,0.001,7715.0,10924.0,1.0
20003,11.011,0.164,10.677,11.319,0.002,0.001,11301.0,12215.0,1.0
20005,11.131,0.167,10.799,11.453,0.002,0.001,10682.0,11181.0,1.0
20009,10.715,0.128,10.453,10.954,0.002,0.001,6398.0,9710.0,1.0
20011,10.719,0.127,10.466,10.97,0.001,0.001,11457.0,12096.0,1.0
20013,10.813,0.172,10.48,11.153,0.002,0.001,9015.0,10812.0,1.0
20015,11.321,0.113,11.098,11.54,0.001,0.001,9092.0,10982.0,1.0
20021,10.629,0.137,10.37,10.908,0.002,0.001,7801.0,10395.0,1.0
20027,10.962,0.138,10.687,11.225,0.002,0.001,7912.0,10564.0,1.0
20035,10.607,0.138,10.338,10.876,0.002,0.001,5847.0,9507.0,1.0
20037,10.754,0.132,10.489,11.007,0.002,0.001,5569.0,9566.0,1.0
20045,11.637,0.08,11.475,11.788,0.001,0.001,8651.0,11078.0,1.0
20051,11.316,0.159,10.995,11.62,0.002,0.001,6136.0,8917.0,1.0
20055,11.422,0.089,11.246,11.594,0.001,0.001,16937.0,12949.0,1.0
20059,11.054,0.121,10.811,11.287,0.002,0.001,5443.0,9285.0,1.0
20061,11.262,0.166,10.932,11.582,0.002,0.001,9710.0,10329.0,1.0
20067,11.1,0.153,10.787,11.39,0.001,0.001,16334.0,11738.0,1.0
20079,11.128,0.138,10.853,11.398,0.002,0.001,7174.0,10965.0,1.0
20085,10.979,0.145,10.691,11.261,0.002,0.001,6505.0,9656.0,1.0
20087,11.315,0.16,11.0,11.621,0.001,0.001,12371.0,12751.0,1.0
20091,11.951,0.067,11.819,12.084,0.001,0.0,7024.0,9706.0,1.0
20097,10.806,0.2,10.415,11.197,0.003,0.001,6211.0,9897.0,1.0
20099,10.639,0.184,10.264,10.985,0.002,0.001,7244.0,10940.0,1.0
20103,11.519,0.103,11.316,11.719,0.001,0.001,5532.0,9795.0,1.0
20111,11.217,0.096,11.031,11.408,0.001,0.001,20951.0,12587.0,1.0
20113,11.402,0.095,11.215,11.587,0.001,0.001,11356.0,11477.0,1.0
20115,10.747,0.165,10.422,11.07,0.002,0.001,11711.0,11489.0,1.0
20117,10.741,0.18,10.389,11.1,0.002,0.001,7868.0,10889.0,1.0
20121,11.487,0.117,11.263,11.717,0.002,0.001,4806.0,8115.0,1.0
20125,10.636,0.123,10.402,10.883,0.002,0.001,4900.0,8717.0,1.0
20135,10.653,0.189,10.301,11.046,0.002,0.001,7080.0,10459.0,1.0
20139,11.155,0.156,10.843,11.453,0.001,0.001,14092.0,11715.0,1.0
20149,11.638,0.149,11.352,11.936,0.001,0.001,20804.0,11960.0,1.0
20155,10.786,0.107,10.58,10.999,0.002,0.001,5021.0,9109.0,1.0
20157,10.675,0.177,10.325,11.014,0.002,0.001,8177.0,10827.0,1.0
20161,11.504,0.112,11.288,11.731,0.001,0.001,6888.0,9462.0,1.0
20163,10.867,0.157,10.55,11.164,0.001,0.001,12657.0,12795.0,1.0
20169,11.11,0.13,10.86,11.368,0.001,0.001,9160.0,11174.0,1.0
20171,11.128,0.165,10.8,11.444,0.002,0.001,11804.0,11724.0,1.0
20173,11.198,0.086,11.022,11.361,0.001,0.001,4695.0,8928.0,1.0
20177,11.145,0.089,10.966,11.313,0.001,0.001,5163.0,8770.0,1.0
20179,11.212,0.171,10.884,11.55,0.002,0.001,9503.0,11060.0,1.0
20181,10.738,0.174,10.396,11.079,0.002,0.001,9125.0,11196.0,1.0
20191,10.902,0.158,10.601,11.216,0.001,0.001,13465.0,11792.0,1.0
20205,10.81,0.154,10.505,11.109,0.001,0.001,16905.0,12588.0,1.0
20209,10.75,0.112,10.525,10.962,0.002,0.001,4393.0,8540.0,1.0
21001,11.182,0.155,10.871,11.477,0.001,0.001,15198.0,11972.0,1.0
21003,11.396,0.115,11.172,11.62,0.001,0.001,17294.0,11719.0,1.0
21005,11.367,0.152,11.071,11.658,0.001,0.001,14780.0,12379.0,1.0
21007,11.19,0.16,10.877,11.503,0.001,0.001,12280.0,12127.0,1.0
21009,11.321,0.101,11.122,11.519,0.001,0.001,12575.0,12115.0,1.0
21011,11.107,0.15,10.811,11.393,0.001,0.001,17119.0,12392.0,1.0
21013,11.284,0.124,11.04,11.526,0.001,0.001,9845.0,10282.0,1.0
21015,11.91,0.081,11.743,12.059,0.001,0.001,8085.0,10470.0,1.0
21017,11.495,0.11,11.288,11.713,0.001,0.001,10236.0,11877.0,1.0
21019,11.103,0.087,10.928,11.271,0.001,0.001,14704.0,12478.0,1.0
21021,11.346,0.155,11.049,11.654,0.001,0.001,12875.0,11344.0,1.0
21023,11.25,0.158,10.939,11.557,0.001,0.001,12601.0,11835.0,1.0
21027,11.088,0.152,10.785,11.38,0.001,0.001,17645.0,12251.0,1.0
21029,11.666,0.068,11.534,11.803,0.001,0.001,8812.0,11053.0,1.0
21033,11.148,0.148,10.855,11.433,0.001,0.001,18634.0,13159.0,1.0
21035,11.131,0.148,10.836,11.414,0.001,0.001,19384.0,12178.0,1.0
21037,11.762,0.073,11.617,11.904,0.001,0.001,9104.0,10654.0,1.0
21041,11.075,0.162,10.755,11.394,0.002,0.001,11609.0,11968.0,1.0
21043,11.061,0.106,10.847,11.264,0.001,0.001,11132.0,10577.0,1.0
21045,11.116,0.154,10.826,11.432,0.001,0.001,13910.0,11558.0,1.0
21047,11.286,0.064,11.161,11.41,0.001,0.0,11872.0,11584.0,1.0
21049,11.452,0.091,11.277,11.636,0.001,0.001,12397.0,11340.0,1.0
21055,11.312,0.152,11.026,11.621,0.001,0.001,14359.0,12901.0,1.0
21059,11.348,0.068,11.212,11.477,0.001,0.0,16649.0,12862.0,1.0
21061,11.388,0.124,11.146,11.625,0.001,0.001,10788.0,11779.0,1.0
21063,11.128,0.162,10.815,11.442,0.002,0.001,10620.0,11185.0,1.0
21065,10.967,0.124,10.734,11.215,0.001,0.001,11868.0,12834.0,1.0
21067,11.773,0.059,11.655,11.888,0.001,0.0,7757.0,11024.0,1.0
21071,11.109,0.151,10.813,11.406,0.001,0.001,18072.0,12225.0,1.0
21073,11.487,0.09,11.309,11.658,0.001,0.001,7609.0,10383.0,1.0
21075,10.723,0.121,10.489,10.961,0.001,0.001,6982.0,10152.0,1.0
21077,11.15,0.115,10.92,11.37,0.001,0.001,8499.0,10414.0,1.0
21079,11.467,0.121,11.232,11.705,0.001,0.001,13566.0,11683.0,1.0
21081,11.511,0.119,11.287,11.75,0.001,0.001,12789.0,12346.0,1.0
21085,10.746,0.09,10.572,10.922,0.001,0.001,7320.0,10334.0,1.0
21087,10.987,0.109,10.768,11.196,0.001,0.001,10278.0,10997.0,1.0
21089,11.162,0.094,10.976,11.349,0.001,0.001,11212.0,11502.0,1.0
21091,11.24,0.152,10.944,11.536,0.001,0.001,15222.0,12371.0,1.0
21093,11.455,0.073,11.316,11.602,0.001,0.001,8432.0,10853.0,1.0
21095,10.592,0.157,10.291,10.899,0.001,0.001,13118.0,11734.0,1.0
21097,11.2,0.156,10.901,11.508,0.001,0.001,11634.0,12506.0,1.0
21099,11.003,0.102,10.806,11.207,0.001,0.001,8539.0,10366.0,1.0
21101,11.351,0.094,11.166,11.532,0.001,0.001,6598.0,9288.0,1.0
21103,11.3,0.124,11.051,11.537,0.001,0.001,11171.0,11374.0,1.0
21105,10.978,0.162,10.659,11.296,0.001,0.001,11935.0,11651.0,1.0
21107,11.12,0.09,10.941,11.291,0.001,0.001,13230.0,12324.0,1.0
21111,11.592,0.072,11.46,11.739,0.001,0.001,5960.0,9415.0,1.0
21113,11.624,0.156,11.319,11.927,0.001,0.001,15188.0,12214.0,1.0
21115,11.165,0.114,10.932,11.379,0.001,0.001,16038.0,13104.0,1.0
21117,11.657,0.062,11.53,11.772,0.001,0.0,9783.0,11352.0,1.0
21121,11.154,0.152,10.851,11.446,0.001,0.001,16801.0,12208.0,1.0
21123,11.312,0.118,11.087,11.548,0.001,0.001,13195.0,11964.0,1.0
21125,11.043,0.078,10.889,11.192,0.001,0.001,8726.0,10825.0,1.0
21135,10.919,0.117,10.691,11.147,0.001,0.001,14860.0,12342.0,1.0
21137,11.284,0.159,10.97,11.593,0.001,0.001,12758.0,11808.0,1.0
21145,11.295,0.097,11.107,11.486,0.001,0.001,17846.0,11995.0,1.0
21149,10.972,0.15,10.681,11.266,0.001,0.001,19235.0,12601.0,1.0
21151,11.628,0.082,11.47,11.791,0.001,0.001,11159.0,11360.0,1.0
21159,10.951,0.154,10.651,11.255,0.001,0.001,16481.0,11752.0,1.0
21161,11.006,0.121,10.767,11.236,0.001,0.001,10627.0,11752.0,1.0
21163,11.447,0.153,11.145,11.745,0.001,0.001,18205.0,11610.0,1.0
21167,11.351,0.116,11.127,11.583,0.001,0.001,14620.0,12282.0,1.0
21169,11.033,0.157,10.735,11.352,0.001,0.001,13667.0,12507.0,1.0
21171,10.849,0.161,10.536,11.162,0.001,0.001,14086.0,11867.0,1.0
21173,11.208,0.153,10.907,11.509,0.001,0.001,16718.0,12253.0,1.0
21179,11.505,0.151,11.21,11.802,0.001,0.001,15403.0,12431.0,1.0
21183,11.327,0.153,11.025,11.626,0.001,0.001,15304.0,11733.0,1.0
21185,12.072,0.087,11.905,12.243,0.001,0.001,15965.0,12683.0,1.0
21191,11.327,0.118,11.097,11.553,0.001,0.001,12855.0,11412.0,1.0
21193,11.058,0.149,10.769,11.346,0.001,0.001,19853.0,12619.0,1.0
21195,10.945,0.084,10.779,11.11,0.001,0.001,18783.0,12083.0,1.0
21199,10.897,0.09,10.716,11.07,0.001,0.001,13108.0,11857.0,1.0
21201,11.44,0.164,11.132,11.773,0.002,0.001,10620.0,11107.0,1.0
21203,10.898,0.162,10.578,11.213,0.001,0.001,12324.0,12619.0,1.0
21205,11.238,0.158,10.91,11.527,0.001,0.001,11757.0,11581.0,1.0
21207,10.981,0.153,10.675,11.276,0.001,0.001,14001.0,12335.0,1.0
21209,11.751,0.122,11.507,11.988,0.001,0.001,11016.0,11817.0,1.0
21211,11.771,0.102,11.574,11.97,0.001,0.001,8902.0,11283.0,1.0
21213,11.625,0.161,11.312,11.941,0.001,0.001,12041.0,11094.0,1.0
21215,11.543,0.155,11.245,11.854,0.001,0.001,13528.0,11716.0,1.0
21217,11.203,0.151,10.9,11.493,0.001,0.001,17290.0,12955.0,1.0
21219,11.182,0.155,10.889,11.492,0.001,0.001,15581.0,12259.0,1.0
21221,11.631,0.119,11.396,11.862,0.001,0.001,14797.0,11275.0,1.0
21223,11.384,0.161,11.072,11.706,0.001,0.001,12906.0,11324.0,1.0
21227,11.658,0.085,11.494,11.828,0.001,0.001,9557.0,11083.0,1.0
21231,11.056,0.107,10.852,11.272,0.001,0.001,11099.0,11410.0,1.0
21235,11.063,0.114,10.839,11.285,0.001,0.001,8221.0,10801.0,1.0
21239,11.767,0.154,11.47,12.069,0.001,0.001,16418.0,11660.0,1.0
22001,11.54,0.161,11.228,11.857,0.001,0.001,12907.0,11624.0,1.0
22005,11.92,0.118,11.689,12.153,0.001,0.001,17022.0,12283.0,1.0
22007,11.423,0.152,11.125,11.721,0.001,0.001,18294.0,12957.0,1.0
22009,11.539,0.098,11.354,11.739,0.001,0.001,8573.0,10826.0,1.0
22013,11.275,0.139,11.004,11.546,0.002,0.001,8476.0,10984.0,1.0
22015,11.764,0.111,11.548,11.984,0.001,0.001,10146.0,10968.0,1.0
22017,11.42,0.094,11.245,11.607,0.001,0.001,6512.0,10987.0,1.0
22019,11.866,0.124,11.624,12.108,0.001,0.001,8322.0,10507.0,1.0
22021,11.411,0.153,11.108,11.707,0.001,0.001,17111.0,11289.0,1.0
22031,11.593,0.119,11.367,11.833,0.001,0.001,7510.0,10586.0,1.0
22033,11.777,0.088,11.604,11.95,0.001,0.001,5982.0,9826.0,1.0
22037,11.55,0.161,11.24,11.871,0.001,0.001,14144.0,11884.0,1.0
22039,11.395,0.125,11.148,11.637,0.001,0.001,13512.0,12510.0,1.0
22041,11.174,0.131,10.923,11.434,0.001,0.001,9811.0,11173.0,1.0
22045,11.265,0.161,10.95,11.582,0.001,0.001,14929.0,11554.0,1.0
22047,11.475,0.157,11.171,11.78,0.001,0.001,15313.0,12173.0,1.0
22049,11.238,0.131,10.985,11.494,0.001,0.001,10701.0,11625.0,1.0
22051,12.112,0.069,11.979,12.246,0.0,0.001,20282.0,11832.0,1.0
22053,11.347,0.126,11.107,11.595,0.001,0.001,12453.0,11764.0,1.0
22055,11.9,0.075,11.754,12.05,0.001,0.001,9451.0,11279.0,1.0
22061,11.663,0.096,11.478,11.853,0.001,0.001,6648.0,10257.0,1.0
22063,11.808,0.104,11.603,12.014,0.001,0.001,16725.0,11853.0,1.0
22067,11.12,0.107,10.914,11.333,0.001,0.001,7482.0,10413.0,1.0
22071,11.822,0.089,11.644,11.99,0.001,0.001,5861.0,9820.0,1.0
22073,11.45,0.088,11.279,11.621,0.001,0.001,6094.0,9592.0,1.0
22077,11.574,0.161,11.26,11.89,0.001,0.001,13592.0,11868.0,1.0
22079,11.441,0.076,11.297,11.591,0.001,0.001,7466.0,10330.0,1.0
22081,11.459,0.17,11.124,11.786,0.002,0.001,10665.0,11413.0,1.0
22083,11.355,0.117,11.133,11.586,0.001,0.001,7394.0,10229.0,1.0
22085,12.144,0.164,11.825,12.463,0.002,0.001,11951.0,11382.0,1.0
22087,11.46,0.16,11.142,11.767,0.001,0.001,14359.0,11586.0,1.0
22093,11.7,0.165,11.374,12.019,0.001,0.001,12136.0,11712.0,1.0
22097,11.518,0.103,11.313,11.714,0.001,0.001,9559.0,10960.0,1.0
22099,11.516,0.154,11.204,11.813,0.001,0.001,16170.0,11725.0,1.0
22101,11.335,0.151,11.039,11.633,0.001,0.001,16054.0,12210.0,1.0
22103,11.991,0.072,11.852,12.131,0.001,0.001,15384.0,12655.0,1.0
22105,11.801,0.084,11.638,11.964,0.001,0.001,7817.0,11027.0,1.0
22109,11.725,0.074,11.585,11.875,0.001,0.001,17662.0,11461.0,1.0
22111,11.311,0.106,11.103,11.518,0.001,0.001,8886.0,11667.0,1.0
22115,11.61,0.164,11.291,11.933,0.002,0.001,11394.0,11097.0,1.0
22117,11.459,0.113,11.243,11.681,0.001,0.001,10426.0,11171.0,1.0
22119,11.568,0.166,11.237,11.886,0.002,0.001,10519.0,11440.0,1.0
22121,11.677,0.161,11.356,11.987,0.001,0.001,13754.0,11613.0,1.0
22123,11.243,0.154,10.937,11.542,0.001,0.001,15719.0,12276.0,1.0
22125,11.964,0.157,11.661,12.271,0.001,0.001,15008.0,12087.0,1.0
22127,11.357,0.136,11.089,11.621,0.001,0.001,9810.0,11371.0,1.0
23001,11.362,0.101,11.173,11.568,0.001,0.001,10166.0,11356.0,1.0
23003,10.992,0.105,10.785,11.197,0.001,0.001,23191.0,11988.0,1.0
23005,11.894,0.098,11.708,12.09,0.001,0.001,9760.0,11293.0,1.0
23007,11.449,0.1,11.253,11.646,0.001,0.001,26344.0,11733.0,1.0
23009,11.796,0.101,11.604,11.999,0.001,0.001,26019.0,11620.0,1.0
23011,11.388,0.077,11.237,11.54,0.001,0.001,12911.0,13205.0,1.0
23013,11.842,0.107,11.63,12.049,0.001,0.001,20211.0,11935.0,1.0
23015,11.872,0.084,11.705,12.037,0.001,0.001,26610.0,12168.0,1.0
23017,11.544,0.121,11.305,11.779,0.001,0.001,21904.0,12303.0,1.0
23019,11.394,0.071,11.256,11.536,0.001,0.0,11756.0,12367.0,1.0
23021,11.074,0.163,10.763,11.397,0.001,0.001,15344.0,12232.0,1.0
23023,11.625,0.121,11.382,11.861,0.001,0.001,13287.0,12112.0,1.0
23025,11.371,0.101,11.168,11.565,0.001,0.001,20985.0,12487.0,1.0
23027,11.712,0.091,11.534,11.89,0.001,0.001,15295.0,12957.0,1.0
23031,11.913,0.078,11.765,12.071,0.001,0.001,11411.0,13073.0,1.0
24001,11.118,0.067,10.984,11.245,0.0,0.001,27845.0,11862.0,1.0
24003,12.371,0.05,12.274,12.469,0.0,0.0,28505.0,13330.0,1.0
24005,12.056,0.047,11.967,12.152,0.0,0.0,21235.0,12524.0,1.0
24009,12.3,0.069,12.159,12.429,0.0,0.001,29534.0,12606.0,1.0
24011,11.763,0.101,11.565,11.96,0.001,0.001,20582.0,12503.0,1.0
24013,12.269,0.062,12.148,12.397,0.0,0.001,34563.0,12542.0,1.0
24015,11.982,0.062,11.86,12.103,0.0,0.0,21166.0,13419.0,1.0
24017,12.261,0.066,12.127,12.387,0.0,0.001,30397.0,12397.0,1.0
24019,11.485,0.076,11.329,11.628,0.001,0.001,21138.0,13074.0,1.0
24021,12.317,0.055,12.207,12.424,0.0,0.0,31957.0,12865.0,1.0
24023,11.886,0.073,11.743,12.028,0.0,0.001,22094.0,12530.0,1.0
24025,12.129,0.061,12.006,12.244,0.0,0.0,26672.0,13069.0,1.0
24027,12.585,0.055,12.479,12.692,0.0,0.0,26284.0,12519.0,1.0
24029,11.889,0.095,11.711,12.081,0.001,0.001,19383.0,12679.0,1.0
24031,12.59,0.054,12.486,12.698,0.0,0.0,20607.0,14042.0,1.0
24033,12.117,0.056,12.007,12.225,0.0,0.0,19980.0,13197.0,1.0
24035,12.382,0.152,12.079,12.668,0.001,0.001,17056.0,12433.0,1.0
24037,12.203,0.064,12.078,12.33,0.0,0.001,25921.0,11759.0,1.0
24039,11.353,0.078,11.205,11.508,0.0,0.001,25156.0,12963.0,1.0
24041,12.203,0.094,12.015,12.383,0.001,0.001,22263.0,12379.0,1.0
24043,11.911,0.06,11.794,12.026,0.0,0.001,31772.0,11162.0,1.0
24045,11.7,0.063,11.576,11.822,0.0,0.0,23021.0,12987.0,1.0
24047,12.113,0.07,11.981,12.252,0.0,0.001,27682.0,12637.0,1.0
24510,11.211,0.062,11.093,11.333,0.0,0.0,17853.0,13374.0,1.0
25001,12.624,0.077,12.472,12.772,0.001,0.0,9436.0,12370.0,1.0
25003,12.015,0.1,11.82,12.208,0.001,0.001,8763.0,12383.0,1.0
25005,12.317,0.076,12.173,12.468,0.001,0.0,8780.0,11734.0,1.0
25007,13.035,0.164,12.71,13.354,0.001,0.001,14366.0,11329.0,1.0
25009,12.577,0.07,12.44,12.713,0.001,0.0,8412.0,12321.0,1.0
25011,12.014,0.105,11.804,12.218,0.001,0.001,10288.0,12312.0,1.0
25013,11.9,0.111,11.681,12.117,0.001,0.001,7384.0,10923.0,1.0
25015,12.245,0.09,12.074,12.426,0.001,0.001,9450.0,12658.0,1.0
25017,12.715,0.068,12.579,12.846,0.001,0.0,8526.0,12074.0,1.0
25021,12.68,0.065,12.55,12.809,0.001,0.0,10726.0,12575.0,1.0
25023,12.474,0.076,12.325,12.622,0.001,0.0,9366.0,12507.0,1.0
25025,12.668,0.142,12.391,12.944,0.002,0.001,7147.0,11157.0,1.0
25027,12.242,0.084,12.073,12.402,0.001,0.001,7772.0,11413.0,1.0
26005,11.879,0.069,11.748,12.015,0.0,0.001,20601.0,12134.0,1.0
26007,11.359,0.1,11.16,11.553,0.001,0.001,18980.0,11784.0,1.0
26009,11.683,0.149,11.386,11.969,0.001,0.001,16507.0,11987.0,1.0
26011,11.31,0.116,11.08,11.535,0.001,0.001,17964.0,12646.0,1.0
26015,11.822,0.113,11.603,12.044,0.001,0.001,18117.0,12164.0,1.0
26017,11.472,0.081,11.313,11.625,0.001,0.001,19275.0,13450.0,1.0
26019,11.839,0.114,11.614,12.058,0.001,0.001,17198.0,12300.0,1.0
26021,11.91,0.066,11.776,12.036,0.001,0.0,15265.0,12703.0,1.0
26023,11.797,0.079,11.638,11.948,0.001,0.001,16082.0,12437.0,1.0
26025,11.358,0.067,11.224,11.487,0.0,0.001,20404.0,12543.0,1.0
26027,11.786,0.117,11.564,12.024,0.001,0.001,18003.0,12099.0,1.0
26029,11.97,0.156,11.666,12.277,0.001,0.001,17807.0,11406.0,1.0
26031,11.551,0.155,11.253,11.855,0.001,0.001,16839.0,12200.0,1.0
26033,11.612,0.084,11.446,11.774,0.001,0.001,18239.0,11833.0,1.0
26037,11.894,0.079,11.741,12.048,0.001,0.001,21975.0,12152.0,1.0
26039,11.625,0.158,11.324,11.94,0.001,0.001,17749.0,11787.0,1.0
26041,11.53,0.103,11.329,11.731,0.001,0.001,17137.0,12119.0,1.0
26043,11.575,0.153,11.291,11.884,0.001,0.001,18260.0,11620.0,1.0
26045,11.684,0.089,11.512,11.855,0.001,0.001,19689.0,12220.0,1.0
26047,12.265,0.085,12.097,12.43,0.001,0.001,15013.0,11816.0,1.0
26049,11.411,0.061,11.288,11.527,0.0,0.0,16682.0,12707.0,1.0
26051,11.195,0.153,10.892,11.485,0.001,0.001,16763.0,12042.0,1.0
26053,11.172,0.154,10.883,11.483,0.001,0.001,16483.0,11756.0,1.0
26055,11.919,0.066,11.793,12.052,0.0,0.001,18190.0,12196.0,1.0
26057,11.497,0.153,11.2,11.798,0.001,0.001,15418.0,12004.0,1.0
26059,11.551,0.106,11.342,11.759,0.001,0.001,14196.0,12070.0,1.0
26061,11.547,0.153,11.235,11.833,0.001,0.001,18004.0,11738.0,1.0
26065,11.628,0.061,11.512,11.751,0.0,0.0,15530.0,12763.0,1.0
26067,11.759,0.101,11.564,11.959,0.001,0.001,17061.0,11704.0,1.0
26069,11.345,0.116,11.111,11.565,0.001,0.001,17199.0,12425.0,1.0
26071,11.152,0.112,10.935,11.373,0.001,0.001,20738.0,12642.0,1.0
26075,11.626,0.071,11.491,11.77,0.001,0.001,16184.0,11852.0,1.0
26077,11.78,0.061,11.663,11.902,0.0,0.0,17484.0,13151.0,1.0
26079,11.359,0.155,11.061,11.67,0.001,0.001,15925.0,12475.0,1.0
26081,11.884,0.052,11.785,11.988,0.0,0.0,17328.0,12743.0,1.0
26087,11.49,0.15,11.198,11.784,0.001,0.001,18753.0,12670.0,1.0
26091,11.6,0.07,11.461,11.733,0.001,0.001,18656.0,12874.0,1.0
26093,12.1,0.074,11.959,12.249,0.0,0.001,25717.0,12514.0,1.0
26097,11.396,0.155,11.092,11.698,0.001,0.001,19120.0,12892.0,1.0
26099,11.712,0.052,11.613,11.815,0.0,0.0,27524.0,12702.0,1.0
26101,11.747,0.122,11.509,11.989,0.001,0.001,16078.0,11820.0,1.0
26103,11.661,0.073,11.518,11.805,0.001,0.001,16998.0,12742.0,1.0
26105,11.743,0.117,11.524,11.98,0.001,0.001,18246.0,12078.0,1.0
26107,11.614,0.103,11.415,11.817,0.001,0.001,17907.0,12544.0,1.0
26111,11.751,0.07,11.612,11.884,0.0,0.001,21789.0,12232.0,1.0
26113,11.623,0.152,11.315,11.912,0.001,0.001,16369.0,12305.0,1.0
26115,11.858,0.074,11.711,11.999,0.001,0.001,21030.0,12663.0,1.0
26117,11.705,0.083,11.542,11.869,0.001,0.001,19560.0,12681.0,1.0
26121,11.58,0.064,11.455,11.704,0.0,0.0,19898.0,13674.0,1.0
26123,11.45,0.078,11.302,11.608,0.001,0.001,22623.0,12681.0,1.0
26125,12.143,0.047,12.05,12.236,0.0,0.0,20128.0,13118.0,1.0
26127,11.699,0.08,11.546,11.856,0.001,0.001,17643.0,13116.0,1.0
26129,11.224,0.104,11.018,11.422,0.001,0.001,14999.0,12043.0,1.0
26133,11.636,0.154,11.331,11.934,0.001,0.001,18376.0,12704.0,1.0
26137,11.615,0.1,11.422,11.809,0.001,0.001,15245.0,12989.0,1.0
26139,11.984,0.055,11.875,12.09,0.0,0.0,21808.0,12804.0,1.0
26143,11.422,0.086,11.26,11.597,0.001,0.001,16810.0,12706.0,1.0
26145,11.321,0.07,11.186,11.459,0.001,0.001,18511.0,12175.0,1.0
26147,11.752,0.073,11.609,11.897,0.0,0.001,22457.0,12455.0,1.0
26149,11.55,0.069,11.415,11.685,0.0,0.001,18886.0,12245.0,1.0
26151,11.587,0.086,11.419,11.757,0.001,0.001,20460.0,12449.0,1.0
26153,11.543,0.156,11.241,11.851,0.001,0.001,15908.0,11406.0,1.0
26155,11.454,0.067,11.324,11.586,0.0,0.001,19568.0,11943.0,1.0
26157,11.27,0.15,10.981,11.568,0.001,0.001,17080.0,11301.0,1.0
26159,11.865,0.084,11.699,12.026,0.001,0.001,15222.0,12607.0,1.0
26161,12.304,0.054,12.198,12.411,0.0,0.0,18248.0,12867.0,1.0
26163,11.444,0.059,11.328,11.56,0.0,0.0,14755.0,13018.0,1.0
26165,11.396,0.125,11.155,11.64,0.001,0.001,15833.0,12280.0,1.0
27003,11.912,0.062,11.783,12.028,0.0,0.0,18590.0,12445.0,1.0
27005,11.63,0.132,11.371,11.883,0.001,0.001,12144.0,11698.0,1.0
27007,11.428,0.107,11.211,11.633,0.001,0.001,10547.0,11118.0,1.0
27009,11.588,0.121,11.359,11.837,0.001,0.001,15217.0,12420.0,1.0
27013,11.585,0.085,11.417,11.75,0.001,0.001,10254.0,11027.0,1.0
27015,11.475,0.157,11.168,11.782,0.001,0.001,14902.0,11821.0,1.0
27017,11.601,0.157,11.296,11.905,0.001,0.001,13923.0,12183.0,1.0
27019,12.253,0.077,12.104,12.406,0.001,0.001,13443.0,11987.0,1.0
27021,11.507,0.108,11.302,11.721,0.001,0.001,10627.0,11457.0,1.0
27025,11.844,0.084,11.684,12.012,0.001,0.001,16795.0,11982.0,1.0
27027,11.772,0.126,11.531,12.022,0.001,0.001,14369.0,12328.0,1.0
27029,11.26,0.161,10.945,11.573,0.001,0.001,12795.0,12204.0,1.0
27035,11.666,0.093,11.483,11.845,0.001,0.001,14175.0,11454.0,1.0
27037,11.987,0.062,11.866,12.107,0.001,0.0,10422.0,11985.0,1.0
27041,11.619,0.155,11.308,11.913,0.001,0.001,17479.0,12648.0,1.0
27049,11.71,0.092,11.531,11.889,0.001,0.001,12708.0,11441.0,1.0
27053,11.978,0.07,11.842,12.118,0.001,0.0,8997.0,10985.0,1.0
27057,11.662,0.122,11.416,11.89,0.001,0.001,14692.0,12457.0,1.0
27059,11.596,0.086,11.423,11.758,0.001,0.001,14676.0,13063.0,1.0
27061,11.487,0.081,11.334,11.651,0.001,0.001,13105.0,10983.0,1.0
27063,11.297,0.155,10.983,11.587,0.001,0.001,14833.0,11561.0,1.0
27065,11.416,0.117,11.192,11.652,0.001,0.001,16327.0,12254.0,1.0
27067,11.662,0.153,11.366,11.962,0.001,0.001,20403.0,11839.0,1.0
27079,11.956,0.151,11.655,12.243,0.001,0.001,17471.0,12498.0,1.0
27087,11.239,0.162,10.927,11.556,0.001,0.001,13114.0,12019.0,1.0
27095,11.492,0.158,11.17,11.784,0.001,0.001,15185.0,11948.0,1.0
27097,11.514,0.094,11.331,11.699,0.001,0.001,15476.0,12031.0,1.0
27099,11.126,0.106,10.925,11.339,0.001,0.001,13352.0,11534.0,1.0
27103,11.683,0.094,11.505,11.867,0.001,0.001,14606.0,12413.0,1.0
27105,11.394,0.161,11.08,11.712,0.001,0.001,13551.0,11640.0,1.0
27109,11.68,0.076,11.529,11.825,0.001,0.001,8916.0,11662.0,1.0
27111,11.764,0.119,11.53,11.993,0.001,0.001,16738.0,12685.0,1.0
27113,11.484,0.124,11.243,11.728,0.001,0.001,9874.0,11299.0,1.0
27115,11.394,0.157,11.085,11.706,0.001,0.001,16746.0,12216.0,1.0
27119,11.577,0.156,11.28,11.888,0.001,0.001,15759.0,11976.0,1.0
27123,11.778,0.08,11.624,11.939,0.001,0.001,7931.0,10444.0,1.0
27131,11.705,0.083,11.54,11.864,0.001,0.001,14121.0,12030.0,1.0
27135,11.371,0.121,11.139,11.61,0.001,0.001,16745.0,13041.0,1.0
27137,11.384,0.074,11.242,11.533,0.001,0.001,10021.0,11558.0,1.0
27139,12.161,0.081,11.999,12.311,0.001,0.001,19404.0,11871.0,1.0
27141,11.843,0.076,11.696,11.994,0.001,0.001,10741.0,11329.0,1.0
27143,11.587,0.154,11.28,11.884,0.001,0.001,17529.0,12522.0,1.0
27145,11.617,0.085,11.451,11.78,0.001,0.001,11880.0,11764.0,1.0
27147,11.606,0.128,11.354,11.856,0.001,0.001,13313.0,12379.0,1.0
27151,11.126,0.159,10.818,11.442,0.001,0.001,14867.0,11626.0,1.0
27153,11.595,0.153,11.303,11.905,0.001,0.001,15300.0,12407.0,1.0
27159,11.14,0.157,10.823,11.44,0.001,0.001,15125.0,12429.0,1.0
27163,12.062,0.07,11.923,12.197,0.001,0.0,9454.0,11096.0,1.0
27171,11.921,0.079,11.763,12.072,0.001,0.001,12114.0,12301.0,1.0
28001,11.333,0.156,11.02,11.631,0.002,0.001,5421.0,9067.0,1.0
28003,11.37,0.119,11.138,11.604,0.001,0.001,7408.0,10941.0,1.0
28011,11.413,0.192,11.038,11.791,0.003,0.002,3653.0,7231.0,1.0
28017,11.164,0.187,10.813,11.539,0.002,0.001,7073.0,10155.0,1.0
28027,10.778,0.188,10.409,11.15,0.003,0.001,4256.0,8470.0,1.0
28031,11.191,0.165,10.867,11.514,0.002,0.001,4939.0,8885.0,1.0
28033,11.861,0.149,11.558,12.148,0.002,0.001,6244.0,10146.0,1.0
28035,11.366,0.168,11.033,11.691,0.003,0.001,3548.0,7037.0,1.0
28039,11.506,0.161,11.185,11.813,0.001,0.001,12884.0,11308.0,1.0
28041,11.242,0.162,10.923,11.562,0.001,0.001,13932.0,12126.0,1.0
28047,11.38,0.176,11.029,11.719,0.003,0.001,3564.0,6929.0,1.0
28049,10.987,0.182,10.634,11.352,0.003,0.002,3286.0,6537.0,1.0
28051,11.017,0.222,10.575,11.439,0.003,0.002,4517.0,8380.0,1.0
28067,11.32,0.124,11.074,11.558,0.002,0.001,4215.0,8370.0,1.0
28071,11.901,0.134,11.642,12.169,0.002,0.001,5751.0,9184.0,1.0
28073,11.655,0.116,11.426,11.878,0.001,0.001,8099.0,10980.0,1.0
28075,11.208,0.159,10.906,11.528,0.002,0.001,4119.0,7881.0,1.0
28081,11.356,0.151,11.062,11.652,0.003,0.001,3619.0,7075.0,1.0
28085,11.483,0.173,11.138,11.814,0.002,0.001,8834.0,10973.0,1.0
28087,11.337,0.142,11.054,11.613,0.002,0.001,5199.0,8893.0,1.0
28089,11.857,0.128,11.605,12.103,0.002,0.001,4269.0,8153.0,1.0
28091,11.22,0.172,10.885,11.56,0.002,0.001,9512.0,11625.0,1.0
28093,11.327,0.135,11.051,11.582,0.002,0.001,4744.0,8939.0,1.0
28095,11.271,0.183,10.912,11.628,0.002,0.001,7206.0,9999.0,1.0
28099,11.175,0.189,10.802,11.54,0.002,0.001,6359.0,10162.0,1.0
28101,11.399,0.175,11.058,11.739,0.002,0.001,8144.0,10643.0,1.0
28105,11.687,0.158,11.384,12.002,0.002,0.001,5488.0,9576.0,1.0
28107,11.301,0.144,11.016,11.578,0.002,0.001,4936.0,9470.0,1.0
28113,11.063,0.156,10.749,11.354,0.002,0.001,5678.0,9974.0,1.0
28115,11.513,0.148,11.221,11.802,0.002,0.001,6763.0,9817.0,1.0
28121,11.637,0.179,11.283,11.982,0.002,0.001,8051.0,10302.0,1.0
28123,10.951,0.155,10.651,11.26,0.002,0.001,5810.0,9452.0,1.0
28131,11.262,0.171,10.919,11.587,0.002,0.001,8310.0,11016.0,1.0
28133,11.219,0.209,10.807,11.625,0.003,0.002,5061.0,8412.0,1.0
28137,11.485,0.184,11.116,11.842,0.002,0.001,6835.0,10376.0,1.0
28141,11.353,0.166,11.032,11.681,0.002,0.001,11406.0,11531.0,1.0
28143,11.237,0.245,10.751,11.708,0.004,0.002,4144.0,7633.0,1.0
28149,11.171,0.174,10.833,11.516,0.003,0.001,3674.0,7554.0,1.0
28151,10.936,0.156,10.639,11.244,0.002,0.001,4393.0,8083.0,1.0
28159,11.237,0.197,10.856,11.624,0.003,0.001,5844.0,9027.0,1.0
28163,11.082,0.18,10.739,11.44,0.003,0.001,3466.0,6630.0,1.0
29001,11.486,0.147,11.205,11.779,0.002,0.001,6722.0,9728.0,1.0
29003,11.691,0.127,11.445,11.94,0.001,0.001,10590.0,11374.0,1.0
29007,11.303,0.107,11.09,11.509,0.001,0.001,6000.0,10526.0,1.0
29009,11.704,0.164,11.375,12.021,0.002,0.001,10944.0,11380.0,1.0
29013,11.197,0.169,10.866,11.525,0.002,0.001,9433.0,9941.0,1.0
29015,11.392,0.158,11.085,11.701,0.001,0.001,14149.0,11956.0,1.0
29017,11.822,0.168,11.491,12.143,0.002,0.001,12079.0,11650.0,1.0
29019,11.836,0.087,11.667,12.005,0.001,0.001,6086.0,10464.0,1.0
29021,11.411,0.12,11.171,11.639,0.002,0.001,4778.0,8620.0,1.0
29023,11.487,0.106,11.284,11.701,0.001,0.001,6481.0,9853.0,1.0
29027,11.621,0.134,11.36,11.884,0.001,0.001,8518.0,11172.0,1.0
29031,11.651,0.103,11.45,11.855,0.001,0.001,6403.0,9436.0,1.0
29037,11.816,0.107,11.61,12.031,0.001,0.001,8057.0,11232.0,1.0
29041,11.612,0.155,11.305,11.911,0.001,0.001,15155.0,12329.0,1.0
29043,11.705,0.114,11.482,11.927,0.002,0.001,5502.0,9770.0,1.0
29047,11.803,0.091,11.621,11.978,0.001,0.001,4751.0,8235.0,1.0
29049,11.686,0.164,11.371,12.012,0.002,0.001,10167.0,11102.0,1.0
29051,11.604,0.166,11.276,11.921,0.002,0.001,9816.0,11409.0,1.0
29053,11.466,0.133,11.213,11.737,0.001,0.001,8350.0,10050.0,1.0
29055,11.374,0.137,11.107,11.643,0.001,0.001,8479.0,9961.0,1.0
29059,11.523,0.164,11.205,11.85,0.002,0.001,11559.0,11196.0,1.0
29067,11.675,0.155,11.374,11.987,0.001,0.001,16913.0,11447.0,1.0
29069,11.115,0.176,10.777,11.46,0.002,0.001,8932.0,11415.0,1.0
29071,11.706,0.103,11.508,11.912,0.001,0.001,5607.0,10329.0,1.0
29077,11.513,0.097,11.328,11.71,0.001,0.001,4549.0,8357.0,1.0
29079,10.922,0.137,10.661,11.194,0.002,0.001,4824.0,9078.0,1.0
29083,11.276,0.186,10.915,11.638,0.002,0.001,7625.0,10246.0,1.0
29091,11.369,0.123,11.129,11.607,0.001,0.001,6735.0,10504.0,1.0
29095,11.494,0.115,11.264,11.719,0.002,0.001,4004.0,7733.0,1.0
29097,11.323,0.117,11.095,11.554,0.002,0.001,4324.0,8294.0,1.0
29099,11.815,0.093,11.638,12.004,0.001,0.001,5134.0,9322.0,1.0
29101,11.84,0.098,11.654,12.036,0.001,0.001,7649.0,10868.0,1.0
29105,11.526,0.122,11.281,11.76,0.002,0.001,5716.0,9809.0,1.0
29109,11.337,0.105,11.134,11.544,0.001,0.001,8489.0,10990.0,1.0
29113,11.772,0.119,11.547,12.009,0.001,0.001,7643.0,10078.0,1.0
29117,11.366,0.177,11.013,11.709,0.002,0.001,8275.0,10864.0,1.0
29121,11.359,0.134,11.094,11.612,0.001,0.001,9139.0,11255.0,1.0
29123,11.456,0.175,11.116,11.795,0.002,0.001,8573.0,11231.0,1.0
29127,11.246,0.125,11.003,11.494,0.002,0.001,5205.0,9427.0,1.0
29131,11.524,0.117,11.295,11.754,0.001,0.001,8420.0,10616.0,1.0
29135,11.509,0.169,11.179,11.844,0.002,0.001,10277.0,11188.0,1.0
29141,11.995,0.162,11.675,12.307,0.001,0.001,11985.0,11465.0,1.0
29145,11.461,0.116,11.235,11.687,0.001,0.001,7928.0,11061.0,1.0
29147,11.462,0.132,11.205,11.718,0.002,0.001,6042.0,10067.0,1.0
29149,11.509,0.162,11.194,11.827,0.002,0.001,10296.0,11737.0,1.0
29157,11.502,0.128,11.266,11.765,0.002,0.001,6153.0,9581.0,1.0
29159,11.051,0.101,10.857,11.25,0.001,0.001,6039.0,9888.0,1.0
29161,11.563,0.118,11.333,11.794,0.001,0.001,8180.0,11407.0,1.0
29163,11.424,0.171,11.089,11.763,0.002,0.001,9367.0,10929.0,1.0
29165,12.0,0.129,11.745,12.248,0.001,0.001,10131.0,10451.0,1.0
29167,11.608,0.119,11.365,11.835,0.002,0.001,5842.0,10063.0,1.0
29169,11.502,0.159,11.18,11.805,0.001,0.001,14110.0,12345.0,1.0
29177,11.467,0.168,11.147,11.806,0.002,0.001,10188.0,11606.0,1.0
29183,11.982,0.076,11.833,12.133,0.001,0.001,5865.0,9183.0,1.0
29187,11.253,0.119,11.013,11.481,0.002,0.001,5955.0,9125.0,1.0
29189,11.814,0.077,11.661,11.962,0.001,0.001,5320.0,9068.0,1.0
29195,11.557,0.143,11.287,11.848,0.002,0.001,7682.0,10504.0,1.0
29205,11.275,0.162,10.959,11.589,0.001,0.001,12737.0,10821.0,1.0
29209,12.03,0.156,11.73,12.344,0.001,0.001,14653.0,12637.0,1.0
29213,11.491,0.119,11.25,11.72,0.002,0.001,4481.0,8187.0,1.0
29219,11.827,0.128,11.577,12.075,0.001,0.001,10486.0,11289.0,1.0
29221,11.568,0.163,11.246,11.884,0.002,0.001,11602.0,11377.0,1.0
29225,11.626,0.13,11.375,11.879,0.001,0.001,9766.0,11503.0,1.0
29510,11.499,0.124,11.249,11.736,0.002,0.001,4053.0,7518.0,1.0
30001,11.417,0.189,11.045,11.782,0.002,0.001,6964.0,10740.0,1.0
30003,11.031,0.206,10.64,11.452,0.002,0.002,8818.0,10631.0,1.0
30009,11.605,0.213,11.192,12.029,0.002,0.002,8214.0,11288.0,1.0
30013,11.15,0.138,10.879,11.418,0.002,0.001,6216.0,10352.0,1.0
30027,11.06,0.175,10.712,11.398,0.002,0.001,7840.0,11181.0,1.0
30029,11.484,0.169,11.141,11.806,0.002,0.001,5608.0,9250.0,1.0
30031,11.878,0.16,11.574,12.193,0.002,0.001,5842.0,9692.0,1.0
30035,10.407,0.239,9.926,10.86,0.003,0.002,6619.0,9433.0,1.0
30041,10.718,0.177,10.37,11.063,0.002,0.001,5955.0,9434.0,1.0
30043,11.336,0.18,10.987,11.688,0.002,0.001,13579.0,12060.0,1.0
30047,11.514,0.196,11.116,11.889,0.002,0.001,6701.0,9963.0,1.0
30049,11.344,0.163,11.028,11.666,0.002,0.001,5835.0,9565.0,1.0
30061,10.886,0.193,10.501,11.255,0.002,0.001,6774.0,9623.0,1.0
30063,11.455,0.164,11.145,11.785,0.002,0.001,5004.0,8993.0,1.0
30067,11.872,0.19,11.495,12.239,0.002,0.001,6548.0,9375.0,1.0
30077,10.948,0.221,10.524,11.39,0.003,0.002,7483.0,10527.0,1.0
30081,11.613,0.176,11.267,11.956,0.002,0.001,5754.0,9765.0,1.0
30083,11.401,0.197,11.012,11.782,0.002,0.001,8883.0,10491.0,1.0
30085,10.272,0.197,9.892,10.654,0.003,0.001,6193.0,9500.0,1.0
30093,10.843,0.181,10.49,11.197,0.002,0.001,5531.0,8479.0,1.0
30095,11.688,0.187,11.325,12.056,0.002,0.001,12236.0,11557.0,1.0
30111,11.395,0.154,11.092,11.692,0.002,0.001,5626.0,9138.0,1.0
31001,11.133,0.094,10.95,11.317,0.001,0.001,8536.0,11188.0,1.0
31019,11.533,0.132,11.28,11.794,0.001,0.001,12348.0,11323.0,1.0
31023,11.191,0.163,10.865,11.506,0.001,0.001,14947.0,12130.0,1.0
31031,11.337,0.167,11.004,11.66,0.002,0.001,11327.0,10169.0,1.0
31033,10.957,0.169,10.636,11.289,0.002,0.001,12114.0,11997.0,1.0
31037,11.075,0.172,10.734,11.412,0.002,0.001,11335.0,11750.0,1.0
31039,11.518,0.126,11.279,11.77,0.001,0.001,15665.0,11707.0,1.0
31043,11.032,0.142,10.748,11.303,0.002,0.001,7197.0,9895.0,1.0
31047,11.133,0.103,10.934,11.331,0.001,0.001,10693.0,11658.0,1.0
31053,11.258,0.114,11.033,11.483,0.001,0.001,7913.0,10927.0,1.0
31055,11.447,0.084,11.284,11.612,0.001,0.001,6890.0,10619.0,1.0
31067,11.152,0.164,10.835,11.475,0.001,0.001,14379.0,12082.0,1.0
31079,11.113,0.123,10.875,11.357,0.002,0.001,6220.0,9526.0,1.0
31081,11.273,0.106,11.063,11.479,0.001,0.001,16532.0,11447.0,1.0
31095,10.904,0.158,10.606,11.228,0.001,0.001,16057.0,12589.0,1.0
31099,11.147,0.161,10.837,11.458,0.001,0.001,14000.0,11387.0,1.0
31101,11.065,0.125,10.807,11.299,0.001,0.001,13790.0,12687.0,1.0
31109,11.47,0.087,11.3,11.637,0.001,0.001,7472.0,10409.0,1.0
31111,11.161,0.113,10.942,11.382,0.001,0.001,8121.0,11264.0,1.0
31119,11.369,0.136,11.099,11.634,0.001,0.001,11425.0,10383.0,1.0
31121,11.07,0.171,10.737,11.405,0.002,0.001,12446.0,12293.0,1.0
31131,11.283,0.163,10.961,11.602,0.001,0.001,13339.0,11593.0,1.0
31137,11.14,0.11,10.927,11.357,0.001,0.001,9942.0,11107.0,1.0
31141,11.354,0.09,11.183,11.533,0.001,0.001,16137.0,12078.0,1.0
31145,10.981,0.109,10.757,11.185,0.001,0.001,10528.0,11226.0,1.0
31147,10.768,0.164,10.449,11.09,0.001,0.001,13679.0,11771.0,1.0
31151,11.357,0.166,11.042,11.697,0.001,0.001,12983.0,11563.0,1.0
31153,11.669,0.084,11.499,11.829,0.001,0.001,11479.0,11582.0,1.0
31155,11.548,0.107,11.343,11.764,0.001,0.001,16884.0,12210.0,1.0
31157,11.012,0.125,10.76,11.253,0.001,0.001,8876.0,10346.0,1.0
31159,11.503,0.102,11.298,11.698,0.001,0.001,18908.0,12106.0,1.0
31167,11.168,0.157,10.866,11.479,0.001,0.001,16003.0,12114.0,1.0
31173,10.878,0.175,10.548,11.232,0.002,0.001,10676.0,10869.0,1.0
31179,11.109,0.136,10.837,11.373,0.001,0.001,9728.0,11516.0,1.0
31185,11.227,0.173,10.901,11.569,0.002,0.001,11161.0,11159.0,1.0
32001,11.623,0.183,11.264,11.978,0.002,0.001,12457.0,10976.0,1.0
32003,12.048,0.122,11.812,12.29,0.001,0.001,7461.0,10365.0,1.0
32005,12.453,0.113,12.238,12.683,0.001,0.001,9905.0,12310.0,1.0
32007,12.062,0.149,11.77,12.353,0.002,0.001,8897.0,10896.0,1.0
32013,11.943,0.201,11.553,12.334,0.002,0.001,8191.0,9719.0,1.0
32015,11.715,0.182,11.357,12.07,0.002,0.001,13114.0,11363.0,1.0
32017,11.597,0.2,11.202,11.984,0.002,0.001,10654.0,11464.0,1.0
32019,11.78,0.137,11.505,12.042,0.001,0.001,12351.0,11618.0,1.0
32023,11.897,0.183,11.527,12.253,0.002,0.001,12948.0,11702.0,1.0
32027,10.928,0.186,10.569,11.296,0.002,0.001,8671.0,10466.0,1.0
32031,12.307,0.141,12.027,12.58,0.002,0.001,7223.0,9837.0,1.0
32033,11.489,0.182,11.132,11.84,0.002,0.001,8710.0,10946.0,1.0
32510,12.027,0.146,11.742,12.31,0.002,0.001,7724.0,9818.0,1.0
33001,11.909,0.113,11.69,12.128,0.001,0.001,11084.0,12865.0,1.0
33003,11.922,0.092,11.739,12.098,0.001,0.001,20014.0,12413.0,1.0
33005,11.655,0.093,11.466,11.832,0.001,0.001,11424.0,12288.0,1.0
33007,11.185,0.119,10.962,11.427,0.001,0.001,14349.0,12537.0,1.0
33009,11.735,0.102,11.534,11.93,0.001,0.001,11545.0,12312.0,1.0
33011,12.056,0.086,11.888,12.222,0.001,0.001,11221.0,12954.0,1.0
33013,11.867,0.094,11.687,12.057,0.001,0.001,12647.0,12868.0,1.0
33015,12.217,0.084,12.058,12.387,0.001,0.001,11900.0,13742.0,1.0
33017,11.938,0.103,11.735,12.132,0.001,0.001,11662.0,12436.0,1.0
33019,11.643,0.125,11.405,11.893,0.001,0.001,16364.0,12530.0,1.0
34001,12.065,0.071,11.924,12.201,0.001,0.0,11726.0,12653.0,1.0
34003,12.777,0.051,12.678,12.877,0.0,0.0,26198.0,12257.0,1.0
34005,12.215,0.062,12.095,12.337,0.001,0.0,12802.0,13371.0,1.0
34007,11.971,0.077,11.823,12.125,0.001,0.001,10758.0,12365.0,1.0
34009,12.584,0.096,12.401,12.774,0.001,0.001,27427.0,12360.0,1.0
34011,11.9,0.085,11.732,12.065,0.001,0.001,12241.0,13126.0,1.0
34013,12.646,0.071,12.512,12.787,0.001,0.0,11220.0,12990.0,1.0
34015,12.081,0.061,11.968,12.204,0.001,0.0,13511.0,13257.0,1.0
34017,12.587,0.06,12.472,12.705,0.001,0.0,13218.0,13265.0,1.0
34019,12.773,0.074,12.631,12.92,0.0,0.001,23236.0,11620.0,1.0
34021,12.308,0.069,12.171,12.441,0.001,0.0,11882.0,13183.0,1.0
34023,12.517,0.054,12.41,12.621,0.0,0.0,13903.0,13019.0,1.0
34025,12.709,0.06,12.591,12.826,0.001,0.0,12915.0,13083.0,1.0
34027,12.74,0.07,12.599,12.872,0.0,0.001,29729.0,11476.0,1.0
34029,12.259,0.057,12.147,12.372,0.0,0.0,17022.0,13844.0,1.0
34031,12.485,0.062,12.362,12.604,0.0,0.0,15807.0,12132.0,1.0
34033,11.923,0.084,11.76,12.09,0.001,0.001,12753.0,13048.0,1.0
34035,12.713,0.058,12.596,12.823,0.0,0.0,21973.0,12603.0,1.0
34037,12.233,0.113,12.009,12.455,0.001,0.001,24574.0,12107.0,1.0
34039,12.614,0.059,12.498,12.727,0.001,0.0,12683.0,12845.0,1.0
34041,12.511,0.147,12.229,12.807,0.001,0.001,20609.0,11726.0,1.0
36001,11.687,0.05,11.589,11.785,0.0,0.0,17325.0,13096.0,1.0
36003,10.772,0.084,10.612,10.934,0.001,0.001,16888.0,12252.0,1.0
36005,12.231,0.059,12.115,12.344,0.001,0.0,12257.0,12323.0,1.0
36007,11.134,0.048,11.038,11.227,0.0,0.0,26414.0,11954.0,1.0
36009,10.994,0.094,10.814,11.185,0.001,0.001,18668.0,12472.0,1.0
36011,11.328,0.071,11.191,11.47,0.0,0.001,25038.0,12056.0,1.0
36013,10.888,0.055,10.781,10.996,0.0,0.0,26144.0,11489.0,1.0
36015,10.882,0.064,10.757,11.006,0.0,0.001,17299.0,11263.0,1.0
36017,11.077,0.112,10.861,11.302,0.001,0.001,18042.0,12485.0,1.0
36019,11.351,0.07,11.215,11.487,0.0,0.001,20189.0,12357.0,1.0
36021,11.707,0.07,11.567,11.841,0.0,0.001,21974.0,12709.0,1.0
36023,11.196,0.077,11.048,11.353,0.001,0.001,21255.0,12585.0,1.0
36025,11.351,0.084,11.189,11.515,0.001,0.001,23518.0,12207.0,1.0
36027,12.024,0.048,11.931,12.12,0.0,0.0,19847.0,12898.0,1.0
36029,11.331,0.045,11.243,11.419,0.0,0.0,18683.0,13357.0,1.0
36031,11.43,0.069,11.297,11.564,0.0,0.001,20980.0,12705.0,1.0
36033,11.164,0.094,10.977,11.34,0.001,0.001,18066.0,11680.0,1.0
36035,11.192,0.083,11.03,11.352,0.001,0.001,20529.0,12767.0,1.0
36037,11.237,0.071,11.098,11.375,0.0,0.001,22196.0,12188.0,1.0
36039,11.648,0.11,11.427,11.86,0.001,0.001,16913.0,12346.0,1.0
36043,11.216,0.083,11.052,11.377,0.001,0.001,20716.0,12304.0,1.0
36045,11.233,0.053,11.131,11.34,0.0,0.0,23836.0,12336.0,1.0
36047,12.57,0.049,12.475,12.668,0.0,0.0,15156.0,13286.0,1.0
36051,11.264,0.072,11.121,11.405,0.001,0.001,18294.0,11933.0,1.0
36053,11.388,0.068,11.253,11.519,0.0,0.001,25646.0,11552.0,1.0
36055,11.261,0.05,11.164,11.36,0.0,0.0,14052.0,11659.0,1.0
36057,11.127,0.082,10.964,11.288,0.001,0.001,20779.0,11744.0,1.0
36059,12.709,0.042,12.627,12.792,0.0,0.0,32637.0,12092.0,1.0
36061,13.165,0.058,13.053,13.281,0.001,0.0,13114.0,12098.0,1.0
36063,11.048,0.051,10.948,11.148,0.0,0.0,17887.0,12818.0,1.0
36065,11.169,0.046,11.079,11.259,0.0,0.0,22637.0,12174.0,1.0
36067,11.271,0.044,11.187,11.362,0.0,0.0,19299.0,12482.0,1.0
36069,11.443,0.058,11.33,11.556,0.0,0.0,20629.0,12299.0,1.0
36071,11.843,0.053,11.739,11.946,0.0,0.0,15822.0,12772.0,1.0
36073,11.068,0.077,10.917,11.219,0.001,0.001,19504.0,13594.0,1.0
36075,11.055,0.057,10.947,11.172,0.0,0.0,21767.0,11284.0,1.0
36077,11.393,0.093,11.208,11.571,0.001,0.001,22907.0,12523.0,1.0
36079,12.235,0.082,12.072,12.395,0.001,0.001,24596.0,12974.0,1.0
36081,12.724,0.043,12.642,12.808,0.0,0.0,28749.0,12766.0,1.0
36083,11.629,0.057,11.517,11.742,0.0,0.0,25277.0,11513.0,1.0
36085,12.427,0.054,12.32,12.529,0.0,0.0,21004.0,13121.0,1.0
36087,12.482,0.053,12.376,12.584,0.0,0.0,21931.0,11192.0,1.0
36089,10.888,0.063,10.767,11.015,0.0,0.001,27289.0,12367.0,1.0
36091,11.925,0.055,11.817,12.032,0.0,0.0,22113.0,11882.0,1.0
36093,11.62,0.062,11.5,11.742,0.0,0.001,25820.0,11779.0,1.0
36095,11.297,0.149,11.01,11.591,0.001,0.001,17772.0,12273.0,1.0
36097,11.329,0.095,11.14,11.516,0.001,0.001,18928.0,12940.0,1.0
36099,11.166,0.086,10.995,11.333,0.001,0.001,14891.0,12125.0,1.0
36101,11.125,0.066,10.996,11.253,0.0,0.001,24302.0,12139.0,1.0
36103,12.531,0.04,12.454,12.611,0.0,0.0,28902.0,12275.0,1.0
36105,11.236,0.062,11.117,11.365,0.0,0.0,17973.0,12790.0,1.0
36107,11.27,0.069,11.131,11.4,0.0,0.001,23269.0,11251.0,1.0
36109,11.573,0.054,11.467,11.677,0.0,0.0,18766.0,13268.0,1.0
36111,11.818,0.051,11.717,11.914,0.0,0.0,21841.0,12397.0,1.0
36113,11.736,0.085,11.563,11.897,0.001,0.001,23169.0,11962.0,1.0
36115,11.3,0.149,11.002,11.583,0.001,0.001,15579.0,12477.0,1.0
36117,11.164,0.067,11.036,11.296,0.001,0.001,17478.0,11419.0,1.0
36119,12.663,0.044,12.575,12.748,0.0,0.0,16310.0,13517.0,1.0
36121,11.151,0.075,11.004,11.297,0.001,0.001,21865.0,12575.0,1.0
36123,11.328,0.091,11.15,11.503,0.001,0.001,16497.0,12466.0,1.0
37001,11.581,0.099,11.389,11.776,0.001,0.001,17584.0,13020.0,1.0
37003,11.408,0.115,11.187,11.638,0.001,0.001,17574.0,11567.0,1.0
37005,11.339,0.154,11.034,11.639,0.001,0.001,18168.0,11540.0,1.0
37007,10.794,0.104,10.591,10.993,0.001,0.001,14566.0,11880.0,1.0
37009,11.781,0.116,11.558,12.01,0.001,0.001,13780.0,12176.0,1.0
37013,11.262,0.083,11.107,11.427,0.001,0.001,15464.0,11870.0,1.0
37017,11.074,0.104,10.872,11.279,0.001,0.001,12807.0,11072.0,1.0
37019,11.894,0.069,11.758,12.027,0.001,0.001,16627.0,12132.0,1.0
37021,11.906,0.057,11.797,12.024,0.001,0.0,13071.0,12705.0,1.0
37023,11.416,0.1,11.224,11.611,0.001,0.001,16628.0,12377.0,1.0
37025,11.667,0.061,11.544,11.784,0.001,0.0,12448.0,11883.0,1.0
37027,11.2,0.065,11.077,11.33,0.001,0.0,15029.0,12785.0,1.0
37031,11.995,0.07,11.861,12.134,0.001,0.001,13825.0,12016.0,1.0
37035,11.501,0.059,11.383,11.615,0.0,0.0,14483.0,12845.0,1.0
37037,12.107,0.071,11.966,12.244,0.001,0.001,16807.0,11681.0,1.0
37039,11.304,0.15,11.011,11.597,0.001,0.001,15686.0,12494.0,1.0
37045,11.309,0.057,11.198,11.421,0.0,0.0,17284.0,12599.0,1.0
37047,11.096,0.063,10.969,11.219,0.001,0.0,12113.0,11809.0,1.0
37049,11.467,0.065,11.343,11.595,0.001,0.0,13516.0,12172.0,1.0
37051,11.351,0.054,11.246,11.455,0.0,0.0,13039.0,11994.0,1.0
37055,12.04,0.15,11.743,12.326,0.001,0.001,18502.0,11727.0,1.0
37057,11.464,0.066,11.341,11.602,0.0,0.001,20924.0,12591.0,1.0
37059,11.633,0.082,11.474,11.792,0.001,0.001,14643.0,12597.0,1.0
37061,11.111,0.08,10.95,11.263,0.001,0.001,18557.0,12011.0,1.0
37063,11.762,0.068,11.628,11.892,0.001,0.0,11060.0,11448.0,1.0
37065,10.75,0.071,10.607,10.886,0.001,0.001,12911.0,11802.0,1.0
37067,11.544,0.064,11.419,11.669,0.001,0.0,12057.0,12275.0,1.0
37071,11.462,0.057,11.356,11.578,0.0,0.0,14123.0,11509.0,1.0
37075,11.195,0.153,10.902,11.499,0.001,0.001,16347.0,12875.0,1.0
37077,11.627,0.078,11.474,11.777,0.001,0.001,19559.0,12764.0,1.0
37079,11.097,0.154,10.79,11.391,0.001,0.001,16067.0,12684.0,1.0
37081,11.474,0.054,11.371,11.583,0.0,0.0,12688.0,12028.0,1.0
37083,10.752,0.069,10.62,10.889,0.001,0.001,15786.0,12187.0,1.0
37085,11.52,0.077,11.369,11.671,0.001,0.001,23478.0,12573.0,1.0
37087,11.754,0.117,11.521,11.977,0.001,0.001,17165.0,11959.0,1.0
37089,11.832,0.097,11.638,12.02,0.001,0.001,17634.0,12456.0,1.0
37091,10.974,0.154,10.667,11.261,0.001,0.001,14052.0,11267.0,1.0
37093,11.481,0.089,11.306,11.656,0.001,0.001,15215.0,12133.0,1.0
37097,11.852,0.063,11.727,11.973,0.001,0.0,14564.0,11515.0,1.0
37099,11.807,0.115,11.589,12.037,0.001,0.001,16453.0,12280.0,1.0
37101,11.657,0.061,11.538,11.774,0.0,0.0,15327.0,12790.0,1.0
37103,10.873,0.119,10.641,11.106,0.001,0.001,14345.0,12289.0,1.0
37105,11.367,0.077,11.214,11.514,0.001,0.001,11350.0,12034.0,1.0
37107,10.795,0.075,10.643,10.937,0.001,0.001,12224.0,11586.0,1.0
37109,11.723,0.083,11.559,11.882,0.001,0.001,23985.0,12397.0,1.0
37111,11.503,0.116,11.278,11.732,0.001,0.001,17338.0,12383.0,1.0
37113,11.545,0.088,11.368,11.709,0.001,0.001,13964.0,12499.0,1.0
37115,11.697,0.114,11.469,11.919,0.001,0.001,16492.0,11917.0,1.0
37117,10.977,0.098,10.784,11.168,0.001,0.001,14223.0,12209.0,1.0
37119,11.8,0.051,11.7,11.9,0.0,0.0,13653.0,12715.0,1.0
37121,11.253,0.154,10.952,11.558,0.001,0.001,18298.0,11892.0,1.0
37123,11.068,0.148,10.784,11.363,0.001,0.001,17771.0,12740.0,1.0
37125,11.741,0.117,11.511,11.972,0.001,0.001,19103.0,11621.0,1.0
37127,11.281,0.078,11.128,11.436,0.001,0.001,12937.0,12076.0,1.0
37129,11.895,0.066,11.767,12.024,0.001,0.0,12620.0,12042.0,1.0
37133,11.654,0.059,11.537,11.768,0.0,0.0,18566.0,12831.0,1.0
37135,12.131,0.065,12.005,12.258,0.0,0.001,18552.0,11731.0,1.0
37139,11.351,0.097,11.154,11.537,0.001,0.001,12519.0,12007.0,1.0
37145,11.267,0.12,11.032,11.503,0.001,0.001,14749.0,11539.0,1.0
37147,11.403,0.065,11.276,11.528,0.001,0.0,13538.0,11766.0,1.0
37149,11.565,0.097,11.383,11.761,0.001,0.001,17676.0,11494.0,1.0
37151,11.378,0.077,11.225,11.526,0.001,0.001,18875.0,12197.0,1.0
37153,10.841,0.084,10.684,11.01,0.001,0.001,14774.0,12834.0,1.0
37155,10.883,0.086,10.708,11.048,0.001,0.001,12217.0,11789.0,1.0
37157,11.256,0.065,11.126,11.379,0.001,0.0,11403.0,11429.0,1.0
37159,11.389,0.065,11.26,11.513,0.0,0.0,17309.0,11408.0,1.0
37161,11.13,0.069,10.996,11.265,0.001,0.001,18427.0,12447.0,1.0
37163,10.951,0.095,10.756,11.129,0.001,0.001,19799.0,12615.0,1.0
37165,10.864,0.076,10.718,11.014,0.001,0.001,12995.0,11551.0,1.0
37167,11.453,0.099,11.262,11.649,0.001,0.001,15092.0,12582.0,1.0
37169,11.398,0.09,11.219,11.571,0.001,0.001,15696.0,12003.0,1.0
37171,11.239,0.077,11.096,11.395,0.001,0.001,15317.0,12612.0,1.0
37173,11.39,0.154,11.096,11.698,0.001,0.001,14382.0,11333.0,1.0
37175,11.854,0.099,11.659,12.044,0.001,0.001,16254.0,12149.0,1.0
37179,12.02,0.111,11.793,12.232,0.001,0.001,17918.0,12768.0,1.0
37181,11.085,0.073,10.94,11.225,0.001,0.001,11308.0,11940.0,1.0
37183,11.998,0.055,11.891,12.104,0.0,0.0,12128.0,12308.0,1.0
37185,11.311,0.102,11.114,11.512,0.001,0.001,15526.0,12174.0,1.0
37187,10.865,0.154,10.576,11.178,0.001,0.001,17608.0,12310.0,1.0
37189,11.837,0.15,11.537,12.126,0.001,0.001,17633.0,11972.0,1.0
37191,11.321,0.057,11.201,11.425,0.0,0.0,15460.0,11549.0,1.0
37193,11.193,0.071,11.054,11.332,0.001,0.001,20105.0,12731.0,1.0
37195,11.138,0.081,10.986,11.3,0.001,0.001,13716.0,11320.0,1.0
37197,11.357,0.112,11.133,11.575,0.001,0.001,17219.0,11649.0,1.0
37199,11.546,0.154,11.248,11.848,0.001,0.001,15083.0,12547.0,1.0
38015,11.856,0.169,11.522,12.183,0.002,0.001,6258.0,9524.0,1.0
38017,11.667,0.204,11.249,12.05,0.003,0.002,5573.0,8458.0,1.0
38035,11.579,0.195,11.208,11.966,0.002,0.002,6400.0,9246.0,1.0
38055,11.177,0.187,10.816,11.546,0.002,0.001,13844.0,12637.0,1.0
38059,11.715,0.212,11.296,12.123,0.002,0.002,9249.0,11127.0,1.0
38071,11.278,0.294,10.694,11.848,0.004,0.002,5500.0,8882.0,1.0
38077,10.977,0.233,10.505,11.416,0.003,0.002,6033.0,8889.0,1.0
38089,11.64,0.217,11.225,12.075,0.003,0.002,5521.0,8407.0,1.0
38093,11.537,0.198,11.144,11.921,0.002,0.001,7196.0,10497.0,1.0
38099,11.026,0.222,10.607,11.474,0.002,0.002,8346.0,9892.0,1.0
38101,11.824,0.177,11.464,12.159,0.002,0.001,6229.0,9846.0,1.0
38105,11.712,0.153,11.411,12.009,0.002,0.001,7320.0,9497.0,1.0
39001,11.519,0.125,11.264,11.757,0.001,0.001,11568.0,11148.0,1.0
39003,11.563,0.085,11.398,11.729,0.001,0.001,8249.0,11218.0,1.0
39005,11.683,0.124,11.441,11.926,0.001,0.001,12477.0,11577.0,1.0
39007,11.428,0.078,11.28,11.586,0.001,0.001,9579.0,11017.0,1.0
39009,11.651,0.097,11.455,11.837,0.001,0.001,11061.0,11549.0,1.0
39011,11.7,0.12,11.464,11.932,0.001,0.001,12806.0,11913.0,1.0
39015,11.751,0.094,11.566,11.937,0.001,0.001,7878.0,10570.0,1.0
39017,11.97,0.077,11.817,12.118,0.001,0.001,7907.0,10018.0,1.0
39019,11.361,0.152,11.06,11.653,0.001,0.001,14892.0,11548.0,1.0
39021,11.728,0.095,11.532,11.905,0.001,0.001,11055.0,11238.0,1.0
39023,11.434,0.073,11.29,11.573,0.001,0.001,8106.0,10778.0,1.0
39025,12.045,0.091,11.869,12.225,0.001,0.001,8134.0,10797.0,1.0
39027,11.629,0.115,11.404,11.854,0.001,0.001,10274.0,10683.0,1.0
39029,11.418,0.091,11.242,11.599,0.001,0.001,14238.0,12208.0,1.0
39031,11.376,0.116,11.149,11.609,0.001,0.001,14715.0,11049.0,1.0
39033,11.415,0.13,11.163,11.673,0.001,0.001,10369.0,10520.0,1.0
39035,11.743,0.079,11.593,11.901,0.001,0.001,6206.0,9606.0,1.0
39037,11.613,0.12,11.382,11.857,0.001,0.001,13906.0,11744.0,1.0
39039,11.464,0.092,11.283,11.645,0.001,0.001,14822.0,10940.0,1.0
39041,12.443,0.078,12.292,12.596,0.001,0.001,10769.0,11731.0,1.0
39043,11.652,0.102,11.449,11.845,0.001,0.001,15238.0,11836.0,1.0
39045,12.044,0.071,11.905,12.185,0.001,0.001,10518.0,11127.0,1.0
39047,11.782,0.088,11.614,11.961,0.001,0.001,6864.0,9757.0,1.0
39049,11.943,0.081,11.785,12.103,0.001,0.001,6180.0,9461.0,1.0
39051,11.69,0.093,11.507,11.871,0.001,0.001,13362.0,11383.0,1.0
39053,11.439,0.158,11.134,11.745,0.001,0.001,14395.0,11642.0,1.0
39055,12.037,0.094,11.856,12.223,0.001,0.001,20873.0,11927.0,1.0
39057,12.029,0.096,11.844,12.219,0.001,0.001,11047.0,11117.0,1.0
39059,11.417,0.096,11.234,11.607,0.001,0.001,9397.0,10408.0,1.0
39061,11.923,0.077,11.766,12.072,0.001,0.001,6248.0,9565.0,1.0
39063,11.903,0.096,11.719,12.092,0.001,0.001,8155.0,10998.0,1.0
39065,11.553,0.135,11.3,11.834,0.001,0.001,10436.0,11308.0,1.0
39067,11.357,0.108,11.142,11.568,0.001,0.001,10844.0,11345.0,1.0
39069,11.561,0.118,11.334,11.795,0.001,0.001,16325.0,12193.0,1.0
39071,11.409,0.087,11.242,11.579,0.001,0.001,10354.0,11919.0,1.0
39073,11.86,0.092,11.678,12.038,0.001,0.001,8614.0,10723.0,1.0
39075,11.803,0.154,11.499,12.096,0.001,0.001,13807.0,11855.0,1.0
39077,11.516,0.095,11.329,11.697,0.001,0.001,11693.0,11737.0,1.0
39079,11.509,0.104,11.31,11.715,0.001,0.001,7704.0,10280.0,1.0
39081,11.338,0.162,11.01,11.644,0.001,0.001,12638.0,12040.0,1.0
39083,11.601,0.092,11.428,11.785,0.001,0.001,14529.0,11540.0,1.0
39085,11.76,0.09,11.586,11.936,0.001,0.001,13362.0,11881.0,1.0
39087,11.434,0.107,11.229,11.647,0.001,0.001,9795.0,11324.0,1.0
39089,11.927,0.074,11.782,12.071,0.001,0.001,9742.0,11889.0,1.0
39091,11.617,0.091,11.443,11.796,0.001,0.001,11313.0,11125.0,1.0
39093,11.801,0.064,11.68,11.933,0.001,0.0,9858.0,12039.0,1.0
39095,11.472,0.076,11.325,11.619,0.001,0.001,6368.0,9853.0,1.0
39097,12.076,0.111,11.866,12.303,0.001,0.001,9710.0,11142.0,1.0
39099,11.337,0.072,11.203,11.485,0.001,0.0,8595.0,10816.0,1.0
39101,11.353,0.113,11.136,11.578,0.001,0.001,9689.0,12044.0,1.0
39103,12.022,0.084,11.86,12.19,0.001,0.001,12236.0,11975.0,1.0
39105,11.433,0.157,11.125,11.739,0.001,0.001,15058.0,12053.0,1.0
39107,11.728,0.161,11.407,12.043,0.001,0.001,13258.0,11819.0,1.0
39109,11.839,0.085,11.671,12.005,0.001,0.001,9270.0,10285.0,1.0
39113,11.646,0.082,11.485,11.803,0.001,0.001,6133.0,9667.0,1.0
39117,11.859,0.157,11.539,12.152,0.001,0.001,12080.0,12208.0,1.0
39119,11.52,0.075,11.371,11.665,0.001,0.001,8128.0,10363.0,1.0
39123,11.966,0.11,11.743,12.17,0.001,0.001,10349.0,11611.0,1.0
39125,11.53,0.118,11.303,11.765,0.001,0.001,18219.0,12351.0,1.0
39127,11.507,0.103,11.308,11.713,0.001,0.001,8882.0,11571.0,1.0
39129,11.943,0.082,11.778,12.104,0.001,0.001,11520.0,11370.0,1.0
39131,11.691,0.105,11.483,11.899,0.001,0.001,8739.0,10937.0,1.0
39133,11.979,0.072,11.843,12.123,0.001,0.001,8149.0,10770.0,1.0
39135,11.729,0.093,11.546,11.911,0.001,0.001,11844.0,11689.0,1.0
39137,11.695,0.155,11.392,11.999,0.001,0.001,14319.0,12236.0,1.0
39139,11.507,0.076,11.358,11.66,0.001,0.001,10047.0,11163.0,1.0
39141,11.653,0.083,11.493,11.819,0.001,0.001,8688.0,10628.0,1.0
39143,11.771,0.122,11.535,12.008,0.001,0.001,12684.0,11410.0,1.0
39145,11.349,0.091,11.168,11.526,0.001,0.001,10369.0,11829.0,1.0
39147,11.533,0.088,11.353,11.701,0.001,0.001,9110.0,11182.0,1.0
39149,11.631,0.157,11.317,11.928,0.001,0.001,15439.0,12634.0,1.0
39151,11.547,0.054,11.441,11.653,0.0,0.0,12080.0,12160.0,1.0
39153,11.727,0.071,11.588,11.866,0.001,0.001,6873.0,9478.0,1.0
39155,11.32,0.074,11.182,11.469,0.001,0.001,9675.0,11796.0,1.0
39157,11.393,0.116,11.167,11.621,0.001,0.001,15218.0,12208.0,1.0
39159,12.259,0.098,12.076,12.461,0.001,0.001,11382.0,11419.0,1.0
39161,11.337,0.121,11.095,11.571,0.001,0.001,13055.0,12683.0,1.0
39165,12.21,0.081,12.054,12.371,0.001,0.001,11442.0,11549.0,1.0
39167,11.541,0.093,11.363,11.726,0.001,0.001,12708.0,11748.0,1.0
39169,11.657,0.099,11.46,11.844,0.001,0.001,17033.0,12507.0,1.0
39171,11.365,0.104,11.165,11.574,0.001,0.001,11971.0,11466.0,1.0
39173,11.875,0.096,11.693,12.066,0.001,0.001,11250.0,11753.0,1.0
39175,11.581,0.099,11.385,11.772,0.001,0.001,8585.0,11663.0,1.0
40001,10.977,0.11,10.755,11.187,0.001,0.001,12967.0,12298.0,1.0
40009,11.206,0.107,10.992,11.413,0.001,0.001,14435.0,11491.0,1.0
40011,10.855,0.122,10.616,11.094,0.001,0.001,15248.0,11955.0,1.0
40013,11.279,0.084,11.116,11.443,0.001,0.001,10489.0,11028.0,1.0
40015,10.854,0.103,10.648,11.051,0.001,0.001,18526.0,12266.0,1.0
40017,11.503,0.08,11.35,11.66,0.001,0.001,12928.0,11971.0,1.0
40019,11.046,0.096,10.853,11.228,0.001,0.001,11599.0,12557.0,1.0
40021,11.247,0.082,11.088,11.409,0.001,0.001,16073.0,12194.0,1.0
40023,10.799,0.088,10.632,10.977,0.001,0.001,15470.0,12193.0,1.0
40027,11.534,0.08,11.379,11.692,0.001,0.001,16783.0,12207.0,1.0
40029,10.76,0.163,10.446,11.088,0.001,0.001,14227.0,12132.0,1.0
40031,11.382,0.089,11.21,11.56,0.001,0.001,21904.0,12199.0,1.0
40033,10.885,0.155,10.589,11.19,0.001,0.001,17099.0,11587.0,1.0
40035,11.082,0.157,10.784,11.395,0.001,0.001,15330.0,11810.0,1.0
40037,11.322,0.093,11.139,11.502,0.001,0.001,14260.0,12345.0,1.0
40039,11.282,0.122,11.046,11.526,0.001,0.001,14029.0,12366.0,1.0
40041,11.621,0.127,11.368,11.866,0.001,0.001,14196.0,12254.0,1.0
40047,11.09,0.08,10.931,11.246,0.001,0.001,14179.0,11642.0,1.0
40049,10.952,0.126,10.707,11.199,0.001,0.001,14460.0,12085.0,1.0
40051,11.327,0.085,11.159,11.494,0.001,0.001,16408.0,10830.0,1.0
40065,10.942,0.116,10.722,11.168,0.001,0.001,18709.0,12363.0,1.0
40067,10.776,0.152,10.471,11.066,0.001,0.001,16932.0,12026.0,1.0
40069,10.648,0.118,10.423,10.886,0.001,0.001,11133.0,11861.0,1.0
40071,10.778,0.098,10.585,10.969,0.001,0.001,13490.0,11873.0,1.0
40073,11.436,0.117,11.214,11.67,0.001,0.001,21807.0,12979.0,1.0
40077,11.163,0.152,10.855,11.448,0.001,0.001,16837.0,11386.0,1.0
40079,11.027,0.099,10.831,11.22,0.001,0.001,12891.0,12231.0,1.0
40081,11.035,0.159,10.719,11.342,0.001,0.001,15190.0,11676.0,1.0
40083,11.669,0.087,11.498,11.839,0.001,0.001,16335.0,12233.0,1.0
40087,11.586,0.103,11.387,11.793,0.001,0.001,16655.0,12921.0,1.0
40089,11.147,0.08,10.995,11.307,0.001,0.001,22887.0,12353.0,1.0
40091,11.144,0.103,10.938,11.338,0.001,0.001,12196.0,11910.0,1.0
40093,11.289,0.155,10.998,11.603,0.001,0.001,16779.0,12536.0,1.0
40095,11.188,0.152,10.89,11.481,0.001,0.001,19126.0,12276.0,1.0
40097,11.247,0.157,10.945,11.559,0.001,0.001,16859.0,12555.0,1.0
40099,11.007,0.119,10.775,11.245,0.001,0.001,17618.0,12515.0,1.0
40101,11.106,0.082,10.951,11.271,0.001,0.001,11571.0,11637.0,1.0
40103,11.071,0.12,10.839,11.312,0.001,0.001,16038.0,12109.0,1.0
40105,11.031,0.153,10.719,11.326,0.001,0.001,19145.0,12598.0,1.0
40109,11.407,0.069,11.277,11.546,0.001,0.0,10637.0,11952.0,1.0
40111,10.854,0.115,10.624,11.076,0.001,0.001,22559.0,12422.0,1.0
40113,11.296,0.093,11.108,11.472,0.001,0.001,11612.0,11797.0,1.0
40115,10.88,0.095,10.705,11.075,0.001,0.001,16184.0,12585.0,1.0
40117,10.892,0.149,10.59,11.17,0.001,0.001,18021.0,12906.0,1.0
40119,11.47,0.08,11.317,11.633,0.001,0.001,11439.0,11808.0,1.0
40121,11.048,0.095,10.866,11.234,0.001,0.001,11995.0,11850.0,1.0
40123,11.196,0.091,11.02,11.374,0.001,0.001,12049.0,12022.0,1.0
40125,11.043,0.083,10.879,11.206,0.001,0.001,10296.0,11933.0,1.0
40131,11.633,0.082,11.474,11.794,0.001,0.001,13203.0,12428.0,1.0
40133,10.665,0.093,10.484,10.847,0.001,0.001,11331.0,11685.0,1.0
40135,11.094,0.119,10.866,11.331,0.001,0.001,10411.0,11410.0,1.0
40137,11.002,0.08,10.848,11.159,0.001,0.001,19489.0,12719.0,1.0
40143,11.503,0.066,11.373,11.629,0.001,0.0,11293.0,12207.0,1.0
40145,11.616,0.109,11.404,11.834,0.001,0.001,13278.0,12323.0,1.0
40147,11.178,0.089,11.008,11.352,0.001,0.001,15789.0,11849.0,1.0
41003,11.927,0.092,11.749,12.11,0.001,0.001,16560.0,11853.0,1.0
41005,11.956,0.093,11.78,12.142,0.001,0.001,6238.0,10301.0,1.0
41007,11.684,0.133,11.418,11.937,0.002,0.001,6472.0,9741.0,1.0
41009,11.606,0.127,11.347,11.847,0.001,0.001,13511.0,10807.0,1.0
41011,11.507,0.108,11.297,11.715,0.001,0.001,13524.0,12167.0,1.0
41013,11.539,0.119,11.305,11.774,0.001,0.001,7465.0,10019.0,1.0
41015,11.651,0.121,11.409,11.885,0.001,0.001,9143.0,10972.0,1.0
41017,11.86,0.094,11.675,12.043,0.001,0.001,6038.0,9810.0,1.0
41019,11.31,0.103,11.103,11.505,0.001,0.001,6028.0,9722.0,1.0
41023,11.372,0.161,11.059,11.688,0.001,0.001,13566.0,11875.0,1.0
41027,11.505,0.162,11.187,11.82,0.002,0.001,5677.0,8817.0,1.0
41029,11.692,0.096,11.511,11.883,0.001,0.001,6719.0,10000.0,1.0
41031,10.992,0.16,10.676,11.3,0.002,0.001,7174.0,10861.0,1.0
41033,11.426,0.143,11.136,11.696,0.002,0.001,8756.0,11003.0,1.0
41035,11.19,0.103,10.987,11.394,0.001,0.001,11025.0,11592.0,1.0
41039,11.6,0.095,11.415,11.786,0.001,0.001,5801.0,9249.0,1.0
41041,11.466,0.125,11.218,11.708,0.002,0.001,6018.0,9148.0,1.0
41043,11.503,0.107,11.289,11.71,0.001,0.001,7211.0,10759.0,1.0
41045,11.074,0.142,10.787,11.342,0.002,0.001,7822.0,10591.0,1.0
41047,11.538,0.095,11.356,11.727,0.001,0.001,6567.0,10190.0,1.0
41049,10.841,0.144,10.572,11.142,0.002,0.001,6385.0,9452.0,1.0
41051,11.535,0.141,11.264,11.812,0.002,0.001,4968.0,8413.0,1.0
41053,11.912,0.106,11.708,12.121,0.001,0.001,15703.0,11916.0,1.0
41059,11.054,0.186,10.691,11.417,0.002,0.001,8379.0,10125.0,1.0
41061,10.987,0.162,10.671,11.313,0.002,0.001,6702.0,9865.0,1.0
41065,11.134,0.178,10.786,11.48,0.002,0.001,9716.0,11428.0,1.0
41067,11.808,0.107,11.597,12.008,0.001,0.001,5444.0,9201.0,1.0
41071,11.637,0.093,11.45,11.816,0.001,0.001,8383.0,11208.0,1.0
42001,11.685,0.07,11.55,11.823,0.001,0.001,18371.0,11864.0,1.0
42003,11.37,0.057,11.259,11.479,0.001,0.0,11148.0,12188.0,1.0
42005,11.069,0.097,10.877,11.255,0.001,0.001,16807.0,11521.0,1.0
42007,11.365,0.074,11.222,11.508,0.001,0.001,20513.0,11502.0,1.0
42009,11.261,0.146,10.98,11.55,0.001,0.001,20857.0,12493.0,1.0
42011,11.626,0.058,11.512,11.737,0.0,0.0,21145.0,13173.0,1.0
42013,11.291,0.096,11.106,11.482,0.001,0.001,19089.0,11572.0,1.0
42015,11.35,0.102,11.153,11.552,0.001,0.001,16687.0,12233.0,1.0
42017,12.253,0.064,12.128,12.379,0.0,0.001,31575.0,11694.0,1.0
42019,11.8,0.071,11.663,11.94,0.001,0.001,16683.0,12856.0,1.0
42021,11.363,0.093,11.185,11.549,0.001,0.001,20626.0,12802.0,1.0
42025,11.356,0.152,11.063,11.66,0.001,0.001,16608.0,11645.0,1.0
42027,11.784,0.071,11.645,11.921,0.001,0.0,11565.0,12149.0,1.0
42029,12.27,0.048,12.174,12.364,0.0,0.0,18605.0,12137.0,1.0
42031,11.163,0.158,10.848,11.467,0.001,0.001,13024.0,11913.0,1.0
42033,11.168,0.15,10.874,11.454,0.001,0.001,21889.0,11145.0,1.0
42035,11.429,0.113,11.212,11.656,0.001,0.001,16067.0,11811.0,1.0
42037,11.54,0.067,11.407,11.668,0.001,0.0,15186.0,12433.0,1.0
42039,11.267,0.097,11.075,11.458,0.001,0.001,19612.0,12119.0,1.0
42041,11.769,0.065,11.647,11.901,0.001,0.0,14497.0,12534.0,1.0
42043,11.46,0.07,11.325,11.598,0.001,0.001,12284.0,11215.0,1.0
42045,11.811,0.053,11.707,11.912,0.0,0.0,17659.0,11994.0,1.0
42047,11.117,0.155,10.812,11.417,0.001,0.001,16329.0,12386.0,1.0
42049,11.306,0.06,11.192,11.427,0.0,0.0,17043.0,12354.0,1.0
42051,11.137,0.071,10.996,11.275,0.001,0.001,17765.0,11402.0,1.0
42055,11.676,0.062,11.555,11.796,0.001,0.0,13431.0,12155.0,1.0
42059,11.205,0.12,10.962,11.436,0.001,0.001,15809.0,12576.0,1.0
42061,11.453,0.151,11.162,11.75,0.001,0.001,18757.0,12876.0,1.0
42063,11.081,0.119,10.846,11.312,0.001,0.001,16765.0,12848.0,1.0
42069,11.296,0.074,11.151,11.442,0.001,0.001,12943.0,12277.0,1.0
42071,11.841,0.062,11.72,11.963,0.001,0.0,15427.0,11302.0,1.0
42073,11.126,0.112,10.908,11.343,0.001,0.001,20674.0,12567.0,1.0
42075,11.647,0.082,11.489,11.811,0.001,0.001,15450.0,12596.0,1.0
42077,11.763,0.063,11.643,11.889,0.0,0.001,18772.0,12414.0,1.0
42079,11.362,0.063,11.232,11.479,0.0,0.001,30174.0,12211.0,1.0
42081,11.478,0.065,11.349,11.602,0.001,0.0,14820.0,12446.0,1.0
42085,11.198,0.1,10.992,11.385,0.001,0.001,17249.0,11514.0,1.0
42087,10.998,0.105,10.792,11.203,0.001,0.001,13467.0,11972.0,1.0
42089,11.618,0.097,11.427,11.804,0.001,0.001,18606.0,12676.0,1.0
42091,12.191,0.051,12.09,12.289,0.0,0.0,27622.0,12520.0,1.0
42095,11.846,0.076,11.701,11.996,0.001,0.001,12795.0,11796.0,1.0
42097,11.205,0.09,11.029,11.381,0.001,0.001,18235.0,10899.0,1.0
42101,11.29,0.065,11.162,11.416,0.001,0.0,10300.0,11800.0,1.0
42107,10.965,0.071,10.826,11.106,0.0,0.001,21711.0,12839.0,1.0
42111,11.228,0.088,11.057,11.401,0.001,0.001,16280.0,12124.0,1.0
42115,11.658,0.083,11.501,11.829,0.001,0.001,20251.0,12030.0,1.0
42117,11.381,0.086,11.21,11.549,0.001,0.001,19163.0,11748.0,1.0
42119,11.573,0.155,11.265,11.87,0.001,0.001,14723.0,12260.0,1.0
42121,10.87,0.114,10.648,11.097,0.001,0.001,15887.0,12131.0,1.0
42125,11.551,0.065,11.42,11.675,0.0,0.001,18810.0,13216.0,1.0
42127,11.513,0.149,11.224,11.806,0.001,0.001,14583.0,12186.0,1.0
42129,11.468,0.068,11.339,11.603,0.0,0.001,28289.0,11922.0,1.0
42131,11.576,0.096,11.387,11.762,0.001,0.001,17871.0,11830.0,1.0
42133,11.646,0.061,11.525,11.765,0.001,0.0,13224.0,11399.0,1.0
44001,12.308,0.127,12.06,12.556,0.001,0.001,17114.0,13277.0,1.0
44003,11.846,0.099,11.652,12.037,0.001,0.001,14613.0,14275.0,1.0
44005,12.323,0.119,12.098,12.561,0.001,0.001,11889.0,12382.0,1.0
44007,11.815,0.122,11.587,12.058,0.001,0.001,11474.0,11460.0,1.0
44009,12.195,0.119,11.965,12.427,0.001,0.001,11869.0,12560.0,1.0
45001,11.179,0.09,11.004,11.359,0.001,0.001,13447.0,11839.0,1.0
45003,11.523,0.051,11.422,11.623,0.0,0.0,23195.0,12753.0,1.0
45005,10.842,0.158,10.533,11.146,0.001,0.001,14972.0,12131.0,1.0
45007,11.465,0.063,11.34,11.584,0.001,0.0,13187.0,12059.0,1.0
45009,11.209,0.162,10.884,11.52,0.001,0.001,12359.0,11929.0,1.0
45011,11.175,0.094,10.989,11.356,0.001,0.001,14803.0,11607.0,1.0
45013,12.261,0.06,12.148,12.38,0.001,0.0,13543.0,12447.0,1.0
45015,11.788,0.066,11.663,11.923,0.0,0.0,17815.0,13103.0,1.0
45017,11.581,0.15,11.292,11.878,0.001,0.001,15755.0,12024.0,1.0
45019,12.124,0.063,12.004,12.25,0.001,0.0,13131.0,12571.0,1.0
45021,11.357,0.091,11.183,11.537,0.001,0.001,12487.0,11687.0,1.0
45023,11.3,0.099,11.101,11.487,0.001,0.001,20839.0,12697.0,1.0
45025,11.326,0.084,11.162,11.489,0.001,0.001,15921.0,12243.0,1.0
45027,11.401,0.087,11.235,11.577,0.001,0.001,11638.0,12018.0,1.0
45029,11.392,0.091,11.21,11.563,0.001,0.001,14658.0,12958.0,1.0
45031,11.25,0.105,11.035,11.45,0.001,0.001,13110.0,11378.0,1.0
45033,11.454,0.122,11.21,11.685,0.001,0.001,13324.0,11850.0,1.0
45035,11.832,0.067,11.701,11.961,0.001,0.0,11943.0,12115.0,1.0
45037,11.44,0.125,11.195,11.682,0.001,0.001,15092.0,11387.0,1.0
45039,11.614,0.103,11.415,11.814,0.001,0.001,11412.0,10409.0,1.0
45041,11.327,0.069,11.193,11.457,0.001,0.001,15002.0,11811.0,1.0
45043,11.83,0.101,11.635,12.036,0.001,0.001,14231.0,12084.0,1.0
45045,11.683,0.063,11.562,11.81,0.001,0.0,10848.0,11272.0,1.0
45047,11.196,0.156,10.888,11.502,0.001,0.001,14662.0,12067.0,1.0
45049,11.225,0.15,10.931,11.52,0.001,0.001,18132.0,12072.0,1.0
45051,11.765,0.057,11.65,11.873,0.0,0.0,16919.0,13251.0,1.0
45053,11.831,0.092,11.651,12.008,0.001,0.001,16845.0,12107.0,1.0
45055,11.486,0.073,11.341,11.627,0.001,0.001,14237.0,12041.0,1.0
45057,11.863,0.067,11.729,11.988,0.001,0.0,15842.0,13184.0,1.0
45059,11.593,0.077,11.441,11.742,0.001,0.001,12770.0,12551.0,1.0
45061,11.286,0.161,10.968,11.598,0.001,0.001,11973.0,11365.0,1.0
45063,11.59,0.055,11.484,11.698,0.0,0.0,28601.0,11309.0,1.0
45065,11.696,0.124,11.446,11.929,0.001,0.001,14108.0,11754.0,1.0
45067,11.184,0.119,10.96,11.425,0.001,0.001,14636.0,10936.0,1.0
45069,11.361,0.109,11.149,11.574,0.001,0.001,12255.0,11334.0,1.0
45071,11.417,0.093,11.233,11.597,0.001,0.001,12012.0,11016.0,1.0
45073,11.565,0.08,11.407,11.719,0.001,0.001,14946.0,11838.0,1.0
45075,11.235,0.08,11.076,11.391,0.001,0.001,17318.0,11954.0,1.0
45077,11.605,0.07,11.47,11.746,0.001,0.001,15530.0,11553.0,1.0
45079,11.512,0.059,11.397,11.628,0.001,0.0,12392.0,11615.0,1.0
45081,11.279,0.103,11.082,11.483,0.001,0.001,14114.0,12256.0,1.0
45083,11.471,0.064,11.348,11.598,0.001,0.0,15010.0,12170.0,1.0
45085,11.446,0.078,11.291,11.596,0.001,0.001,13590.0,11138.0,1.0
45087,11.022,0.128,10.774,11.274,0.001,0.001,11886.0,12043.0,1.0
45089,11.033,0.1,10.839,11.228,0.001,0.001,12763.0,11836.0,1.0
45091,11.796,0.058,11.682,11.909,0.0,0.0,17253.0,13255.0,1.0
46011,11.551,0.161,11.234,11.867,0.002,0.001,10653.0,11791.0,1.0
46013,11.202,0.159,10.89,11.516,0.002,0.001,7182.0,11049.0,1.0
46027,11.311,0.24,10.836,11.771,0.003,0.002,7315.0,9998.0,1.0
46035,11.093,0.231,10.661,11.551,0.003,0.002,6088.0,9652.0,1.0
46065,11.623,0.193,11.253,12.008,0.002,0.001,12401.0,11699.0,1.0
46081,11.722,0.167,11.399,12.055,0.002,0.001,9565.0,12098.0,1.0
46083,11.743,0.211,11.335,12.164,0.002,0.001,9059.0,11215.0,1.0
46099,11.276,0.193,10.895,11.647,0.003,0.001,5903.0,9046.0,1.0
46103,11.477,0.189,11.122,11.859,0.002,0.001,6077.0,9823.0,1.0
46127,11.676,0.156,11.378,11.985,0.001,0.001,11195.0,11691.0,1.0
46135,11.33,0.19,10.966,11.709,0.002,0.001,7116.0,10331.0,1.0
47001,11.287,0.077,11.14,11.441,0.001,0.001,11382.0,11611.0,1.0
47003,11.284,0.079,11.132,11.442,0.001,0.001,13281.0,11303.0,1.0
47005,10.788,0.103,10.589,10.991,0.001,0.001,15199.0,12572.0,1.0
47009,11.583,0.085,11.421,11.75,0.001,0.001,16716.0,12147.0,1.0
47011,11.477,0.077,11.326,11.629,0.001,0.001,12051.0,11947.0,1.0
47013,11.072,0.097,10.883,11.267,0.001,0.001,18606.0,12007.0,1.0
47015,11.512,0.152,11.216,11.813,0.001,0.001,14450.0,12106.0,1.0
47017,11.044,0.112,10.832,11.271,0.001,0.001,20598.0,12259.0,1.0
47019,11.104,0.078,10.95,11.256,0.001,0.001,15853.0,13037.0,1.0
47021,11.578,0.114,11.36,11.805,0.001,0.001,16779.0,12183.0,1.0
47023,11.087,0.15,10.805,11.388,0.001,0.001,15496.0,12149.0,1.0
47025,11.307,0.118,11.071,11.53,0.001,0.001,14470.0,11850.0,1.0
47027,10.861,0.158,10.557,11.172,0.001,0.001,12528.0,11824.0,1.0
47029,11.207,0.118,10.97,11.433,0.001,0.001,15776.0,12291.0,1.0
47031,11.303,0.087,11.131,11.47,0.001,0.001,11353.0,10326.0,1.0
47033,11.102,0.152,10.801,11.394,0.001,0.001,15908.0,12456.0,1.0
47035,11.442,0.066,11.314,11.572,0.0,0.001,21138.0,12669.0,1.0
47037,11.63,0.066,11.5,11.757,0.001,0.0,9226.0,11348.0,1.0
47039,11.051,0.116,10.82,11.28,0.001,0.001,16265.0,12098.0,1.0
47041,11.304,0.151,11.005,11.595,0.001,0.001,16568.0,12010.0,1.0
47043,11.441,0.091,11.263,11.618,0.001,0.001,14628.0,12874.0,1.0
47045,11.25,0.116,11.031,11.48,0.001,0.001,16080.0,12282.0,1.0
47047,11.659,0.096,11.466,11.845,0.001,0.001,20676.0,12279.0,1.0
47049,11.051,0.097,10.865,11.241,0.001,0.001,12150.0,11490.0,1.0
47051,11.289,0.15,11.009,11.591,0.001,0.001,18421.0,12415.0,1.0
47053,11.058,0.077,10.908,11.21,0.001,0.001,19763.0,12522.0,1.0
47055,11.109,0.117,10.877,11.334,0.001,0.001,17652.0,11645.0,1.0
47057,11.176,0.152,10.873,11.473,0.001,0.001,17643.0,11851.0,1.0
47059,11.18,0.097,10.984,11.368,0.001,0.001,16585.0,12366.0,1.0
47061,10.892,0.151,10.595,11.183,0.001,0.001,15837.0,12250.0,1.0
47063,11.258,0.08,11.103,11.414,0.001,0.001,12883.0,11112.0,1.0
47065,11.646,0.061,11.522,11.763,0.001,0.0,12903.0,11957.0,1.0
47067,10.992,0.157,10.677,11.289,0.001,0.001,12125.0,11510.0,1.0
47069,10.88,0.153,10.585,11.187,0.001,0.001,14470.0,11152.0,1.0
47071,11.052,0.084,10.89,11.221,0.001,0.001,15545.0,12141.0,1.0
47073,11.296,0.096,11.112,11.485,0.001,0.001,20143.0,12724.0,1.0
47075,10.906,0.108,10.699,11.115,0.001,0.001,12765.0,11980.0,1.0
47077,11.015,0.112,10.801,11.242,0.001,0.001,24045.0,12052.0,1.0
47079,11.113,0.094,10.921,11.289,0.001,0.001,12731.0,11855.0,1.0
47083,11.074,0.152,10.771,11.369,0.001,0.001,14008.0,12258.0,1.0
47085,11.073,0.152,10.777,11.368,0.001,0.001,20953.0,12469.0,1.0
47091,11.362,0.153,11.056,11.657,0.001,0.001,17346.0,11648.0,1.0
47093,11.503,0.061,11.386,11.621,0.001,0.0,10841.0,11935.0,1.0
47095,10.718,0.126,10.469,10.964,0.001,0.001,12273.0,12123.0,1.0
47097,10.79,0.103,10.594,10.997,0.001,0.001,15182.0,12507.0,1.0
47099,11.044,0.096,10.854,11.234,0.001,0.001,17327.0,12963.0,1.0
47101,10.988,0.154,10.686,11.292,0.001,0.001,17143.0,12336.0,1.0
47103,11.067,0.121,10.835,11.309,0.001,0.001,14602.0,11719.0,1.0
47105,11.738,0.083,11.572,11.894,0.001,0.001,13997.0,12014.0,1.0
47107,11.061,0.154,10.758,11.362,0.001,0.001,19233.0,12954.0,1.0
47111,10.926,0.103,10.723,11.123,0.001,0.001,12975.0,11919.0,1.0
47113,11.302,0.069,11.169,11.44,0.001,0.0,11378.0,12016.0,1.0
47115,11.206,0.151,10.901,11.492,0.001,0.001,16922.0,12266.0,1.0
47117,11.18,0.093,10.989,11.357,0.001,0.001,13241.0,11855.0,1.0
47119,11.569,0.078,11.417,11.727,0.001,0.001,13286.0,11852.0,1.0
47123,11.207,0.101,11.009,11.403,0.001,0.001,16351.0,12589.0,1.0
47125,11.527,0.062,11.408,11.649,0.001,0.0,15217.0,12722.0,1.0
47129,11.14,0.151,10.858,11.45,0.001,0.001,15998.0,12086.0,1.0
47131,10.922,0.089,10.748,11.096,0.001,0.001,15201.0,12670.0,1.0
47133,11.268,0.115,11.045,11.494,0.001,0.001,19231.0,12589.0,1.0
47135,11.001,0.103,10.8,11.199,0.001,0.001,15652.0,12094.0,1.0
47137,11.157,0.157,10.847,11.464,0.001,0.001,13674.0,12253.0,1.0
47139,11.366,0.149,11.083,11.666,0.001,0.001,16907.0,12166.0,1.0
47141,11.469,0.065,11.34,11.592,0.001,0.0,15277.0,12230.0,1.0
47143,11.174,0.117,10.942,11.4,0.001,0.001,16084.0,11967.0,1.0
47145,11.413,0.086,11.244,11.578,0.001,0.001,19030.0,12745.0,1.0
47147,11.408,0.1,11.22,11.612,0.001,0.001,15459.0,12428.0,1.0
47149,11.705,0.067,11.573,11.834,0.001,0.0,13979.0,12417.0,1.0
47151,11.155,0.11,10.94,11.37,0.001,0.001,17176.0,12760.0,1.0
47153,11.232,0.121,10.992,11.465,0.001,0.001,14977.0,11286.0,1.0
47155,11.642,0.074,11.501,11.789,0.001,0.001,17848.0,12961.0,1.0
47157,11.163,0.064,11.041,11.291,0.001,0.0,9856.0,11473.0,1.0
47159,11.25,0.118,11.019,11.481,0.001,0.001,14498.0,11296.0,1.0
47161,11.26,0.151,10.964,11.555,0.001,0.001,16412.0,12423.0,1.0
47163,11.264,0.064,11.133,11.385,0.001,0.0,13477.0,12660.0,1.0
47165,11.679,0.074,11.536,11.828,0.001,0.001,13931.0,11435.0,1.0
47167,11.234,0.152,10.951,11.544,0.001,0.001,16733.0,12856.0,1.0
47171,11.166,0.152,10.864,11.464,0.001,0.001,16696.0,12112.0,1.0
47173,11.087,0.155,10.778,11.387,0.001,0.001,14624.0,12359.0,1.0
47175,10.927,0.154,10.625,11.222,0.001,0.001,15186.0,11893.0,1.0
47177,11.174,0.083,11.014,11.338,0.001,0.001,15400.0,11604.0,1.0
47179,11.316,0.084,11.147,11.475,0.001,0.001,13533.0,12330.0,1.0
47183,11.044,0.114,10.825,11.267,0.001,0.001,15942.0,12165.0,1.0
47185,11.084,0.115,10.865,11.312,0.001,0.001,16137.0,12362.0,1.0
47187,12.446,0.076,12.296,12.592,0.0,0.001,23085.0,12381.0,1.0
47189,11.905,0.089,11.724,12.076,0.001,0.001,13267.0,12078.0,1.0
48001,11.061,0.161,10.755,11.375,0.001,0.001,12192.0,11578.0,1.0
48003,11.582,0.153,11.287,11.891,0.001,0.001,13709.0,11866.0,1.0
48005,11.06,0.078,10.904,11.209,0.001,0.001,9879.0,11512.0,1.0
48007,11.623,0.124,11.371,11.855,0.001,0.001,11367.0,10773.0,1.0
48013,11.269,0.15,10.978,11.567,0.001,0.001,14583.0,12612.0,1.0
48021,11.565,0.117,11.33,11.787,0.001,0.001,17200.0,11740.0,1.0
48025,11.247,0.101,11.047,11.447,0.001,0.001,11246.0,10630.0,1.0
48027,11.387,0.075,11.241,11.535,0.001,0.001,13866.0,12324.0,1.0
48029,11.316,0.059,11.195,11.426,0.001,0.0,7918.0,10343.0,1.0
48031,11.918,0.152,11.625,12.217,0.001,0.001,16257.0,12311.0,1.0
48037,11.13,0.083,10.967,11.293,0.001,0.001,9752.0,12104.0,1.0
48039,11.516,0.068,11.384,11.647,0.001,0.0,12820.0,12533.0,1.0
48041,11.472,0.104,11.273,11.679,0.001,0.001,11270.0,11209.0,1.0
48043,11.4,0.161,11.073,11.704,0.001,0.001,12913.0,11956.0,1.0
48049,10.968,0.16,10.654,11.278,0.002,0.001,10770.0,10674.0,1.0
48051,11.6,0.16,11.284,11.905,0.001,0.001,14773.0,11270.0,1.0
48053,11.386,0.127,11.131,11.629,0.001,0.001,11612.0,11406.0,1.0
48055,11.548,0.152,11.25,11.845,0.001,0.001,15500.0,12299.0,1.0
48059,11.45,0.153,11.148,11.749,0.001,0.001,16513.0,11467.0,1.0
48061,11.1,0.068,10.967,11.232,0.001,0.0,7429.0,10467.0,1.0
48073,11.221,0.153,10.92,11.519,0.001,0.001,12589.0,11154.0,1.0
48085,11.9,0.058,11.787,12.016,0.001,0.0,9454.0,10932.0,1.0
48089,11.291,0.159,10.982,11.607,0.001,0.001,15142.0,12138.0,1.0
48091,11.964,0.079,11.808,12.116,0.001,0.001,16745.0,11695.0,1.0
48093,11.046,0.156,10.736,11.348,0.001,0.001,13438.0,12229.0,1.0
48099,11.315,0.096,11.127,11.502,0.001,0.001,19155.0,12796.0,1.0
48113,11.236,0.068,11.103,11.369,0.001,0.0,6348.0,9795.0,1.0
48121,11.643,0.071,11.503,11.777,0.001,0.0,9479.0,11360.0,1.0
48123,11.353,0.124,11.115,11.598,0.001,0.001,11240.0,11211.0,1.0
48133,10.955,0.155,10.652,11.256,0.001,0.001,15666.0,11891.0,1.0
48135,11.162,0.105,10.956,11.369,0.001,0.001,12819.0,11496.0,1.0
48139,11.505,0.091,11.332,11.685,0.001,0.001,14425.0,12328.0,1.0
48141,11.187,0.06,11.072,11.304,0.001,0.0,7461.0,10644.0,1.0
48149,11.916,0.118,11.684,12.146,0.001,0.001,13015.0,11725.0,1.0
48157,11.895,0.059,11.783,12.012,0.0,0.0,21519.0,12107.0,1.0
48161,11.309,0.154,11.012,11.614,0.001,0.001,14231.0,11751.0,1.0
48163,11.113,0.159,10.808,11.43,0.001,0.001,12884.0,12361.0,1.0
48165,11.26,0.156,10.953,11.566,0.001,0.001,14266.0,11703.0,1.0
48167,11.396,0.078,11.244,11.551,0.001,0.001,9747.0,11255.0,1.0
48181,11.225,0.092,11.049,11.407,0.001,0.001,13130.0,11693.0,1.0
48183,11.164,0.08,11.007,11.321,0.001,0.001,10306.0,11630.0,1.0
48187,11.453,0.155,11.148,11.757,0.001,0.001,13960.0,11921.0,1.0
48189,10.938,0.156,10.643,11.249,0.001,0.001,14980.0,12026.0,1.0
48199,11.408,0.102,11.207,11.605,0.001,0.001,12547.0,12085.0,1.0
48201,11.313,0.065,11.183,11.439,0.001,0.0,6701.0,10559.0,1.0
48203,11.332,0.1,11.142,11.529,0.001,0.001,16796.0,12423.0,1.0
48209,11.593,0.09,11.419,11.77,0.001,0.001,7710.0,10664.0,1.0
48213,11.311,0.08,11.157,11.469,0.001,0.001,10591.0,11848.0,1.0
48215,10.955,0.066,10.825,11.081,0.001,0.0,9279.0,11418.0,1.0
48219,11.184,0.152,10.883,11.473,0.001,0.001,15903.0,11944.0,1.0
48221,12.014,0.113,11.787,12.23,0.001,0.001,15558.0,12219.0,1.0
48223,11.591,0.159,11.281,11.899,0.001,0.001,14061.0,11654.0,1.0
48225,11.196,0.158,10.881,11.5,0.001,0.001,12058.0,11638.0,1.0
48227,11.07,0.1,10.878,11.271,0.001,0.001,8255.0,10524.0,1.0
48233,11.007,0.114,10.783,11.232,0.001,0.001,16626.0,12461.0,1.0
48245,10.91,0.083,10.746,11.072,0.001,0.001,5965.0,9605.0,1.0
48251,11.462,0.095,11.279,11.648,0.001,0.001,10840.0,11371.0,1.0
48257,11.41,0.097,11.218,11.6,0.001,0.001,10002.0,11881.0,1.0
48259,12.046,0.121,11.806,12.281,0.001,0.001,12221.0,11464.0,1.0
48265,11.53,0.152,11.234,11.829,0.001,0.001,16610.0,11393.0,1.0
48273,10.866,0.16,10.55,11.175,0.001,0.001,12178.0,11552.0,1.0
48277,10.996,0.154,10.713,11.314,0.001,0.001,13009.0,12240.0,1.0
48281,11.196,0.1,11.002,11.39,0.001,0.001,8115.0,10715.0,1.0
48287,11.356,0.122,11.127,11.604,0.001,0.001,12206.0,10909.0,1.0
48291,11.415,0.119,11.186,11.651,0.001,0.001,16236.0,12261.0,1.0
48293,10.908,0.12,10.673,11.137,0.001,0.001,13241.0,12160.0,1.0
48297,11.63,0.153,11.334,11.932,0.001,0.001,16769.0,12992.0,1.0
48299,11.853,0.165,11.521,12.17,0.002,0.001,10002.0,11850.0,1.0
48303,11.201,0.066,11.072,11.329,0.001,0.0,7763.0,10930.0,1.0
48309,11.267,0.072,11.127,11.41,0.001,0.001,13478.0,11891.0,1.0
48313,11.061,0.159,10.754,11.376,0.001,0.001,13201.0,11956.0,1.0
48323,11.328,0.15,11.039,11.624,0.001,0.001,16865.0,11876.0,1.0
48325,11.606,0.155,11.295,11.902,0.001,0.001,14539.0,11353.0,1.0
48329,11.618,0.079,11.461,11.769,0.001,0.001,8956.0,11554.0,1.0
48331,11.176,0.159,10.854,11.476,0.001,0.001,12959.0,12289.0,1.0
48339,11.57,0.071,11.432,11.71,0.001,0.001,9138.0,10652.0,1.0
48341,11.144,0.153,10.848,11.445,0.001,0.001,17050.0,12391.0,1.0
48343,11.042,0.153,10.753,11.347,0.001,0.001,13507.0,12557.0,1.0
48347,11.118,0.125,10.87,11.362,0.001,0.001,11083.0,12581.0,1.0
48349,11.041,0.103,10.844,11.246,0.001,0.001,11367.0,12094.0,1.0
48353,10.9,0.156,10.581,11.191,0.001,0.001,13498.0,11665.0,1.0
48355,11.314,0.066,11.182,11.44,0.001,0.0,7584.0,10613.0,1.0
48357,11.081,0.159,10.763,11.385,0.001,0.001,12353.0,12258.0,1.0
48361,11.105,0.098,10.91,11.292,0.001,0.001,9772.0,11505.0,1.0
48363,11.222,0.112,11.0,11.442,0.001,0.001,9246.0,10866.0,1.0
48367,11.487,0.153,11.188,11.786,0.001,0.001,15037.0,11945.0,1.0
48373,11.402,0.151,11.096,11.684,0.001,0.001,15128.0,12264.0,1.0
48375,10.793,0.16,10.485,11.108,0.001,0.001,11707.0,11467.0,1.0
48379,11.581,0.147,11.295,11.868,0.001,0.001,18566.0,12488.0,1.0
48381,11.457,0.115,11.231,11.683,0.001,0.001,15253.0,12162.0,1.0
48395,11.674,0.155,11.366,11.973,0.001,0.001,14543.0,11964.0,1.0
48397,12.091,0.111,11.874,12.309,0.001,0.001,17465.0,11802.0,1.0
48401,11.276,0.116,11.056,11.51,0.001,0.001,12944.0,12085.0,1.0
48407,11.23,0.119,10.995,11.46,0.001,0.001,13187.0,12203.0,1.0
48409,11.261,0.108,11.053,11.475,0.001,0.001,11557.0,11440.0,1.0
48415,11.002,0.155,10.701,11.306,0.001,0.001,13872.0,11857.0,1.0
48423,11.265,0.086,11.098,11.432,0.001,0.001,9577.0,11754.0,1.0
48427,11.171,0.117,10.947,11.404,0.001,0.001,13034.0,11665.0,1.0
48437,10.86,0.156,10.558,11.166,0.001,0.001,11850.0,11725.0,1.0
48439,11.351,0.063,11.224,11.473,0.001,0.0,6670.0,10021.0,1.0
48441,11.101,0.093,10.926,11.29,0.001,0.001,8652.0,11438.0,1.0
48451,11.44,0.156,11.141,11.748,0.001,0.001,13635.0,11777.0,1.0
48453,11.898,0.066,11.769,12.029,0.001,0.0,6827.0,9931.0,1.0
48465,11.156,0.118,10.933,11.396,0.001,0.001,12984.0,12557.0,1.0
48467,11.281,0.121,11.045,11.518,0.001,0.001,12198.0,12269.0,1.0
48471,11.47,0.118,11.236,11.702,0.001,0.001,12102.0,12206.0,1.0
48475,11.379,0.154,11.074,11.676,0.001,0.001,12451.0,11103.0,1.0
48477,11.656,0.101,11.46,11.858,0.001,0.001,9664.0,11386.0,1.0
48479,11.289,0.115,11.073,11.519,0.001,0.001,15809.0,11976.0,1.0
48481,11.353,0.122,11.11,11.586,0.001,0.001,13045.0,11648.0,1.0
48485,10.79,0.085,10.627,10.956,0.001,0.001,8249.0,10583.0,1.0
48491,11.778,0.072,11.638,11.922,0.001,0.001,8800.0,11856.0,1.0
48493,11.705,0.156,11.403,12.012,0.001,0.001,15916.0,11960.0,1.0
48499,11.327,0.15,11.045,11.633,0.001,0.001,16172.0,11733.0,1.0
49001,10.965,0.128,10.705,11.205,0.001,0.001,7796.0,10225.0,1.0
49003,11.075,0.141,10.808,11.357,0.002,0.001,7010.0,10838.0,1.0
49005,11.262,0.121,11.026,11.497,0.001,0.001,7005.0,10633.0,1.0
49007,10.633,0.195,10.252,11.018,0.002,0.001,8543.0,11305.0,1.0
49011,11.427,0.102,11.226,11.625,0.001,0.001,8300.0,10988.0,1.0
49013,10.987,0.154,10.68,11.28,0.002,0.001,9555.0,10877.0,1.0
49019,11.131,0.167,10.798,11.448,0.002,0.001,6549.0,10252.0,1.0
49021,11.014,0.149,10.727,11.305,0.002,0.001,6858.0,10646.0,1.0
49025,11.603,0.176,11.253,11.942,0.002,0.001,13435.0,12161.0,1.0
49035,11.38,0.117,11.145,11.607,0.001,0.001,6234.0,10303.0,1.0
49037,10.995,0.178,10.654,11.351,0.002,0.001,12251.0,11281.0,1.0
49041,10.915,0.125,10.664,11.153,0.001,0.001,8414.0,11735.0,1.0
49043,11.779,0.161,11.475,12.1,0.002,0.001,6763.0,10738.0,1.0
49045,11.197,0.136,10.939,11.473,0.002,0.001,6707.0,10609.0,1.0
49047,11.283,0.118,11.058,11.515,0.001,0.001,11900.0,11661.0,1.0
49049,11.81,0.071,11.673,11.95,0.001,0.0,10139.0,11820.0,1.0
49051,11.546,0.15,11.255,11.845,0.001,0.001,10855.0,12436.0,1.0
49053,11.353,0.133,11.09,11.611,0.002,0.001,7119.0,10683.0,1.0
49057,11.084,0.118,10.851,11.313,0.001,0.001,6430.0,10624.0,1.0
50001,11.818,0.075,11.667,11.963,0.001,0.001,17384.0,12693.0,1.0
50003,11.691,0.074,11.541,11.832,0.0,0.001,24693.0,11608.0,1.0
50005,11.299,0.087,11.131,11.473,0.001,0.001,15570.0,13318.0,1.0
50007,11.793,0.086,11.624,11.958,0.001,0.001,14672.0,12352.0,1.0
50011,11.511,0.081,11.353,11.672,0.001,0.001,17540.0,13299.0,1.0
50013,11.788,0.104,11.58,11.986,0.001,0.001,21462.0,12554.0,1.0
50015,11.835,0.084,11.669,11.998,0.001,0.001,21269.0,12361.0,1.0
50017,11.57,0.087,11.396,11.74,0.001,0.001,21959.0,12488.0,1.0
50019,11.413,0.095,11.226,11.597,0.001,0.001,27570.0,11867.0,1.0
50021,11.406,0.073,11.266,11.548,0.001,0.0,17446.0,14229.0,1.0
50023,11.599,0.079,11.448,11.759,0.001,0.001,16647.0,13420.0,1.0
50025,11.515,0.08,11.357,11.668,0.001,0.001,15055.0,12269.0,1.0
50027,11.613,0.082,11.455,11.773,0.001,0.001,16318.0,13565.0,1.0
51001,11.494,0.152,11.199,11.791,0.001,0.001,16352.0,12089.0,1.0
51003,12.224,0.07,12.09,12.364,0.001,0.001,11973.0,11432.0,1.0
51009,11.497,0.085,11.334,11.663,0.001,0.001,19206.0,12467.0,1.0
51011,11.538,0.15,11.247,11.837,0.001,0.001,17486.0,12245.0,1.0
51013,12.627,0.061,12.505,12.742,0.001,0.0,7735.0,10669.0,1.0
51015,11.793,0.095,11.609,11.981,0.001,0.001,16726.0,12176.0,1.0
51019,11.899,0.113,11.681,12.125,0.001,0.001,17144.0,12312.0,1.0
51025,11.458,0.118,11.226,11.688,0.001,0.001,14549.0,11354.0,1.0
51033,11.513,0.083,11.352,11.677,0.001,0.001,20284.0,12063.0,1.0
51035,11.427,0.114,11.209,11.654,0.001,0.001,18972.0,12141.0,1.0
51041,11.928,0.061,11.813,12.054,0.001,0.0,12417.0,11926.0,1.0
51043,12.213,0.154,11.912,12.516,0.001,0.001,14318.0,12037.0,1.0
51045,11.372,0.152,11.076,11.67,0.001,0.001,15301.0,12523.0,1.0
51047,11.968,0.078,11.813,12.12,0.001,0.001,10920.0,11485.0,1.0
51057,11.566,0.154,11.263,11.867,0.001,0.001,14932.0,12249.0,1.0
51059,12.602,0.051,12.499,12.697,0.0,0.0,12686.0,12494.0,1.0
51061,12.276,0.069,12.141,12.413,0.001,0.0,11545.0,12311.0,1.0
51063,11.44,0.15,11.149,11.736,0.001,0.001,16324.0,12427.0,1.0
51069,11.976,0.085,11.813,12.147,0.001,0.001,14889.0,12842.0,1.0
51071,11.153,0.154,10.848,11.448,0.001,0.001,13492.0,11657.0,1.0
51073,11.913,0.096,11.726,12.104,0.001,0.001,18505.0,12835.0,1.0
51079,11.84,0.114,11.618,12.06,0.001,0.001,15989.0,12710.0,1.0
51083,10.926,0.117,10.702,11.155,0.001,0.001,15228.0,12325.0,1.0
51085,12.062,0.077,11.904,12.209,0.001,0.001,12406.0,11019.0,1.0
51087,11.826,0.06,11.706,11.942,0.001,0.0,8740.0,11477.0,1.0
51089,11.193,0.15,10.91,11.497,0.001,0.001,19166.0,11965.0,1.0
51093,11.989,0.087,11.823,12.161,0.001,0.001,16405.0,11958.0,1.0
51095,12.183,0.071,12.043,12.321,0.001,0.001,12997.0,12663.0,1.0
51099,12.067,0.077,11.917,12.216,0.001,0.001,16286.0,13212.0,1.0
51101,11.786,0.087,11.617,11.956,0.001,0.001,17186.0,11904.0,1.0
51103,12.01,0.113,11.784,12.226,0.001,0.001,15928.0,12188.0,1.0
51105,10.879,0.078,10.728,11.032,0.001,0.001,15742.0,11995.0,1.0
51107,12.564,0.062,12.445,12.69,0.001,0.0,10089.0,11454.0,1.0
51109,11.863,0.094,11.681,12.05,0.001,0.001,18576.0,13044.0,1.0
51111,10.979,0.117,10.749,11.208,0.001,0.001,13708.0,12205.0,1.0
51113,12.041,0.148,11.742,12.321,0.001,0.001,14620.0,12546.0,1.0
51115,11.885,0.15,11.591,12.177,0.001,0.001,16424.0,12162.0,1.0
51117,11.248,0.1,11.055,11.447,0.001,0.001,11743.0,11924.0,1.0
51121,11.843,0.062,11.724,11.968,0.0,0.0,18378.0,12532.0,1.0
51125,11.846,0.114,11.614,12.062,0.001,0.001,16675.0,11640.0,1.0
51131,11.528,0.087,11.357,11.701,0.001,0.001,14498.0,11984.0,1.0
51135,11.151,0.12,10.92,11.386,0.001,0.001,14173.0,12119.0,1.0
51137,11.726,0.089,11.556,11.907,0.001,0.001,13231.0,11774.0,1.0
51139,11.744,0.151,11.45,12.035,0.001,0.001,15919.0,11631.0,1.0
51141,11.383,0.149,11.091,11.674,0.001,0.001,17871.0,12340.0,1.0
51147,11.48,0.118,11.248,11.707,0.001,0.001,14317.0,12198.0,1.0
51149,11.576,0.152,11.286,11.881,0.001,0.001,15684.0,12450.0,1.0
51153,12.268,0.063,12.144,12.39,0.001,0.0,9229.0,11193.0,1.0
51155,11.43,0.116,11.198,11.649,0.001,0.001,16043.0,12122.0,1.0
51159,11.368,0.154,11.069,11.674,0.001,0.001,12574.0,11844.0,1.0
51161,11.769,0.085,11.608,11.938,0.001,0.001,17207.0,13006.0,1.0
51163,11.733,0.1,11.531,11.925,0.001,0.001,13260.0,11750.0,1.0
51165,11.661,0.151,11.37,11.964,0.001,0.001,14761.0,11917.0,1.0
51169,11.009,0.146,10.717,11.293,0.001,0.001,17030.0,12527.0,1.0
51171,11.574,0.074,11.426,11.716,0.001,0.001,11587.0,11545.0,1.0
51173,11.02,0.094,10.837,11.202,0.001,0.001,17391.0,12056.0,1.0
51175,11.602,0.087,11.435,11.778,0.001,0.001,16058.0,12506.0,1.0
51177,12.093,0.07,11.957,12.231,0.001,0.001,9611.0,11343.0,1.0
51179,12.119,0.082,11.958,12.278,0.001,0.001,10338.0,11134.0,1.0
51181,11.441,0.123,11.2,11.675,0.001,0.001,11908.0,12206.0,1.0
51183,11.166,0.156,10.867,11.478,0.001,0.001,16625.0,12292.0,1.0
51185,11.1,0.098,10.911,11.292,0.001,0.001,15293.0,12501.0,1.0
51187,11.741,0.099,11.552,11.94,0.001,0.001,13244.0,11791.0,1.0
51191,11.409,0.077,11.261,11.566,0.001,0.001,19354.0,12776.0,1.0
51193,11.733,0.155,11.431,12.032,0.001,0.001,17045.0,12167.0,1.0
51195,10.98,0.116,10.742,11.197,0.001,0.001,15197.0,12049.0,1.0
51197,11.205,0.101,11.012,11.405,0.001,0.001,13451.0,11984.0,1.0
51199,12.152,0.086,11.985,12.323,0.001,0.001,15101.0,11861.0,1.0
51510,12.531,0.07,12.395,12.668,0.001,0.001,9688.0,11422.0,1.0
51520,10.948,0.105,10.745,11.154,0.001,0.001,11496.0,12011.0,1.0
51540,12.005,0.076,11.861,12.157,0.001,0.001,9189.0,10257.0,1.0
51550,11.891,0.069,11.757,12.026,0.001,0.0,8471.0,10654.0,1.0
51590,10.801,0.069,10.664,10.934,0.001,0.0,10643.0,11288.0,1.0
51595,10.619,0.11,10.41,10.837,0.001,0.001,10399.0,11951.0,1.0
51600,12.452,0.15,12.153,12.742,0.001,0.001,13767.0,11224.0,1.0
51620,11.316,0.091,11.138,11.494,0.001,0.001,8715.0,10900.0,1.0
51630,11.79,0.095,11.601,11.977,0.001,0.001,6816.0,9302.0,1.0
51640,10.964,0.159,10.652,11.273,0.001,0.001,15030.0,11869.0,1.0
51650,11.503,0.065,11.376,11.629,0.001,0.0,9525.0,11584.0,1.0
51660,11.704,0.098,11.508,11.893,0.001,0.001,14382.0,11561.0,1.0
51670,11.133,0.098,10.939,11.325,0.001,0.001,11923.0,11588.0,1.0
51678,11.721,0.152,11.42,12.02,0.001,0.001,13823.0,12719.0,1.0
51680,11.279,0.065,11.155,11.409,0.001,0.0,9017.0,10621.0,1.0
51685,11.709,0.156,11.399,12.013,0.001,0.001,13039.0,12013.0,1.0
51690,10.632,0.101,10.44,10.834,0.001,0.001,12485.0,12391.0,1.0
51700,11.484,0.066,11.357,11.613,0.001,0.0,7203.0,9619.0,1.0
51710,11.68,0.06,11.566,11.801,0.001,0.0,8043.0,10661.0,1.0
51730,10.349,0.073,10.207,10.492,0.001,0.001,7160.0,10106.0,1.0
51740,11.388,0.068,11.257,11.527,0.001,0.0,7639.0,10116.0,1.0
51750,11.394,0.092,11.213,11.576,0.001,0.001,9038.0,11011.0,1.0
51760,11.492,0.07,11.355,11.633,0.001,0.001,6588.0,9085.0,1.0
51770,11.199,0.071,11.061,11.337,0.001,0.001,11822.0,12386.0,1.0
51775,11.473,0.153,11.156,11.758,0.001,0.001,13880.0,12496.0,1.0
51790,11.369,0.106,11.164,11.579,0.001,0.001,11477.0,11321.0,1.0
51800,11.86,0.074,11.709,11.999,0.001,0.001,11482.0,11133.0,1.0
51810,11.992,0.053,11.888,12.095,0.0,0.0,11560.0,11292.0,1.0
51820,11.42,0.12,11.19,11.656,0.001,0.001,11656.0,10875.0,1.0
53001,10.979,0.16,10.661,11.293,0.001,0.001,16938.0,12451.0,1.0
53005,11.29,0.093,11.11,11.469,0.001,0.001,16213.0,12089.0,1.0
53007,11.947,0.103,11.744,12.146,0.001,0.001,24923.0,11924.0,1.0
53009,11.402,0.084,11.242,11.568,0.001,0.001,15141.0,13162.0,1.0
53011,11.662,0.068,11.525,11.791,0.001,0.0,16298.0,12848.0,1.0
53015,11.306,0.154,11.006,11.599,0.001,0.001,18124.0,11801.0,1.0
53017,11.619,0.156,11.309,11.925,0.001,0.001,20098.0,12721.0,1.0
53021,11.301,0.083,11.131,11.457,0.001,0.001,17476.0,11640.0,1.0
53025,11.2,0.094,11.019,11.387,0.001,0.001,15976.0,11759.0,1.0
53027,11.206,0.119,10.983,11.446,0.001,0.001,19497.0,12303.0,1.0
53029,11.941,0.077,11.787,12.09,0.0,0.001,28428.0,12914.0,1.0
53031,11.757,0.11,11.541,11.969,0.001,0.001,17590.0,13100.0,1.0
53033,11.985,0.076,11.832,12.131,0.001,0.001,14711.0,13791.0,1.0
53035,11.724,0.068,11.593,11.858,0.001,0.0,17780.0,12111.0,1.0
53037,11.436,0.106,11.227,11.643,0.001,0.001,16022.0,12461.0,1.0
53039,11.872,0.153,11.561,12.16,0.001,0.001,19730.0,12934.0,1.0
53041,11.103,0.092,10.922,11.282,0.001,0.001,17620.0,12718.0,1.0
53045,11.545,0.149,11.25,11.837,0.001,0.001,20332.0,12254.0,1.0
53047,11.168,0.09,10.993,11.346,0.001,0.001,19637.0,12292.0,1.0
53049,11.332,0.154,11.033,11.63,0.001,0.001,21695.0,12045.0,1.0
53053,11.741,0.061,11.618,11.856,0.0,0.0,17260.0,13979.0,1.0
53055,12.159,0.158,11.847,12.463,0.001,0.001,18786.0,12413.0,1.0
53057,11.43,0.081,11.272,11.591,0.001,0.001,15139.0,13114.0,1.0
53059,11.805,0.152,11.515,12.108,0.001,0.001,21359.0,12706.0,1.0
53061,11.873,0.069,11.739,12.011,0.001,0.0,15574.0,12877.0,1.0
53063,11.337,0.064,11.21,11.462,0.001,0.0,15901.0,13254.0,1.0
53065,11.188,0.157,10.886,11.498,0.001,0.001,18716.0,12138.0,1.0
53067,11.581,0.074,11.438,11.727,0.001,0.001,18955.0,13209.0,1.0
53071,11.485,0.072,11.344,11.626,0.0,0.001,22992.0,12231.0,1.0
53073,11.662,0.073,11.518,11.801,0.001,0.001,17065.0,13928.0,1.0
53075,11.338,0.119,11.103,11.572,0.001,0.001,19392.0,12462.0,1.0
53077,11.204,0.064,11.08,11.331,0.0,0.0,16645.0,13478.0,1.0
54001,11.248,0.149,10.952,11.536,0.001,0.001,19775.0,12411.0,1.0
54003,11.732,0.143,11.451,12.007,0.001,0.001,11432.0,11834.0,1.0
54005,11.085,0.15,10.795,11.381,0.001,0.001,16786.0,12307.0,1.0
54007,11.168,0.157,10.854,11.47,0.001,0.001,17631.0,12232.0,1.0
54011,11.233,0.092,11.055,11.417,0.001,0.001,12092.0,10857.0,1.0
54025,11.424,0.099,11.228,11.616,0.001,0.001,21116.0,12086.0,1.0
54029,10.934,0.158,10.621,11.24,0.001,0.001,15942.0,12210.0,1.0
54033,11.256,0.096,11.066,11.445,0.001,0.001,10748.0,12075.0,1.0
54035,11.311,0.124,11.069,11.555,0.001,0.001,15176.0,12463.0,1.0
54037,11.929,0.114,11.704,12.147,0.001,0.001,10185.0,11618.0,1.0
54039,11.287,0.077,11.139,11.443,0.001,0.001,8849.0,11142.0,1.0
54041,11.14,0.156,10.836,11.445,0.001,0.001,17813.0,12127.0,1.0
54043,11.119,0.156,10.814,11.427,0.001,0.001,15634.0,12043.0,1.0
54045,11.007,0.152,10.706,11.303,0.001,0.001,21015.0,11539.0,1.0
54049,11.272,0.113,11.051,11.496,0.001,0.001,12072.0,11681.0,1.0
54051,11.044,0.164,10.723,11.367,0.001,0.001,13254.0,11681.0,1.0
54053,11.202,0.155,10.9,11.506,0.001,0.001,19316.0,12153.0,1.0
54055,11.082,0.082,10.925,11.242,0.001,0.001,21179.0,11627.0,1.0
54057,11.435,0.113,11.22,11.662,0.001,0.001,10599.0,12514.0,1.0
54061,11.816,0.083,11.658,11.979,0.001,0.001,15525.0,12297.0,1.0
54067,11.189,0.149,10.905,11.489,0.001,0.001,17326.0,11696.0,1.0
54069,11.267,0.086,11.098,11.432,0.001,0.001,9788.0,11786.0,1.0
54077,10.956,0.1,10.768,11.16,0.001,0.001,13133.0,12534.0,1.0
54079,11.605,0.103,11.404,11.813,0.001,0.001,10811.0,11298.0,1.0
54081,11.198,0.073,11.052,11.336,0.001,0.001,20348.0,12328.0,1.0
54083,11.328,0.161,11.013,11.647,0.001,0.001,16851.0,12208.0,1.0
54085,11.091,0.157,10.789,11.4,0.001,0.001,13645.0,11277.0,1.0
54087,11.192,0.153,10.884,11.483,0.001,0.001,17521.0,12347.0,1.0
54089,10.925,0.163,10.613,11.251,0.001,0.001,16437.0,11851.0,1.0
54091,11.157,0.154,10.857,11.458,0.001,0.001,18893.0,12727.0,1.0
54093,11.315,0.158,11.011,11.629,0.001,0.001,15228.0,13065.0,1.0
54095,10.959,0.126,10.711,11.204,0.001,0.001,13410.0,12571.0,1.0
54097,11.183,0.157,10.872,11.483,0.001,0.001,16578.0,12419.0,1.0
54099,11.167,0.091,10.99,11.346,0.001,0.001,16839.0,12322.0,1.0
54101,10.969,0.163,10.651,11.288,0.001,0.001,14039.0,10936.0,1.0
54107,11.293,0.086,11.123,11.461,0.001,0.001,10873.0,11253.0,1.0
55003,11.291,0.147,11.008,11.58,0.002,0.001,5821.0,9981.0,1.0
55005,11.424,0.177,11.063,11.759,0.002,0.001,8062.0,10662.0,1.0
55007,11.532,0.13,11.267,11.779,0.002,0.001,5044.0,8499.0,1.0
55009,11.6,0.087,11.429,11.772,0.001,0.001,4941.0,9203.0,1.0
55015,11.687,0.114,11.47,11.912,0.001,0.001,8373.0,10595.0,1.0
55017,11.487,0.138,11.217,11.756,0.002,0.001,7907.0,10593.0,1.0
55021,11.579,0.134,11.326,11.847,0.002,0.001,7941.0,10604.0,1.0
55023,11.377,0.175,11.042,11.729,0.002,0.001,9064.0,10738.0,1.0
55025,11.988,0.117,11.757,12.22,0.002,0.001,3669.0,6699.0,1.0
55027,11.483,0.125,11.234,11.721,0.002,0.001,5409.0,8540.0,1.0
55029,11.934,0.141,11.657,12.214,0.002,0.001,5038.0,8646.0,1.0
55031,11.294,0.12,11.058,11.532,0.002,0.001,4777.0,8004.0,1.0
55033,11.472,0.179,11.108,11.809,0.002,0.001,7504.0,9951.0,1.0
55035,11.739,0.125,11.492,11.977,0.001,0.001,11383.0,12014.0,1.0
55039,11.473,0.107,11.264,11.683,0.002,0.001,4331.0,7715.0,1.0
55041,11.238,0.167,10.913,11.562,0.002,0.001,4973.0,7332.0,1.0
55043,11.413,0.158,11.107,11.727,0.001,0.001,14325.0,12027.0,1.0
55045,11.523,0.171,11.186,11.85,0.002,0.001,9626.0,10737.0,1.0
55047,11.457,0.139,11.195,11.732,0.002,0.001,7313.0,10461.0,1.0
55049,11.656,0.163,11.334,11.968,0.002,0.001,11745.0,10968.0,1.0
55055,11.685,0.111,11.468,11.903,0.001,0.001,6543.0,10237.0,1.0
55057,11.184,0.168,10.861,11.51,0.002,0.001,10459.0,11141.0,1.0
55059,11.564,0.11,11.349,11.784,0.002,0.001,4072.0,7681.0,1.0
55061,11.548,0.164,11.235,11.872,0.002,0.001,9814.0,11618.0,1.0
55063,11.705,0.117,11.462,11.92,0.002,0.001,5586.0,9968.0,1.0
55065,11.124,0.198,10.722,11.499,0.003,0.001,5897.0,9950.0,1.0
55067,11.188,0.143,10.912,11.472,0.002,0.001,6986.0,10199.0,1.0
55071,11.368,0.107,11.156,11.572,0.001,0.001,6132.0,9098.0,1.0
55073,11.351,0.124,11.115,11.6,0.002,0.001,4313.0,8425.0,1.0
55075,11.141,0.166,10.827,11.481,0.002,0.001,9840.0,11719.0,1.0
55079,11.495,0.123,11.249,11.73,0.002,0.001,3618.0,6885.0,1.0
55081,11.553,0.14,11.281,11.83,0.002,0.001,7326.0,11066.0,1.0
55083,11.376,0.152,11.087,11.679,0.001,0.001,23136.0,11948.0,1.0
55085,11.638,0.17,11.313,11.984,0.002,0.001,10082.0,10836.0,1.0
55087,11.617,0.097,11.428,11.808,0.001,0.001,5151.0,8797.0,1.0
55089,12.14,0.182,11.79,12.502,0.002,0.001,6736.0,10247.0,1.0
55093,11.691,0.148,11.406,11.989,0.002,0.001,5031.0,8497.0,1.0
55095,11.619,0.164,11.299,11.943,0.002,0.001,9730.0,10936.0,1.0
55097,11.477,0.153,11.188,11.788,0.002,0.001,5567.0,9423.0,1.0
55101,11.469,0.132,11.205,11.729,0.002,0.001,4105.0,7827.0,1.0
55105,11.385,0.149,11.102,11.682,0.002,0.001,6333.0,9342.0,1.0
55107,11.247,0.166,10.933,11.582,0.002,0.001,11140.0,11693.0,1.0
55109,11.762,0.136,11.487,12.018,0.002,0.001,3686.0,6568.0,1.0
55111,11.588,0.132,11.323,11.836,0.002,0.001,5447.0,9134.0,1.0
55113,11.687,0.113,11.47,11.915,0.001,0.001,9274.0,11450.0,1.0
55115,11.329,0.158,11.027,11.643,0.001,0.001,13676.0,11906.0,1.0
55117,11.457,0.13,11.19,11.7,0.002,0.001,5182.0,8167.0,1.0
55119,11.469,0.152,11.181,11.771,0.001,0.001,20199.0,13076.0,1.0
55125,11.977,0.164,11.664,12.302,0.002,0.001,10311.0,11319.0,1.0
55127,11.758,0.125,11.502,11.991,0.002,0.001,6748.0,10463.0,1.0
55129,11.479,0.159,11.179,11.809,0.002,0.001,11174.0,11595.0,1.0
55131,11.899,0.122,11.651,12.129,0.002,0.001,5196.0,9075.0,1.0
55133,12.078,0.089,11.895,12.244,0.001,0.001,4769.0,8949.0,1.0
55135,11.349,0.14,11.071,11.621,0.002,0.001,7036.0,10650.0,1.0
55139,11.523,0.107,11.306,11.728,0.002,0.001,4486.0,8008.0,1.0
55141,11.248,0.13,10.989,11.497,0.002,0.001,6133.0,9155.0,1.0
56001,11.572,0.194,11.192,11.951,0.003,0.001,5942.0,9097.0,1.0
56005,11.479,0.244,10.993,11.949,0.004,0.002,4529.0,7443.0,1.0
56007,11.279,0.212,10.871,11.701,0.003,0.001,7086.0,10527.0,1.0
56009,11.459,0.181,11.107,11.811,0.002,0.001,6430.0,8694.0,1.0
56013,11.466,0.191,11.084,11.83,0.002,0.001,5863.0,9410.0,1.0
56015,11.241,0.17,10.913,11.572,0.002,0.001,7061.0,9931.0,1.0
56021,11.53,0.198,11.138,11.914,0.003,0.002,4424.0,7183.0,1.0
56023,11.814,0.169,11.479,12.143,0.001,0.001,17275.0,10848.0,1.0
56025,11.295,0.217,10.875,11.719,0.003,0.002,4462.0,7204.0,1.0
56029,11.631,0.181,11.291,11.989,0.003,0.001,5085.0,8286.0,1.0
56031,11.478,0.188,11.109,11.847,0.002,0.001,9428.0,11252.0,1.0
56033,11.532,0.232,11.06,11.968,0.003,0.002,4735.0,8061.0,1.0
56035,11.876,0.168,11.552,12.21,0.001,0.001,17209.0,11926.0,1.0
56037,11.435,0.208,11.023,11.846,0.003,0.002,5273.0,8762.0,1.0
56039,12.686,0.18,12.341,13.039,0.002,0.001,5377.0,8413.0,1.0
56041,11.341,0.196,10.955,11.718,0.003,0.001,5539.0,9103.0,1.0
56043,11.248,0.204,10.85,11.643,0.002,0.001,7422.0,10417.0,1.0
