county_fips,yr_pis,new_li_units,n_projects,cum_li_units,State,year,zori_value,log_zori_value,log_cum_li_units,state_code,state_idx,county_idx,population,pop_growth,lihtc_per_1k,log_lihtc_per_1k,cpi_index,zori_adj,log_zori_adj
01003,2016,40.0,1,1650.0,AL,2016,1053.6092871910018,6.959976965112129,7.409136443920128,01,0,0,207601.0,0.0229724202839276,7.947938593744732,2.1914231810366926,223.80733333333333,1051.2840944488883,6.957767643055072
01003,2017,72.0,1,1722.0,AL,2017,1091.924275390354,6.995696809019755,7.45182223652793,01,0,0,212521.0,0.0236993078068024,8.10272867151952,2.208574222588709,227.24108333333336,1073.0513034960777,6.978261554624758
01073,2016,56.0,1,3280.0,AL,2016,886.3938867095945,6.787161419206595,8.0959035329611,01,0,1,660343.0,-0.0001695800622297,4.96711557478462,1.7862636573459363,223.80733333333333,884.4377188425422,6.784952097149538
01073,2017,111.0,1,3391.0,AL,2017,904.59826064231,6.807490934249842,8.129174996911793,01,0,1,659599.0,-0.0011266871913535,5.1410023362679445,1.8149879757848946,227.24108333333336,888.9630577866812,6.790055679854846
01081,2016,56.0,1,705.0,AL,2016,923.5236570672776,6.828196416059733,6.559615237493242,01,0,2,159168.0,0.0141060438090141,4.429282267792521,1.69180694616569,223.80733333333333,921.4855481300375,6.825987094002675
01081,2017,56.0,1,761.0,AL,2017,953.5767718705793,6.860219937657221,6.635946555686647,01,0,2,161440.0,0.0142742259750703,4.713825569871159,1.742888776543742,227.24108333333336,937.0950175766612,6.8427846832622246
01089,2017,60.0,1,1781.0,AL,2017,797.4933837227942,6.681473538352227,7.485491608030754,01,0,3,361762.0,0.0141087492185945,4.923126254277674,1.778864393001747,227.24108333333336,783.7093965397167,6.664038283957231
01089,2019,80.0,1,1861.0,AL,2019,908.9142160226452,6.812250717911907,7.529406457837013,01,0,3,372909.0,0.0160897428910855,4.990493659310984,1.7901738226398631,234.2145,866.6104747439701,6.764589596405584
01089,2022,56.0,1,1917.0,AL,2022,1285.6510413866324,7.159020516020554,7.559038255443384,01,0,3,403605.0,0.0174804813056663,4.749693388337607,1.7491465296201238,271.6895,1056.732507855868,6.962936886535704
01097,2015,48.0,1,3059.0,AL,2015,716.3700599771756,6.574196876986566,8.026170194946426,01,0,4,414462.0,0.000755766644372,7.380652508553258,2.1259257764451602,223.31341666666663,716.3700599771756,6.574196876986566
01097,2016,70.0,1,3129.0,AL,2016,738.5919825971106,6.604745647495089,8.048788283534199,01,0,4,414945.0,0.001165366185561,7.54075841376568,2.144849811089865,223.80733333333333,736.9619962841608,6.602536325438032
01097,2018,223.0,1,3352.0,AL,2018,785.7231616570074,6.666604518755816,8.117610746466228,01,0,4,413908.0,-0.0003308819089712,8.098418005933686,2.208100552908131,231.78858333333335,756.9938141924387,6.629355081927759
01097,2023,56.0,1,3408.0,AL,2023,1151.4518381247065,7.048778893049263,8.134174272137903,01,0,4,411640.0,0.0005882381538071,8.279078806724321,2.227762275354087,278.4124166666667,923.574627803328,6.8282516061235
01101,2015,96.0,1,2471.0,AL,2015,860.8110349024669,6.757875008682308,7.812782818577581,01,0,5,227279.0,-0.0011953364300749,10.87209993004193,2.474191103677498,223.31341666666663,860.8110349024669,6.757875008682308
01101,2016,129.0,1,2600.0,AL,2016,864.3732107773621,6.762004632455766,7.8636512654486515,01,0,5,227170.0,-0.0004795867634053,11.44517321829467,2.5213328544285707,223.80733333333333,862.4656399723103,6.759795310398709
01101,2018,98.0,1,2698.0,AL,2018,893.6502317647088,6.795314458982529,7.900636613018005,01,0,5,226504.0,-0.0033485138494708,11.911489421820367,2.558117567826015,231.78858333333335,860.9746161369133,6.758065022154472
01101,2019,72.0,1,2770.0,AL,2019,911.3506549866966,6.814927735370082,7.9269635448629785,01,0,5,226486.0,-7.946879525311257e-05,12.230336532942433,2.5825124149116183,234.2145,868.9335141354771,6.767266613863759
01103,2022,54.0,1,764.0,AL,2022,936.7277076699636,6.84239263986724,6.639875833826536,01,0,6,124231.0,0.0069381965552177,6.149833777398555,1.9670891085193933,271.6895,769.9372441191656,6.64630901038239
01115,2021,48.0,1,436.0,AL,2021,1379.025269916771,7.229132202438146,6.07993319509559,01,0,7,92874.0,0.0132777638369137,4.694532377199216,1.7395064824126925,249.14216666666667,1236.060715112936,7.119684759070834
01117,2016,30.0,1,331.0,AL,2016,1114.4960425844806,7.016157601975726,5.805134968916488,01,0,8,211282.0,0.011117013385401,1.5666265938414061,0.942592427280585,223.80733333333333,1112.036479878612,7.013948279918668
01125,2017,80.0,1,1719.0,AL,2017,1002.6081284453,6.910360012162687,7.450079569807499,01,0,9,207618.0,0.0055893521388716,8.279628933907464,2.2278215604283487,227.24108333333336,985.2789093267337,6.89292475776769
02020,2015,241.0,6,2308.0,AK,2015,1216.0445554466085,7.103358702847125,7.744569809354496,02,1,10,297547.0,-0.0078227901284791,7.756757755917553,2.169825717249794,223.31341666666663,1216.0445554466085,7.103358702847125
02020,2016,110.0,3,2418.0,AK,2016,1200.697363257738,7.090657803030045,7.791109510610028,02,1,10,297249.0,-0.0010015224485543,8.134594229080669,2.2120687694762053,223.80733333333333,1198.047564296716,7.088448480972987
02020,2017,48.0,2,2466.0,AK,2017,1183.1230165494055,7.0759128455116,7.810758116529357,02,1,10,294338.0,-0.0097931363940669,8.378123110165864,2.2383796481314384,227.24108333333336,1162.6737528577214,7.0584775911166036
02020,2018,162.0,5,2628.0,AK,2018,1191.6974136919964,7.083133967826718,7.874358824729881,02,1,10,290521.0,-0.0129680843112339,9.045817686156939,2.30715639725923,231.78858333333335,1148.1239380184734,7.045884530998661
02020,2019,38.0,1,2666.0,AK,2019,1206.1231501849693,7.095166486655026,7.888709524182015,02,1,10,288000.0,-0.0086775138458149,9.256944444444445,2.3279549829553794,234.2145,1149.9863654409464,7.047505365148703
02020,2020,227.0,4,2893.0,AK,2020,1233.3951892782377,7.117525962175404,7.970394907191429,02,1,10,290893.0,0.0100451388888889,9.945237595954525,2.392904438912302,235.67549999999997,1168.6988839228231,7.063646343965457
02020,2021,295.0,5,3188.0,AK,2021,1295.4773124784772,7.166634487288785,8.067462667010057,02,1,10,289169.0,-0.0059265778138353,11.024694901597336,2.4869624436614126,249.14216666666667,1161.1742353143204,7.057187043921473
02020,2022,48.0,1,3236.0,AK,2022,1422.5180397027468,7.260183847609175,8.082402253926244,02,1,10,286983.0,-0.0075595931790751,11.275929236226535,2.5076403723409517,271.6895,1169.2294465409568,7.0641002181243255
02020,2023,30.0,1,3266.0,AK,2023,1523.7906477226943,7.3289563565497335,8.09162741160107,02,1,10,286075.0,-0.0031639504779028,11.416586559468671,2.5190332045502317,278.4124166666667,1222.2260052254655,7.10842906962397
04003,2022,60.0,1,979.0,AZ,2022,1188.1275033909003,7.0801338202501745,6.887552571664617,04,2,11,125487.0,-0.0050111402722825,7.8016049471259965,2.1749340852101127,271.6895,976.5736703768767,6.884050190765324
04005,2023,68.0,1,1029.0,AZ,2023,2116.990019469515,7.6577505566549355,6.937314081223682,04,2,12,144472.0,0.001726493000423,7.122487402403234,2.094636437609252,278.4124166666667,1698.0287012952444,7.437223269729172
04013,2015,436.0,5,14260.0,AZ,2015,945.9594918275094,6.852199747656735,9.565283817736766,04,2,13,4172905.0,0.0193609709481616,3.4172836429298052,1.4855249467468232,223.31341666666663,945.9594918275094,6.852199747656735
04013,2016,1136.0,12,15396.0,AZ,2016,996.4975850733872,6.90424671624137,9.641927964229918,04,2,13,4256143.0,0.0199472549698591,3.617359661082816,1.529823039794046,223.80733333333333,994.2984311929921,6.902037394184313
04013,2017,759.0,9,16155.0,AZ,2017,1056.4316085429884,6.962652100974017,9.690046776683303,04,2,13,4327184.0,0.0166914034608329,3.7333748691989985,1.5546384510834907,227.24108333333336,1038.172096866568,6.9452168465790205
04013,2018,517.0,6,16672.0,AZ,2018,1130.4099791415065,7.030335659305083,9.721545923560459,04,2,13,4402403.0,0.0173828984392621,3.787022678296376,1.565908647874892,231.78858333333335,1089.0774301560803,6.993086222477027
04013,2019,1164.0,10,17836.0,AZ,2019,1220.5793562018073,7.107080907139096,9.789030230558303,04,2,13,4485414.0,0.018855838504562,3.9764445377840265,1.6047156878180102,234.2145,1163.7697339243553,7.059419785632773
04013,2020,506.0,7,18342.0,AZ,2020,1309.231808675455,7.177195838600937,9.817003309314352,04,2,13,4445059.0,-0.0089969398588402,4.126379424885024,1.6343996448836005,235.67549999999997,1240.5575819463438,7.12331622039099
04013,2021,1363.0,12,19705.0,AZ,2021,1540.9641506723935,7.340163571371637,9.88867843688242,04,2,13,4499438.0,0.0122335834012552,4.379435831763878,1.6825835046906719,249.14216666666667,1381.2112740751106,7.230716128004325
04013,2022,122.0,2,19827.0,AZ,2022,1727.4451913932207,7.454398828014469,9.894850359140465,04,2,13,4555833.0,0.0125337875530233,4.3520032450706605,1.6774709291543421,271.6895,1419.862334740297,7.258315198529619
04013,2023,1326.0,13,21153.0,AZ,2023,1730.423617836929,7.456121523318781,9.959584291887998,04,2,13,4585871.0,0.0065933057686706,4.612646103651847,1.7250222845606145,278.4124166666667,1387.965432743303,7.235594236393016
04015,2016,56.0,1,1128.0,AZ,2016,791.4050491331847,6.673809908932468,7.029087564149662,04,2,14,205412.0,0.0040963172250627,5.491402644441416,1.8704786313154935,223.80733333333333,789.6585105456,6.671600586875411
04015,2017,57.0,1,1185.0,AZ,2017,842.0006301099762,6.735780762591187,7.078341579557671,04,2,14,207017.0,0.0078135649329154,5.724167580440254,1.9057081379663583,227.24108333333336,827.4473734554819,6.71834550819619
04015,2020,48.0,1,1233.0,AZ,2020,1049.5899923634022,6.9561548834296225,7.1180162044653335,04,2,14,214185.0,0.0094447664965289,5.7567056516562785,1.9105354416345475,235.67549999999997,994.5349741225199,6.902275265219675
04019,2015,330.0,5,3167.0,AZ,2015,808.1348068127987,6.694728884719681,8.060855752934316,04,2,15,1009103.0,0.0048534746556812,3.138430863846406,1.420316697597009,223.31341666666663,808.1348068127987,6.694728884719681
04019,2016,44.0,1,3211.0,AZ,2016,831.5871902588821,6.723336152136121,8.074649075066652,04,2,15,1016707.0,0.007535405206406,3.1582353618102363,1.4250907924058092,223.80733333333333,829.7519743750322,6.721126830079063
04019,2017,265.0,4,3476.0,AZ,2017,873.8440495603687,6.772901926737185,8.153925132007862,04,2,15,1026391.0,0.0095248680298256,3.3866236161462835,1.4785598232324888,227.24108333333336,858.7404067904176,6.755466672342188
04019,2018,343.0,5,3819.0,AZ,2018,924.40632549798,6.82915172119159,8.24800570160062,04,2,15,1036554.0,0.0099016846406485,3.6843232479928685,1.5442214544544146,231.78858333333335,890.6061375696141,6.791902284363535
04019,2019,349.0,4,4168.0,AZ,2019,987.7519062516384,6.895431559182463,8.335431477880796,04,2,15,1047279.0,0.0103467836697364,3.9798372735441085,1.6053972145075306,234.2145,941.7788096128393,6.84777043767614
04019,2020,50.0,1,4218.0,AZ,2020,1050.9031781166093,6.957405243052542,8.347353412124338,04,2,15,1045175.0,-0.0020090157446105,4.035687803477886,1.6165501213053124,235.67549999999997,995.7792782494514,6.903525624842595
04019,2021,296.0,4,4514.0,AZ,2021,1206.726171039303,7.095666327951857,8.415160465851086,04,2,15,1048914.0,0.0035773913459469,4.303498666239559,1.6683667284765191,249.14216666666667,1081.6239893924194,6.986218884584545
04019,2022,119.0,1,4633.0,AZ,2022,1355.808063857558,7.212152912654025,8.441175704992322,04,2,15,1057476.0,0.0081627283075638,4.381186901641266,1.6829089635300396,271.6895,1114.3976159706185,7.016069283169175
04019,2023,253.0,3,4886.0,AZ,2023,1404.385738648724,7.247355289478208,8.494333897270154,04,2,15,1063162.0,0.0053769541814661,4.595724828389276,1.7220028826830702,278.4124166666667,1126.4518349088964,7.0268280025524446
04021,2016,57.0,1,1005.0,AZ,2016,933.6698934284732,6.83912294259653,6.913737350659685,04,2,16,417193.0,0.0285468450300039,2.408957005510639,1.2264063810230328,223.80733333333333,931.6093929316355,6.836913620539472
04021,2019,52.0,1,1057.0,AZ,2019,1179.3746945860778,7.072739657160261,6.964135612418245,04,2,16,462789.0,0.0357716771932337,2.2839782276588254,1.1890555617444607,234.2145,1124.4828675347746,7.025078535653938
04021,2020,108.0,2,1165.0,AZ,2020,1312.7319499495438,7.1798657026230535,7.061334366910438,04,2,16,430187.0,-0.0704467910862185,2.7081246062758755,1.3105262518520022,235.67549999999997,1243.874127394355,7.125986084413106
04021,2023,312.0,1,1477.0,AZ,2023,1766.4791786061808,7.476743679923158,7.298445101508147,04,2,16,484239.0,0.0412913381085806,3.0501467250675804,1.3987531088739629,278.4124166666667,1416.8854448663767,7.256216392997393
04025,2015,60.0,1,1087.0,AZ,2015,971.7167215147684,6.879064323213093,6.992096427415888,04,2,17,220805.0,0.0141882084917965,4.922895767758883,1.778825479260342,223.31341666666663,971.7167215147684,6.879064323213093
04025,2016,98.0,2,1185.0,AZ,2016,1033.0429279002856,6.9402640247908325,7.078341579557671,04,2,17,224575.0,0.0170738887253458,5.276633641322498,1.836833792381559,223.80733333333333,1030.7631227130614,6.9380547027337744
04025,2017,35.0,1,1220.0,AZ,2017,1104.1602450556688,7.006840365810817,7.107425474110705,04,2,17,228082.0,0.0156161638650784,5.348953446567463,1.848289987757503,227.24108333333336,1085.075784950353,6.98940511141582
04025,2019,72.0,1,1292.0,AZ,2019,1251.3677332476868,7.131992418708652,7.164720378771857,04,2,17,235099.0,0.0143546243722278,5.495557190800471,1.8711184340951252,234.2145,1193.1251225605708,7.084331297202329
04025,2020,35.0,1,1327.0,AZ,2020,1324.69033671356,7.18893400296561,7.191429330036379,04,2,17,237217.0,0.0090089706889437,5.594034154381853,1.8861653242512075,235.67549999999997,1255.2052509353846,7.135054384755663
04027,2022,86.0,1,1101.0,AZ,2022,1241.3843130122564,7.123982417370192,7.004881989712859,04,2,18,208874.0,0.0076706354566682,5.271120388368107,1.8359550290114557,271.6895,1020.3477585080383,6.927898787885343
05007,2016,70.0,1,729.0,AR,2016,909.4867095086468,6.812880384886752,6.593044534142437,05,3,19,259212.0,0.0302912266337032,2.812369797694551,1.338250989925977,223.80733333333333,907.4795784765766,6.8106710628296945
05007,2019,30.0,1,759.0,AR,2019,1016.1054763548518,6.923732438059885,6.633318433280377,05,3,19,279141.0,0.0252510412611195,2.7190559609659632,1.3134698621451208,234.2145,968.8127149194981,6.876071316553562
05007,2020,141.0,2,900.0,AR,2020,1063.4287565592806,6.969253642795336,6.803505257608338,05,3,19,286618.0,0.0267857462715974,3.140067965026621,1.4207122043755678,235.67549999999997,1007.6478420915108,6.915374024585389
05007,2021,94.0,2,994.0,AR,2021,1176.0912546019051,7.0699517228986455,6.902742737158593,05,3,19,294297.0,0.0267917576704881,3.377540375878789,1.4764870086370558,249.14216666666667,1054.1650170696566,6.960504279531333
05031,2016,226.0,4,566.0,AR,2016,937.2164878633276,6.842914299162766,6.340359303727752,05,3,20,105932.0,0.0141206429439866,5.343050258656497,1.847359766103973,223.80733333333333,935.1481604464548,6.840704977105709
05031,2017,119.0,3,685.0,AR,2017,951.3298047356412,6.8578608002541985,6.530877627725885,05,3,20,107188.0,0.0118566627647924,6.390640743366795,2.0002144353107,227.24108333333336,934.8868873359481,6.840425545859202
05045,2017,40.0,1,744.0,AR,2017,871.3561638604066,6.770050807001877,6.61338421837956,05,3,21,123530.0,0.0108341652619348,6.0228284627216055,1.9491660518069085,227.24108333333336,856.2955220548537,6.752615552606881
05045,2019,35.0,1,779.0,AR,2019,923.0614053186858,6.8276957602625385,6.659293919683638,05,3,21,126007.0,0.0069443334558647,6.182196227193727,1.9716052175127616,234.2145,880.0992091217689,6.780034638756216
05045,2021,108.0,1,887.0,AR,2021,1074.418062859855,6.979534457111503,6.78897174299217,05,3,21,125608.0,0.0144403165885964,7.06165212406853,2.087118513685656,249.14216666666667,963.0323592177247,6.870087013744191
05085,2016,24.0,1,58.0,AR,2016,924.0473414448172,6.828763305659089,4.07753744390572,05,3,22,71803.0,0.0062220602867193,0.8077656922412713,0.5920916585725304,223.80733333333333,922.0080767972692,6.826553983602031
05119,2019,1211.0,7,6326.0,AR,2019,814.3853259382249,6.7024336273851866,8.752581469146884,05,3,23,391911.0,-1.7860879061415424e-05,16.141419863183224,2.8414977488975413,234.2145,776.4812580709646,6.654772505878864
05119,2020,159.0,3,6485.0,AR,2020,849.3385311706826,6.744457847907905,8.777401286867264,05,3,23,399274.0,0.0187874287784726,16.241979192233906,2.8473470609800167,235.67549999999997,804.7874696452253,6.690578229697958
05119,2021,374.0,3,6859.0,AR,2021,934.6345077497034,6.840155552064596,8.83346272071993,05,3,23,398108.0,-0.0029203003451263,17.228993137540566,2.9030133560923543,249.14216666666667,837.740267143944,6.730708108697284
05119,2022,104.0,1,6963.0,AR,2022,1007.0265573692416,6.91475726513073,8.848509300888079,05,3,23,399387.0,0.0032126960523275,17.434217938991505,2.914208608165766,271.6895,827.7189262014037,6.718673635645879
05131,2022,50.0,1,589.0,AR,2022,883.0059717458953,6.783331963600225,6.380122536899765,05,3,24,129109.0,0.0059762197877546,4.562036728655632,1.7159643592879261,271.6895,725.781012838722,6.587248334115374
05143,2018,169.0,3,695.0,AR,2018,1068.4642090634895,6.973977577767196,6.54534966033442,05,3,25,236611.0,0.0166672395716962,2.9373106068610504,1.3704979031501041,231.78858333333335,1029.3966582852927,6.936728140939141
05143,2019,47.0,1,742.0,AR,2019,1104.0567895799495,7.006746665350969,6.610696044717759,05,3,25,239187.0,0.0108870678032719,3.1021752854461155,1.4115173904403155,234.2145,1052.6704959561835,6.959085543844646
05143,2020,50.0,1,792.0,AR,2020,1138.772171667592,7.037705918564729,6.675823221634848,05,3,25,246774.0,0.0317199513351478,3.2094142818935545,1.4373235125744872,235.67549999999997,1079.0392062815602,6.983826300354782
05143,2021,71.0,1,863.0,AR,2021,1233.2462469838902,7.117405196917561,6.761572768804055,05,3,25,251767.0,0.0202330877645133,3.427772503942137,1.4878966368197277,249.14216666666667,1105.3947097352702,7.007957753550249
05143,2023,80.0,1,943.0,AR,2023,1476.0902650052597,7.297152158443133,6.8501261661455,05,3,25,261549.0,0.0189612049150309,3.6054429571514324,1.5272388555593155,278.4124166666667,1183.9657308868702,7.076624871517368
06001,2015,564.0,8,15710.0,CA,2015,2064.6603944144003,7.632721033959746,9.662116382947598,06,4,26,1634538.0,0.016635236398738,9.611278538645172,2.361917448537049,223.31341666666663,2064.6603944144003,7.632721033959746
06001,2016,713.0,7,16423.0,CA,2016,2230.6962524022592,7.7100690365315785,9.70649895869877,06,4,26,1650950.0,0.0100407576942229,9.947605923862017,2.39312079526771,223.80733333333333,2225.773366092312,7.707859714474521
06001,2017,136.0,2,16559.0,CA,2017,2337.4652295531328,7.756822385994724,9.71474542793925,06,4,26,1660196.0,0.0056004118840666,9.974123537220906,2.395540095837947,227.24108333333336,2297.064153603581,7.739387131599727
06001,2018,191.0,4,16750.0,CA,2018,2419.0158937797496,7.791116080981063,9.726213236963687,06,4,26,1666756.0,0.0039513406850757,10.0494613488717,2.402381680067159,231.78858333333335,2330.566486245229,7.753866644153007
06001,2019,850.0,12,17600.0,CA,2019,2480.1787896598566,7.816085929165262,9.77571099759397,06,4,26,1671329.0,0.0027436529402025,10.530541862194697,2.4449993290305305,234.2145,2364.743427341776,7.768424807658939
06001,2020,1339.0,14,18939.0,CA,2020,2475.780070603912,7.81431080538598,9.84903136674007,06,4,26,1680466.0,0.0054669068747086,11.270088177922077,2.5071644451617145,235.67549999999997,2345.915916087166,7.7604311871760325
06001,2021,944.0,9,19883.0,CA,2021,2477.225062127795,7.814894286131974,9.897670667214562,06,4,26,1644047.0,-0.0216719648002399,12.093936487217213,2.5721492594814914,249.14216666666667,2220.409334467215,7.705446842764662
06001,2022,624.0,9,20507.0,CA,2022,2624.116114685681,7.872499400108438,9.928570332903591,06,4,26,1628259.0,-0.0096031317839453,12.594433686532671,2.6096604212059615,271.6895,2156.8751655861483,7.6764157706235885
06001,2023,264.0,3,20771.0,CA,2023,2638.9267726379967,7.878127587970552,9.94136120496421,06,4,26,1622188.0,-0.0037285223051124,12.804311214236575,2.624980950203044,278.4124166666667,2116.671953738644,7.657600301044789
06007,2017,14.0,1,1939.0,CA,2017,1070.9315449312635,6.9762841514407,7.570443252057374,06,4,27,228696.0,0.0108959426426971,8.478504215202715,2.249026520611386,227.24108333333336,1052.4214143263218,6.958848897045703
06007,2021,39.0,1,1978.0,CA,2021,1355.0570875557974,7.211598863463803,7.590346945602565,06,4,27,206336.0,-0.0181536133542071,9.58630583126551,2.359561263181482,249.14216666666667,1214.5773316859952,7.102151420096491
06007,2022,267.0,4,2245.0,CA,2022,1446.3845246906274,7.2768222903900135,7.716906135298388,06,4,27,207369.0,0.0050063973325062,10.826111906794168,2.4703099601303053,271.6895,1188.846348579745,7.080738660905164
06007,2023,483.0,7,2728.0,CA,2023,1483.9537080833231,7.302465229226849,7.911690520708339,06,4,27,207172.0,-0.0009499973477231,13.167802598806787,2.650971967492926,278.4124166666667,1190.2729651745876,7.081937942301085
06013,2015,248.0,4,9242.0,CA,2015,1792.073356561823,7.491128528278412,9.131621787264777,06,4,28,1124405.0,0.0140042709915264,8.219458291274053,2.2213162821845267,223.31341666666663,1792.073356561823,7.491128528278412
06013,2016,441.0,5,9683.0,CA,2016,1929.1326926166632,7.564825798832646,9.178230318057949,06,4,28,1137268.0,0.0114398281757908,8.514264008131768,2.252792147060836,223.80733333333333,1924.875321891121,7.562616476775589
06013,2017,185.0,2,9868.0,CA,2017,2040.3038574134916,7.620854025458851,9.197153810172008,06,4,28,1145535.0,0.0072691748998476,8.61431558180239,2.2632531941673153,227.24108333333336,2005.0389601815084,7.603418771063854
06013,2018,304.0,5,10172.0,CA,2018,2134.053339754632,7.665778426748308,9.227492430793749,06,4,28,1150519.0,0.0043508055188186,8.841227306980588,2.286580429605647,231.78858333333335,2056.0233631704646,7.628528989920252
06013,2019,730.0,8,10902.0,CA,2019,2214.793212801845,7.702914320469602,9.296793259706382,06,4,28,1153526.0,0.0026136030782628,9.45102234366629,2.3466998055553776,234.2145,2111.70973428598,7.655253198963279
06013,2020,194.0,2,11096.0,CA,2020,2265.1426701170426,7.725393024947556,9.314430080500564,06,4,28,1166069.0,0.0108736170662819,9.515731916378877,2.3528724136156094,235.67549999999997,2146.3272546416283,7.671513406737609
06013,2021,459.0,2,11555.0,CA,2021,2370.059891317904,7.7706705044081525,9.354960061586127,06,4,28,1163941.0,-0.0018249348880726,9.927479141984,2.3912806389897496,249.14216666666667,2124.354055020111,7.6612230610408405
06013,2022,158.0,2,11713.0,CA,2022,2517.7429005792874,7.831118104776205,9.368539986649727,06,4,28,1157019.0,-0.0059470368343412,10.123429260885084,2.4090536280512516,271.6895,2069.4423944120185,7.635034475291355
06013,2023,148.0,1,11861.0,CA,2023,2546.0724285932665,7.842307226706929,9.381095292398673,06,4,28,1155025.0,-0.0017233943435673,10.269041795632129,2.422059301866709,278.4124166666667,2042.193878840868,7.621779939781164
06017,2016,87.0,1,1443.0,CA,2016,1383.791159726302,7.23258222864013,7.275172319452771,06,4,29,185976.0,0.0076231653202867,7.759065685894955,2.170089242398746,223.80733333333333,1380.7372941232616,7.230372906583072
06017,2018,66.0,1,1509.0,CA,2018,1584.1611641200552,7.367810312223985,7.31986492980897,06,4,29,190746.0,0.0109551142416484,7.911044006165267,2.187291407027688,231.78858333333335,1526.237561068949,7.330560875395928
06019,2015,1113.0,12,10367.0,CA,2015,953.2041305772192,6.859829078594572,9.246479418592056,06,4,30,969488.0,0.0092872230672091,10.693273150363904,2.459013732046451,223.31341666666663,953.2041305772192,6.859829078594572
06019,2016,537.0,8,10904.0,CA,2016,991.7019117368646,6.899422569927304,9.29697667863573,06,4,30,976830.0,0.0075730694964764,11.162638330108617,2.498368820940446,223.80733333333333,989.513341347875,6.897213247870246
06019,2017,238.0,3,11142.0,CA,2017,1045.9441850022226,6.952675282782625,9.318566777047053,06,4,30,985238.0,0.0086074342516098,11.308942610820939,2.5103260397418685,227.24108333333336,1027.8659394210702,6.9352400283876285
06019,2018,340.0,6,11482.0,CA,2018,1107.0878392791967,7.0094882785030395,9.34862295977619,06,4,30,991950.0,0.0068125671157628,11.57518020061495,2.531725045951912,231.78858333333335,1066.6080459364941,6.972238841674984
06019,2019,141.0,2,11623.0,CA,2019,1186.0660206740451,7.078397244681227,9.36082720525012,06,4,30,999101.0,0.0072090327133425,11.633458479172777,2.536348729374329,234.2145,1130.8627581510038,7.030736123174904
06019,2020,252.0,4,11875.0,CA,2020,1258.7237142592237,7.13785356139902,9.382274835883651,06,4,30,1009552.0,0.0104604039031088,11.762643231849374,2.546522406295536,235.67549999999997,1192.6988306828002,7.083973943189073
06019,2021,695.0,10,12570.0,CA,2021,1460.1225839683038,7.2862756727999285,9.43914785291483,06,4,30,1013103.0,0.0035174017782144,12.407425503625987,2.5958086955384916,249.14216666666667,1308.7506115107924,7.1768282294326164
06019,2022,241.0,5,12811.0,CA,2022,1604.315721352945,7.3804526028184245,9.458137510729049,06,4,30,1015359.0,0.0022268219519634,12.617212237248106,2.611334598218236,271.6895,1318.6568680327139,7.184368973333574
06019,2023,264.0,2,13075.0,CA,2023,1686.684335388075,7.430519949085061,9.478533767844102,06,4,30,1017162.0,0.0017757266149214,12.854392908897502,2.6286023598809116,278.4124166666667,1352.8823401027319,7.209992662159296
06023,2022,29.0,1,987.0,CA,2022,1326.4972597003396,7.190297107763628,6.895682697747868,06,4,31,134944.0,0.0003484139751068,7.314145126867441,2.117958296399463,271.6895,1090.3057912162722,6.994213478278779
06025,2023,95.0,2,3828.0,CA,2023,1376.6777204873129,7.227428426664404,8.250358951477294,06,4,32,179057.0,0.0006538504526656,21.378667128344606,3.108108144735992,278.4124166666667,1104.2273512498398,7.006901139738639
06029,2015,727.0,9,8465.0,CA,2015,965.3056129968544,6.872444748607014,9.04381342108087,06,4,33,876031.0,0.0078867801227828,9.662900057189757,2.366770432131736,223.31341666666663,965.3056129968544,6.872444748607014
06029,2016,269.0,3,8734.0,CA,2016,984.6710885972234,6.892307665202458,9.075093222568157,06,4,33,880856.0,0.0055077959569924,9.915355063710754,2.3901705193592857,223.80733333333333,982.4980344144158,6.890098343145401
06029,2017,197.0,2,8931.0,CA,2017,1018.470176335889,6.926056953290065,9.097395612960048,06,4,33,887356.0,0.0073791857011815,10.064731629695409,2.4037627192274442,227.24108333333336,1000.866795363088,6.908621698895067
06029,2018,90.0,2,9021.0,CA,2018,1060.3511622815429,6.966355417414563,9.107421317968342,06,4,33,893758.0,0.0072146917358986,10.093336227479922,2.406344588175482,231.78858333333335,1021.5802586576737,6.929105980586508
06029,2019,199.0,2,9220.0,CA,2019,1118.865717670153,7.02007069902902,9.129238770539141,06,4,33,900202.0,0.0072100053929586,10.242145651753718,2.4196697205316884,234.2145,1066.7901697124807,6.972409577522697
06029,2020,107.0,2,9327.0,CA,2020,1189.2315964435252,7.081062660266039,9.140775908590273,06,4,33,905910.0,0.0063407990650987,10.295724740868298,2.4244243126130063,235.67549999999997,1126.8518408139926,7.027183042056092
06029,2021,80.0,1,9407.0,CA,2021,1341.6284118280953,7.201639387854894,9.149315670138408,06,4,33,912709.0,0.0075051605567881,10.306680442506867,2.4253937406369435,249.14216666666667,1202.5408165581725,7.092191944487582
06029,2022,206.0,4,9613.0,CA,2022,1540.666761638449,7.339970563809517,9.170975648453906,06,4,33,916751.0,0.0044285747154897,10.485944384025762,2.4411240603640194,271.6895,1266.341019753251,7.143886934324668
06029,2023,24.0,1,9637.0,CA,2023,1608.5061720461426,7.383061183815731,9.173468897200278,06,4,33,913820.0,-0.0031971604066971,10.5458405375238,2.446325245485322,278.4124166666667,1290.1759673998442,7.162533896889967
06037,2015,2990.0,44,62897.0,CA,2015,1760.072923497255,7.4731105209791,11.049269645680628,06,4,34,10085416.0,0.0045163022735295,6.236430901809108,1.9791281154848972,223.31341666666663,1760.072923497255,7.4731105209791
06037,2016,1764.0,27,64661.0,CA,2016,1882.504674393819,7.540358442748691,11.076928981824887,06,4,34,10105708.0,0.0020120141796828,6.398463125987808,2.001272292963144,223.80733333333333,1878.3502062630705,7.538149120691634
06037,2017,1092.0,11,65753.0,CA,2017,2000.3981579293045,7.601101518693147,11.093675784691447,06,4,34,10103711.0,-0.0001976110926616,6.507806884025087,2.0159433970329252,227.24108333333336,1965.8229963884864,7.5836662642981505
06037,2018,2139.0,29,67892.0,CA,2018,2105.2263745997047,7.652178281711854,11.125688215448855,06,4,34,10073906.0,-0.0029499062275237,6.739391850589037,2.046323112239355,231.78858333333335,2028.2504332517376,7.614928844883798
06037,2019,1749.0,29,69641.0,CA,2019,2196.369967222527,7.694561261673702,11.151123112596677,06,4,34,10039107.0,-0.0034543701321017,6.936971585221674,2.0715317900622234,234.2145,2094.143964803704,7.646900140167379
06037,2020,1937.0,23,71578.0,CA,2020,2220.2325263180787,7.7053672109660285,11.178557013839642,06,4,34,9992813.0,-0.0046113663296944,7.162948010735315,2.0996053795570244,235.67549999999997,2103.772820028196,7.651487592756081
06037,2021,2943.0,40,74521.0,CA,2021,2314.5675650730877,7.746978152126942,11.218849662788015,06,4,34,9809462.0,-0.0183482869138049,7.596848838397049,2.1513957219735205,249.14216666666667,2074.6146586814293,7.63753070875963
06037,2022,2322.0,35,76843.0,CA,2022,2564.6519349878777,7.849578050536605,11.249532671748334,06,4,34,9719765.0,-0.0091439265476537,7.9058495755813025,2.186708316523465,271.6895,2107.998970011431,7.6534944210517555
06037,2023,2397.0,28,79240.0,CA,2023,2648.2357846711575,7.881648955642377,11.280249120621802,06,4,34,9663345.0,-0.0058046670881446,8.200059089269812,2.2192099067810878,278.4124166666667,2124.1386727442305,7.661121668716613
06039,2023,25.0,1,1634.0,CA,2023,2039.0071840439257,7.620218293885524,7.399398083331354,06,4,35,162858.0,0.0157738150927155,10.033280526593721,2.4009162075941237,278.4124166666667,1635.4790002842703,7.399691006959761
06041,2019,26.0,1,1687.0,CA,2019,2817.898257981998,7.943746587471148,7.431299675155903,06,4,36,258826.0,-0.003219570056458,6.517892329209585,2.0172858233062003,234.2145,2686.7443638588047,7.896085465964826
06041,2020,122.0,2,1809.0,CA,2020,2877.2509642606215,7.964590590981265,7.501082124259871,06,4,36,261306.0,0.0095817267198812,6.922917958255838,2.069759567045716,235.67549999999997,2726.3281225095548,7.910710972771318
06047,2015,33.0,1,2065.0,CA,2015,903.515435238332,6.806293193714062,7.633369649679584,06,4,37,266353.0,0.0073141491345176,7.752869312528862,2.1693815680469113,223.31341666666663,903.515435238332,6.806293193714062
06047,2017,69.0,1,2134.0,CA,2017,1072.9230443660513,6.9781420199897735,7.666221925662725,06,4,37,271096.0,0.0129582853812006,7.871750228701272,2.182872096890416,227.24108333333336,1054.378492406344,6.960706765594777
06047,2020,43.0,1,2177.0,CA,2020,1305.5814779858065,7.174403797517458,7.686162303492906,06,4,37,281830.0,0.0149452607317774,7.7245147784125185,2.166136853752646,235.67549999999997,1237.0987250933038,7.120524179307511
06047,2022,118.0,1,2295.0,CA,2022,1674.0957127586655,7.423028425495376,7.738923757439457,06,4,37,290210.0,0.0196760479252309,7.908066572481996,2.186957222703747,271.6895,1376.012077916725,7.2269447960105255
06053,2015,31.0,1,3742.0,CA,2015,1542.2964268240928,7.3410277709429215,8.22764270790443,06,4,38,430552.0,0.0048474240037341,8.691168546424125,2.2712150116581458,223.31341666666663,1542.2964268240928,7.3410277709429215
06053,2016,90.0,2,3832.0,CA,2016,1688.2446911539553,7.431444623864759,8.251403065380556,06,4,38,433953.0,0.0078991620059829,8.830449380462861,2.2854846483189344,223.80733333333333,1684.5189321363514,7.429235301807702
06053,2017,439.0,4,4271.0,CA,2017,1811.773444386524,7.502061448094173,8.35983738064003,06,4,38,434534.0,0.001338854668593,9.828920176556954,2.3822203493527483,227.24108333333336,1780.4584987759602,7.484626193699175
06053,2018,116.0,3,4387.0,CA,2018,1928.9203751806624,7.564715734283256,8.38662882139512,06,4,38,433950.0,-0.0013439684811775,10.109459615163038,2.407796962969323,231.78858333333335,1858.3909235947074,7.5274662974552
06053,2019,564.0,6,4951.0,CA,2019,2019.845737067458,7.610776419690695,8.507546814364431,06,4,38,434061.0,0.0002557898375388,11.406230921460347,2.5181988400694832,234.2145,1925.8357304271751,7.563115298184372
06053,2020,190.0,1,5141.0,CA,2020,2101.4771300426373,7.650395771703412,8.545197387825835,06,4,38,438322.0,0.0098165925987361,11.728820364937192,2.5438687425204485,235.67549999999997,1991.2465994839613,7.596516153493465
06053,2022,178.0,2,5319.0,CA,2022,2453.6843924875934,7.805346007581698,8.57922858233569,06,4,38,432884.0,-0.0097767855100444,12.287356428050009,2.586812938571122,271.6895,2016.7899205088113,7.609262378096847
06055,2016,40.0,1,1408.0,CA,2016,1953.9338871491857,7.577599997408618,7.25063551189868,06,4,39,140840.0,-0.0001561812270165,9.997159897756319,2.397637048348245,223.80733333333333,1949.6217830815744,7.57539067535156
06055,2019,265.0,4,1673.0,CA,2019,2230.750246728339,7.710093241383567,7.422971251049421,06,4,39,137744.0,-0.0075294151553797,12.145719595771867,2.576096199610235,234.2145,2126.9240774030427,7.662432119877244
06055,2020,104.0,1,1777.0,CA,2020,2303.5953183588776,7.742226363315327,7.48324441607385,06,4,39,137459.0,-0.002069055639447,12.927491106439012,2.6338646643514387,235.67549999999997,2182.7629140918707,7.688346745105379
06055,2021,50.0,1,1827.0,CA,2021,2456.6607464322246,7.806558286647602,7.510977752014095,06,4,39,136265.0,-0.0086862264384288,13.40769823505669,2.6677626633911817,249.14216666666667,2201.9769363676437,7.69711084328029
06057,2022,90.0,2,1624.0,CA,2022,2081.008489409755,7.64060790587102,7.393263094763838,06,4,40,102401.0,-0.0107808379300018,15.85922012480347,2.8248976955610154,271.6895,1710.4713869414572,7.444524276386169
06059,2015,836.0,7,16219.0,CA,2015,1894.7946005330657,7.546865721421864,9.694000327669404,06,4,41,3149280.0,0.0072741822661941,5.150066046842452,1.8164628210847364,223.31341666666663,1894.7946005330657,7.546865721421864
06059,2016,411.0,5,16630.0,CA,2016,1979.6514668865996,7.590676081369091,9.71902370267014,06,4,41,3164986.0,0.004987171670985,5.254367633853673,1.8332800411029089,223.80733333333333,1975.2826071217132,7.588466759312034
06059,2017,649.0,7,17279.0,CA,2017,2071.654966592813,7.636103067598395,9.757305042358047,06,4,41,3174289.0,0.0029393494947529,5.4434237084273045,1.8630600305935427,227.24108333333336,2035.8481924049534,7.618667813203398
06059,2018,107.0,2,17386.0,CA,2018,2141.638131065671,7.6693262969905165,9.76347807952779,06,4,41,3175973.0,0.0005305125021697,5.4742278980331385,1.867829356928519,231.78858333333335,2063.330822571673,7.63207686016246
06059,2019,483.0,6,17869.0,CA,2019,2205.4365411054982,7.698680746111545,9.790878608153474,06,4,41,3175692.0,-8.847682269341739e-05,5.6268051183804975,1.8911228054578295,234.2145,2102.7885516728647,7.6510196246052224
06059,2020,696.0,9,18565.0,CA,2020,2241.1002806564848,7.714722220973111,9.829087229959878,06,4,41,3185734.0,0.0031621454473544,5.827542412517806,1.9209647863592891,235.67549999999997,2123.545980664198,7.6608426027631635
06059,2021,696.0,5,19261.0,CA,2021,2485.4182986901383,7.818196253817688,9.86588952212081,06,4,41,3160611.0,-0.0078860946959162,6.094074848186,1.9592599072100634,249.14216666666667,2227.753172223684,7.708748810450376
06059,2022,940.0,7,20201.0,CA,2022,2838.8282890078785,7.951146671730061,9.91353688838913,06,4,41,3150372.0,-0.0032395634894645,6.412258615807911,2.0031351993157562,271.6895,2333.3564401581093,7.755063042245211
06059,2023,643.0,5,20844.0,CA,2023,2915.94996364999,7.977950933739211,9.944869390314897,06,4,41,3135755.0,-0.0046397695256306,6.647202986202685,2.0343399582635584,278.4124166666667,2338.871078409356,7.757423646813447
06061,2016,106.0,2,3549.0,CA,2016,1579.933251737206,7.365137879392691,8.174702882469461,06,4,42,378943.0,0.0163662258174395,9.365524630353377,2.3384853601739555,223.80733333333333,1576.4465234266029,7.362928557335633
06061,2017,49.0,1,3598.0,CA,2017,1691.7641406910595,7.433527133694845,8.188411308079031,06,4,42,385115.0,0.0162874099798651,9.342663879620373,2.3362774644897146,227.24108333333336,1662.5234526702782,7.416091879299849
06061,2018,134.0,2,3732.0,CA,2018,1777.1511248768995,7.482766869488956,8.224967478914584,06,4,42,392330.0,0.0187346636718901,9.512400275278464,2.3525555389547574,231.78858333333335,1712.170996181234,7.445517432660901
06061,2019,42.0,1,3774.0,CA,2019,1863.09694845174,7.529995408137435,8.236155661683124,06,4,42,398329.0,0.0152906991563224,9.474580058193101,2.348951375094613,234.2145,1776.3825260178107,7.482334286631112
06061,2020,20.0,1,3794.0,CA,2020,1928.9519375138,7.56473209684302,8.24143968982973,06,4,42,405927.0,0.0190746844944755,9.346508115991298,2.33664908268845,235.67549999999997,1827.771014602677,7.510852478633073
06061,2021,78.0,1,3872.0,CA,2021,2182.960512208702,7.688437267613414,8.261784679514752,06,4,42,413047.0,0.017540099574554,9.374235861778441,2.3393254115275526,249.14216666666667,1956.6514049063358,7.578989824246102
06061,2022,55.0,1,3927.0,CA,2022,2322.976933175823,7.750604802964683,8.275885669474356,06,4,42,418074.0,0.0121705278091839,9.393073953414946,2.3411396182756614,271.6895,1909.355774828795,7.5545211734798325
06065,2015,429.0,6,14156.0,CA,2015,1341.693295909418,7.201687748870383,9.557964480394498,06,4,43,2345816.0,0.0128030768141433,6.0345738966739075,1.9508371196735377,223.31341666666663,1341.693295909418,7.201687748870383
06065,2016,201.0,4,14357.0,CA,2016,1405.0300436131054,7.247813964893749,9.572062557136428,06,4,43,2380081.0,0.0146068574858386,6.032147645395262,1.950492156379077,223.80733333333333,1401.9293062718746,7.245604642836692
06065,2017,330.0,2,14687.0,CA,2017,1498.37231192495,7.312134672532128,9.594786112860271,06,4,43,2414964.0,0.0146562238848173,6.08166415731249,1.957508930553461,227.24108333333336,1472.4742353206798,7.294699418137132
06065,2018,413.0,3,15100.0,CA,2018,1586.543160942217,7.369312815785386,9.62251624577579,06,4,43,2445789.0,0.012764165428553,6.173876814394046,1.9704462078439098,231.78858333333335,1528.5324620567214,7.332063378957329
06065,2019,221.0,3,15321.0,CA,2019,1671.0695133611832,7.421219127587225,9.637044983076766,06,4,43,2470546.0,0.0101222959135067,6.201463158346373,1.9742842218133427,234.2145,1593.2926548791374,7.373558006080902
06065,2020,239.0,3,15560.0,CA,2020,1764.9194457458998,7.475860328521847,9.65252306301951,06,4,43,2422993.0,-0.0192479719058054,6.421809720457302,2.004422925076851,235.67549999999997,1672.342655774387,7.4219807103118995
06065,2021,413.0,3,15973.0,CA,2021,2052.8132663628426,7.626966456410074,9.678717679477334,06,4,43,2453399.0,0.0125489425681377,6.510559432036942,2.016309954617785,249.14216666666667,1839.9966188922108,7.517519013042762
06065,2022,575.0,6,16548.0,CA,2022,2307.604737921738,7.743965355562174,9.714080956018943,06,4,43,2474241.0,0.0084951530509305,6.6881116269595395,2.0396751911983184,271.6895,1896.720698965146,7.547881726077323
06065,2023,49.0,1,16597.0,CA,2023,2370.5494596797976,7.770877046785888,9.717037485158393,06,4,43,2492442.0,0.0073561952938294,6.658931281048867,2.0358724545734392,278.4124166666667,1901.4076511257706,7.550349759860124
06067,2015,378.0,5,19409.0,CA,2015,1162.386206751492,7.058230246004916,9.873543676163056,06,4,44,1493674.0,0.012717325788502,12.994133927483507,2.63863823662831,223.31341666666663,1162.386206751492,7.058230246004916
06067,2016,370.0,6,19779.0,CA,2016,1255.8728599845683,7.135586115777498,9.892426605176704,06,4,44,1510987.0,0.0115908826156176,13.090119239940517,2.64547378861009,223.80733333333333,1253.1012951411728,7.13337679372044
06067,2017,193.0,2,19972.0,CA,2017,1378.009001682194,7.228394983977663,9.902136640465171,06,4,44,1527301.0,0.0107969161878958,13.076662687970478,2.6445182976329344,227.24108333333336,1354.1913013663816,7.210959729582666
06067,2018,139.0,1,20111.0,CA,2018,1470.4211423953143,7.293304130167334,9.909071930830029,06,4,44,1538746.0,0.0074936112789816,13.069733406293176,2.6440259232775043,231.78858333333335,1416.65635349685,7.256054693339278
06067,2019,892.0,11,21003.0,CA,2019,1547.740151683963,7.344551179390219,9.95246817475775,06,4,44,1552058.0,0.0086512003930472,13.532355105286014,2.6763775501521976,234.2145,1475.7034316181562,7.296890057883896
06067,2020,320.0,4,21323.0,CA,2020,1625.4136784466389,7.393517633717828,9.967588477942652,06,4,44,1586566.0,0.022233705183698,13.439718234224104,2.669982620408935,235.67549999999997,1540.1545007039495,7.33963801550788
06067,2021,272.0,4,21595.0,CA,2021,1811.8498247928896,7.502103605018721,9.980263391338177,06,4,44,1588810.0,0.0014143754498709,13.591933585513686,2.680468881890264,249.14216666666667,1624.0140329306016,7.392656161651409
06067,2022,512.0,5,22107.0,CA,2022,1963.9101268101615,7.582692727587419,10.003694812953153,06,4,44,1584380.0,-0.0027882503257155,13.953092061247933,2.7049181052903,271.6895,1614.2231497508872,7.386609098102569
06067,2023,936.0,11,23043.0,CA,2023,1993.834872092494,7.597815134701722,10.045160710852274,06,4,44,1584288.0,-5.806687789544629e-05,14.544703993213355,2.7437200014003955,278.4124166666667,1599.2464807674264,7.377287847775959
06071,2015,230.0,2,8876.0,CA,2015,1277.1819117758623,7.15241129833497,9.09121894106832,06,4,45,2115411.0,0.0077315867474028,4.195874938723492,1.6478650297587827,223.31341666666663,1277.1819117758623,7.15241129833497
06071,2016,690.0,9,9566.0,CA,2016,1346.7778657464517,7.205470252452174,9.166074955678168,06,4,45,2131960.0,0.0078230660613942,4.4869509746899565,1.7023727232255423,223.80733333333333,1343.8056841638256,7.203260930395117
06071,2017,162.0,3,9728.0,CA,2017,1429.1929633883635,7.264865202675312,9.182866394975427,06,4,45,2150945.0,0.0089049513124073,4.522663294505438,1.7088602248211913,227.24108333333336,1404.4905923197437,7.247429948280315
06071,2018,263.0,3,9991.0,CA,2018,1523.7410579965265,7.328923812359247,9.209540051805414,06,4,45,2166753.0,0.0073493278535712,4.611047036741151,1.7247373396852488,231.78858333333335,1468.0266684539138,7.2916743755311915
06071,2019,372.0,4,10363.0,CA,2019,1603.7894886810616,7.380124538342884,9.246093541682,06,4,45,2180085.0,0.0061529855964201,4.753484382489673,1.7498056508412052,234.2145,1529.1440552632484,7.332463416836561
06071,2020,152.0,2,10515.0,CA,2020,1699.952533083102,7.438355607938667,9.260653185849772,06,4,45,2183391.0,0.0015164546336496,4.815903335682889,1.7605961196809397,235.67549999999997,1610.7835067028275,7.3844759897287195
06071,2021,403.0,4,10918.0,CA,2021,1973.6289285614764,7.587629222870936,9.298259670014065,06,4,45,2193087.0,0.0044407987392087,4.978370671113367,1.7881480678132262,249.14216666666667,1769.0213791024366,7.478181779503624
06071,2022,348.0,2,11266.0,CA,2022,2202.8646294744485,7.69751389665034,9.329633378164166,06,4,45,2194908.0,0.0008303364162023,5.132789164739479,1.8136496488703973,271.6895,1810.6302483610507,7.50143026716549
06073,2015,1024.0,11,22601.0,CA,2015,1624.239194183646,7.392794796934845,10.025793676920095,06,4,46,3280850.0,0.0098412466830846,6.888763582608166,2.065439415684206,223.31341666666663,1624.239194183646,7.392794796934845
06073,2016,1186.0,15,23787.0,CA,2016,1714.5496072077476,7.44690570540551,10.076936530826485,06,4,46,3306089.0,0.0076928235061035,7.1949061262416105,2.1035127571261096,223.80733333333333,1710.7657963101597,7.444696383348452
06073,2017,757.0,8,24544.0,CA,2017,1818.993124560552,7.506038398720189,10.108263446492153,06,4,46,3321237.0,0.0045818488250013,7.390017634995636,2.127042622383418,227.24108333333336,1787.553392988103,7.488603144325191
06073,2018,1240.0,10,25784.0,CA,2018,1914.212805193981,7.557061749319402,10.157548206485059,06,4,46,3333861.0,0.00380099342504,7.733975711644847,2.167220674162416,231.78858333333335,1844.2211243002068,7.5198123124913465
06073,2019,1587.0,16,27371.0,CA,2019,1987.1589534693944,7.594461236065584,10.217275872072388,06,4,46,3338330.0,0.0013404878007812,8.19900968448296,2.2190958352700894,234.2145,1894.6702930818035,7.546800114559262
06073,2020,987.0,10,28358.0,CA,2020,2037.8779345297744,7.619664317253764,10.252699719093494,06,4,46,3295298.0,-0.0128902774740663,8.60559500233363,2.2623457414474895,235.67549999999997,1930.9834255552807,7.5657846990438165
06073,2021,1270.0,13,29628.0,CA,2021,2251.462365484196,7.719335224293994,10.29650889041995,06,4,46,3274432.0,-0.0063320525184672,9.04828684791744,2.307402157080847,249.14216666666667,2018.051621126724,7.609887780926682
06073,2022,1115.0,13,30743.0,CA,2022,2600.664344098499,7.863522208331636,10.33345013224468,06,4,46,3277176.0,0.0008380079354219,9.38094261644782,2.339971684447812,271.6895,2137.599135350506,7.667438578846785
06073,2023,724.0,7,31467.0,CA,2023,2734.1434783469535,7.9135734951852355,10.356726435449133,06,4,46,3269973.0,-0.0021979289485825,9.62301523590562,2.3630228960344097,278.4124166666667,2193.044868891596,7.693046208259472
06075,2015,578.0,8,13498.0,CA,2015,3129.487278696882,8.048624461393043,9.510370887608827,06,4,47,863010.0,0.0144108139876579,15.640606713711314,2.811845895888906,223.31341666666663,3129.487278696882,8.048624461393043
06075,2016,915.0,11,14413.0,CA,2016,3186.521370171596,8.066685121203411,9.575955235484386,06,4,47,871512.0,0.0098515660305211,16.537924893747878,2.8643656728612723,223.80733333333333,3179.4890893701745,8.064475799146354
06075,2017,837.0,8,15250.0,CA,2017,3186.539029837911,8.066690663177033,9.632400353656184,06,4,47,878040.0,0.0074904304243659,17.368229237847935,2.910622500342811,227.24108333333336,3131.462443571298,8.049255408782036
06075,2018,1482.0,11,16732.0,CA,2018,3286.8189577882617,8.097675493896144,9.725138096494574,06,4,47,880696.0,0.0030249191380802,18.998610190122356,2.9956627806455325,231.78858333333335,3166.6390159213433,8.060426057068087
06075,2019,1365.0,13,18097.0,CA,2019,3374.7210316533788,8.12406794260244,9.803556713911078,06,4,47,881549.0,0.0009685521451214,20.528637659392725,3.069384032987461,234.2145,3217.650845167033,8.076406821096118
06075,2020,823.0,8,18920.0,CA,2020,3143.0809534516247,8.052958793211534,9.84802769533176,06,4,47,870518.0,-0.0125132011947152,21.734185852561346,3.1238697763239744,235.67549999999997,2978.2143098251904,7.999079175001586
06075,2021,1137.0,11,20057.0,CA,2021,2982.7974135053046,8.000616868532783,9.906383355648154,06,4,47,811935.0,-0.0672967129915751,24.70271635044677,3.2465966808858098,249.14216666666667,2673.568631702377,7.8911694251654705
06075,2022,1032.0,7,21089.0,CA,2022,3204.675948733937,8.072366256203674,9.95655427347282,06,4,47,807774.0,-0.0051247944724639,26.10754988400221,3.2998122825913074,271.6895,2634.0625435332126,7.876282626718824
06075,2023,435.0,3,21524.0,CA,2023,3210.06033966683,8.07404501335139,9.976970329295932,06,4,47,808988.0,0.0015028956118914,26.60608068352065,3.3180360630777157,278.4124166666667,2574.775761583287,7.8535177264256255
06077,2015,97.0,3,2496.0,CA,2015,1241.1048145207585,7.123757241364724,7.822845290279774,06,4,48,722271.0,0.0150257385335992,3.455766602840208,1.4941991230755072,223.31341666666663,1241.1048145207585,7.123757241364724
06077,2016,259.0,4,2755.0,CA,2016,1354.0660559302748,7.210867238050531,7.9215356321335495,06,4,48,732809.0,0.0145900915307413,3.7595062287717536,1.5601439294113297,223.80733333333333,1351.0777901624344,7.208657915993474
06077,2017,618.0,4,3373.0,CA,2017,1467.4199457642098,7.291260998775909,8.123854263105914,06,4,48,743296.0,0.0143106866864353,4.53789607370415,1.7116146585387657,227.24108333333336,1442.0568541857137,7.273825744380913
06077,2018,50.0,1,3423.0,CA,2018,1570.86222165882,7.359379933364988,8.138564737261632,06,4,48,752491.0,0.0123705764594455,4.5488916146505405,1.7135981987418563,231.78858333333335,1513.4248839458444,7.322130496536931
06077,2019,27.0,1,3450.0,CA,2019,1651.0060207559563,7.409140090646342,8.146419323098003,06,4,48,762148.0,0.0128333760802454,4.526679857455507,1.7095872477892984,234.2145,1574.1629806534186,7.361478969140019
06077,2020,217.0,3,3667.0,CA,2020,1766.3839689517915,7.4766897804934676,8.207401833376355,06,4,48,780617.0,0.0242328261702451,4.697566156002239,1.7400390934791958,235.67549999999997,1673.7303591245243,7.422810162283521
06077,2021,72.0,2,3739.0,CA,2021,2002.121328616794,7.601962561743528,8.226840890408578,06,4,48,788354.0,0.0099113906051238,4.742793212186403,1.747945714301351,249.14216666666667,1794.5599512779743,7.4925151183762155
06077,2022,112.0,2,3851.0,CA,2022,2148.2035129841365,7.67238719647782,8.256347772918016,06,4,48,794293.0,0.0075334177285839,4.848336822809719,1.7661573170285696,271.6895,1765.701899336645,7.4763035669929705
06077,2023,37.0,1,3888.0,CA,2023,2191.228953024665,7.692217831180606,8.265907334155747,06,4,48,800965.0,0.008399922950347,4.854144687970136,1.7671499040507166,278.4124166666667,1757.575434520649,7.471690544254843
06079,2015,20.0,1,1534.0,CA,2015,1674.9132355134868,7.423516643224076,7.336285660021297,06,4,49,280077.0,0.0066492468380134,5.47706523563163,1.8682675120400742,223.31341666666663,1674.9132355134868,7.423516643224076
06079,2016,108.0,2,1642.0,CA,2016,1797.4302545400633,7.494113287473877,7.404279118037268,06,4,49,281803.0,0.0061625910017601,5.826765506399861,1.9208509898749273,223.80733333333333,1793.4635357258674,7.491903965416819
06079,2017,19.0,1,1661.0,CA,2017,1901.6148386322543,7.550458719250843,7.415776975415394,06,4,49,282481.0,0.0024059360617167,5.880041489516109,1.928624682379992,227.24108333333336,1868.7470617981735,7.533023464855846
06079,2018,113.0,3,1774.0,CA,2018,1985.4947476563912,7.593623405217211,7.4815557019095165,06,4,49,283354.0,0.0030904733415699,6.26071980632001,1.9824789707980124,231.78858333333335,1912.8966987784618,7.556373968389154
06079,2019,281.0,3,2055.0,CA,2019,2055.0477500536267,7.6280543626962105,7.628517626575055,06,4,49,283111.0,-0.0008575845056008,7.2586370716786,2.1112595704895822,234.2145,1959.3993304326646,7.5803932411898876
06079,2020,194.0,3,2249.0,CA,2020,2125.387950058315,7.661709629428929,7.718685495198466,06,4,49,281884.0,-0.0043339891420679,7.978459224361795,2.194828289013955,235.67549999999997,2013.9032053382086,7.607830011218981
06079,2021,35.0,1,2284.0,CA,2021,2297.5652265050853,7.739605244035808,7.734121303328305,06,4,49,279464.0,-0.0085850917398646,8.172787908281567,2.2162412649565613,249.14216666666667,2059.374964944544,7.630157800668496
06079,2022,39.0,1,2323.0,CA,2022,2533.4905643157986,7.837353300541868,7.751045117971802,06,4,49,282046.0,0.0092391148770503,8.23624515150011,2.223135434178112,271.6895,2082.3860841516594,7.641269671057018
06079,2023,35.0,1,2358.0,CA,2023,2699.982905294883,7.901000720600112,7.765993079407675,06,4,49,281639.0,-0.0014430270239605,8.372420012853333,2.237771335353405,278.4124166666667,2165.644818366254,7.680473433674348
06081,2015,240.0,3,2431.0,CA,2015,2652.0686924427127,7.883095253098019,7.796469243086058,06,4,50,765055.0,0.0103684079851664,3.1775493265190082,1.4297247890823357,223.31341666666663,2652.0686924427127,7.883095253098019
06081,2016,367.0,3,2798.0,CA,2016,2783.58580343895,7.931495232885463,7.937017489515454,06,4,50,767906.0,0.0037265294652018,3.643675137321495,1.5355061081849932,223.80733333333333,2777.442754411295,7.929285910828405
06081,2017,220.0,3,3018.0,CA,2017,2850.783355269117,7.955349096993131,8.012680929706839,06,4,50,768901.0,0.0012957315088044,3.9250826829461785,1.5943410628985961,227.24108333333336,2801.510017041124,7.937913842598134
06081,2018,80.0,1,3098.0,CA,2018,2948.3125202149836,7.988988258618208,8.038834757787749,06,4,50,768681.0,-0.0002861226607846,4.030280441431491,1.6154757363211805,231.78858333333335,2840.5097991538346,7.951738821790152
06081,2019,119.0,2,3217.0,CA,2019,3043.4469866898307,8.020746029247638,8.076515327552329,06,4,50,766573.0,-0.0027423599646667,4.196599671525086,1.648004502373333,234.2145,2901.795341627342,7.973084907741314
06081,2020,337.0,3,3554.0,CA,2020,2991.481116312861,8.003523900362515,8.176110342237342,06,4,50,762479.0,-0.0053406524884127,4.661111978165956,1.733620335492338,235.67549999999997,2834.566465235627,7.949644282152567
06081,2021,172.0,2,3726.0,CA,2021,2894.5723554911333,7.970592660785182,8.223358899479258,06,4,50,739149.0,-0.0305975639984839,5.040932207173385,1.798558338973686,249.14216666666667,2594.489929753385,7.86114521741787
06081,2022,293.0,4,4019.0,CA,2022,3114.6135649345088,8.043860367325147,8.299037181613066,06,4,50,728929.0,-0.0138267115290692,5.513568536853383,1.873887468377452,271.6895,2560.036353196836,7.847776737840297
06081,2023,282.0,4,4301.0,CA,2023,3155.0117864498006,8.05674751076859,8.366835309827675,06,4,50,726353.0,-0.0035339518663682,5.921363304068407,1.934612759484243,278.4124166666667,2530.621550903202,7.836220223842825
06083,2015,155.0,5,2872.0,CA,2015,1755.6303972373842,7.470583272107899,7.96311205897929,06,4,51,442229.0,0.0072521039984512,6.4943728249391155,2.0141524489257314,223.31341666666663,1755.6303972373842,7.470583272107899
06083,2016,339.0,5,3211.0,CA,2016,1873.271485546845,7.535441638841981,8.074649075066652,06,4,51,444340.0,0.0047735449280803,7.226448215330603,2.1073543559643166,223.80733333333333,1869.1373939863818,7.533232316784923
06083,2017,148.0,3,3359.0,CA,2017,1954.8419254398784,7.578064612597907,8.11969625295725,06,4,51,445298.0,0.0021560066615655,7.543263163095276,2.1451430382245036,227.24108333333336,1921.0541641929815,7.5606293582029105
06083,2018,141.0,3,3500.0,CA,2018,2037.0031176892217,7.619234946755444,8.160803920954665,06,4,51,445780.0,0.0010824212100659,7.851406523397192,2.180576375589354,231.78858333333335,1962.521705901529,7.581985509927388
06083,2019,202.0,1,3702.0,CA,2019,2137.93486222551,7.667595624434955,8.216898580913613,06,4,51,446499.0,0.0016129032258065,8.291171984707692,2.22906470038094,234.2145,2038.4286143443633,7.619934502928632
06083,2020,306.0,6,4008.0,CA,2020,2247.463348238137,7.717557458421094,8.296297112642508,06,4,51,448424.0,0.004311319846181,8.937969421797227,2.2963627162783564,235.67549999999997,2129.5752809611727,7.663677840211147
06083,2021,29.0,1,4037.0,CA,2021,2553.9776177444087,7.845407272945787,8.303504798872783,06,4,51,437521.0,-0.0243140420673291,9.226985676116119,2.325029881228011,249.14216666666667,2289.20489670368,7.735959829578475
06083,2022,53.0,1,4090.0,CA,2022,2973.2754142680237,7.997419457209947,8.316544717929398,06,4,51,443915.0,0.0146141556633851,9.213475552752216,2.3237079809851586,271.6895,2443.8643799307333,7.801335827725097
06083,2023,87.0,2,4177.0,CA,2023,3082.914579147926,8.033630720446814,8.33758794211651,06,4,51,441257.0,-0.0059876327675343,9.466138780801211,2.3481451680189145,278.4124166666667,2472.792687207145,7.813103433521049
06085,2015,882.0,12,21601.0,CA,2015,2561.819616801729,7.8484730727967635,9.980541181978419,06,4,52,1916285.0,0.0129678663123569,11.272331620818408,2.5073472668167085,223.31341666666663,2561.819616801729,7.8484730727967635
06085,2016,940.0,9,22541.0,CA,2016,2658.5110385951743,7.885521485125043,10.023135514802023,06,4,52,1928368.0,0.0063054295159645,11.68915891572563,2.540748000233086,223.80733333333333,2652.644014977481,7.883312163067985
06085,2017,538.0,6,23079.0,CA,2017,2729.148982632713,7.911745111608376,10.046721720622037,06,4,52,1932510.0,0.0021479302705706,11.942499650713321,2.5605164428063447,227.24108333333336,2681.9779899133623,7.894309857213379
06085,2018,629.0,8,23708.0,CA,2018,2828.9968022255857,7.947677440945887,10.073610001873085,06,4,52,1932337.0,-8.952088216873655e-05,12.269081428342986,2.585436624270942,231.78858333333335,2725.55676625173,7.91042800411783
06085,2019,1073.0,11,24781.0,CA,2019,2898.601771571086,7.971983751969864,10.117872862176439,06,4,52,1927852.0,-0.0023210237137725,12.854202501021863,2.628588616284542,234.2145,2763.6916807695166,7.924322630463541
06085,2020,628.0,6,25409.0,CA,2020,2847.8479903788534,7.954318896942686,10.142898076314209,06,4,52,1931168.0,0.0017200490494082,13.157322407993504,2.6502319749040844,235.67549999999997,2698.467447311249,7.9004392787327395
06085,2021,547.0,5,25956.0,CA,2021,2798.7854918291705,7.936940849147134,10.16419660173648,06,4,52,1885173.0,-0.0238171924969758,13.768497639208709,2.692496374322278,249.14216666666667,2508.63336005936,7.827493405779822
06085,2022,724.0,8,26680.0,CA,2022,3055.7781305987305,8.024789546406943,10.191706980586526,06,4,52,1878335.0,-0.0036272533077865,14.204069029220028,2.7215630913179605,271.6895,2511.676950781248,7.828705916922092
06085,2023,557.0,5,27237.0,CA,2023,3114.4939421560757,8.0438219596469,10.212368336128902,06,4,52,1877592.0,-0.0003955630917807,14.50634642669973,2.741249387008553,278.4124166666667,2498.1223601216616,7.823294672721136
06087,2015,159.0,2,2293.0,CA,2015,1956.771829015809,7.579051368373743,7.738052297689316,06,4,53,273503.0,0.0097540805062374,8.383820287163212,2.2389869601834795,223.31341666666663,1956.771829015809,7.579051368373743
06087,2016,39.0,1,2332.0,CA,2016,2139.106377769991,7.668143440323576,7.75491027202143,06,4,53,274396.0,0.0032650464528725,8.498666161314304,2.251151384676742,223.80733333333333,2134.385619624948,7.665934118266518
06087,2018,45.0,1,2377.0,CA,2018,2388.6456368171366,7.77848180514623,7.774015077250727,06,4,53,273841.0,-0.0036928427976831,8.6802195434577,2.270084581140562,231.78858333333335,2301.3066937660956,7.741232368318173
06087,2019,40.0,1,2417.0,CA,2019,2454.734047389586,7.805773703358189,7.790696031174738,06,4,53,273213.0,-0.0022933015874174,8.84657757866573,2.2871239408653254,234.2145,2340.4829638240312,7.758112581851866
06087,2021,164.0,2,2581.0,CA,2021,2702.474044835488,7.901922945336064,7.856319571406588,06,4,53,260475.0,-0.0369684331950576,9.908820424224974,2.389571675230244,249.14216666666667,2422.306590969945,7.792475501968752
06089,2020,100.0,2,1533.0,CA,2020,1121.5475548876582,7.022464755992767,7.335633981927201,06,4,54,182002.0,0.0106730342070191,8.422984362809201,2.2431518497527128,235.67549999999997,1062.7180866747235,6.96858513778282
06089,2021,46.0,1,1579.0,CA,2021,1229.3047264891038,7.114204025528105,7.365180126021013,06,4,54,182135.0,0.0007307612004263,8.669393581683915,2.2689655961941044,249.14216666666667,1101.861809542867,7.004756582160793
06089,2022,47.0,1,1626.0,CA,2022,1341.009774225602,7.201178172013954,7.394493107219038,06,4,54,180937.0,-0.0065775386389216,8.98655333071732,2.3012395211899417,271.6895,1102.234258098728,7.005094542529104
06089,2023,77.0,1,1703.0,CA,2023,1397.654532685019,7.242550776865888,7.440733707389261,06,4,54,180366.0,-0.0031557945583269,9.441912555581428,2.3458277606554057,278.4124166666667,1121.0527632006767,7.022023489940124
06095,2015,154.0,2,3637.0,CA,2015,1423.2015021281734,7.260664191809313,8.199189359078067,06,4,55,433409.0,0.0102632597213092,8.3916116185866,2.2398169098655676,223.31341666666663,1423.2015021281734,7.260664191809313
06095,2016,118.0,2,3755.0,CA,2016,1532.710177383157,7.334792805149291,8.231109840328154,06,4,55,438858.0,0.0125724200466534,8.556298392646369,2.257200454661105,223.80733333333333,1529.327664886787,7.332583483092234
06095,2018,299.0,3,4054.0,CA,2018,1762.916294077352,7.474724702017917,8.307705966549513,06,4,55,445725.0,0.0049919844152681,9.095294183633406,2.312069392859106,231.78858333333335,1698.4566507384845,7.43747526518986
06095,2020,126.0,1,4180.0,CA,2020,1938.4744583913996,7.569656581058949,8.338305731356565,06,4,55,452723.0,0.0113483289138889,9.233018865840702,2.325619635730467,235.67549999999997,1836.7940427598526,7.515776962849002
06095,2021,234.0,1,4414.0,CA,2021,2093.1140103060284,7.646408193158348,8.392763113038061,06,4,55,450653.0,-0.0045723323091603,9.794675726112995,2.379053024248607,249.14216666666667,1876.1193553385153,7.536960749791036
06095,2022,98.0,2,4512.0,CA,2022,2228.949800594784,7.7092858120891,8.414717399827001,06,4,55,448885.0,-0.0039231958957335,10.051572228967329,2.4025727010069367,271.6895,1832.0707850296255,7.5132021826042505
06095,2023,392.0,4,4904.0,CA,2023,2253.4877963182216,7.720234426681481,8.498010371999463,06,4,55,449218.0,0.0007418381099835,10.91674866100646,2.4779448610921344,278.4124166666667,1807.5129882406204,7.499707139755717
06097,2015,174.0,3,5880.0,CA,2015,1675.645940518746,7.42395400605126,8.679482094459956,06,4,56,500863.0,0.0046193035943518,11.739737213569379,2.5447260230528954,223.31341666666663,1675.645940518746,7.42395400605126
06097,2016,111.0,2,5991.0,CA,2016,1835.6566129737555,7.515157523717428,8.698180525197055,06,4,56,502547.0,0.00336219684824,11.921273035158901,2.558875025633526,223.80733333333333,1831.6055330474585,7.512948201660371
06097,2018,50.0,2,6041.0,CA,2018,2079.16191279665,7.6397201649585815,8.706490361946617,06,4,56,498643.0,-0.007614400092344,12.11487978373305,2.5737474469583397,231.78858333333335,2003.1389979294572,7.602470728130525
06097,2020,314.0,3,6355.0,CA,2020,2124.442315278174,7.6612646070460535,8.757154527656606,06,4,56,488282.0,-0.0122467309684101,13.015020008929266,2.640129612295309,235.67549999999997,2013.0071727269612,7.607384988836107
06097,2021,146.0,3,6501.0,CA,2021,2236.0443146595367,7.712463652799324,8.779865100863852,06,4,56,484519.0,-0.0077066121626436,13.417430482602335,2.668437924758496,249.14216666666667,2004.2319708681566,7.603016209432012
06097,2022,337.0,7,6838.0,CA,2022,2421.6765218810347,7.792215356927869,8.830396801098097,06,4,56,482669.0,-0.0038182197189376,14.167058584661538,2.719125877701843,271.6895,1990.4812595359904,7.596131727443019
06097,2023,273.0,3,7111.0,CA,2023,2491.6240086253174,7.82068998916007,8.86953877719374,06,4,56,481812.0,-0.0017755439027573,14.758868604351905,2.7574032927888092,278.4124166666667,1998.5210324904053,7.600162702234306
06099,2016,41.0,1,2081.0,CA,2016,1131.1879799964574,7.031023669198705,7.641084249174914,06,4,57,539255.0,0.0113350999885599,3.8590277327053064,1.5808383628998237,223.80733333333333,1128.691580132646,7.028814347141647
06099,2017,49.0,1,2130.0,CA,2017,1236.4160974633407,7.119972229797391,7.664346632098617,06,4,57,544717.0,0.0101287887919443,3.9102873602255848,1.5913324655980712,227.24108333333336,1215.0457087074772,7.102536975402394
06099,2020,247.0,4,2377.0,CA,2020,1494.695520553545,7.309677799900642,7.774015077250727,06,4,57,553257.0,0.0047161587912687,4.29637582533976,1.667022780116081,235.67549999999997,1416.2930112428915,7.255798181690695
06099,2021,140.0,2,2517.0,CA,2021,1674.395322757753,7.423207377743842,7.831220214604293,06,4,57,552723.0,-0.0009651933911365,4.553818096949104,1.7144856366286159,249.14216666666667,1500.8095393020712,7.31375993437653
06099,2022,73.0,1,2590.0,CA,2022,1843.722378432396,7.519541838786702,7.85979918056211,06,4,57,551226.0,-0.0027084090946097,4.69861726406229,1.740223560159713,271.6895,1515.4356120222947,7.323458209301852
06101,2023,32.0,1,416.0,CA,2023,1746.310300499914,7.4652604413994075,6.0330862217988015,06,4,58,97948.0,-0.0063001552212156,4.247151549801936,1.657685367421053,278.4124166666667,1400.7080734180465,7.244733154473644
06107,2016,142.0,3,4102.0,CA,2016,988.8350662327132,6.896527549497665,8.319473692442186,06,4,59,459235.0,0.0045366949499192,8.932246017834007,2.295786637560046,223.80733333333333,986.6528226371943,6.894318227440608
06107,2017,39.0,1,4141.0,CA,2017,1035.1039104223487,6.942257097203406,8.328934041955529,06,4,59,462308.0,0.006691563143053,8.957231975219983,2.2982991188366775,227.24108333333336,1017.2130296631743,6.924821842808409
06107,2018,74.0,1,4215.0,CA,2018,1073.1823151256092,6.978383639777611,8.346642090221199,06,4,59,464589.0,0.0049339401438002,9.072535079392754,2.3098124207670754,231.78858333333335,1033.9422505218718,6.941134202949556
06107,2019,104.0,2,4319.0,CA,2019,1117.1498815089892,7.018535972260046,8.371010681238156,06,4,59,466195.0,0.0034568188226582,9.264363624663499,2.3286780538743788,234.2145,1065.1541939911242,6.970874850753723
06107,2020,163.0,2,4482.0,CA,2020,1175.4230071932504,7.069383367913519,8.40804774415544,06,4,59,473914.0,0.0165574491360911,9.457412104305845,2.3473110192600073,235.67549999999997,1113.767564999046,7.015503749703572
06107,2021,128.0,3,4610.0,CA,2021,1355.970750117459,7.212272897557852,8.436200032206706,06,4,59,477176.0,0.0068831053735487,9.661005582845743,2.366592746638189,249.14216666666667,1215.3962741839869,7.102825454190539
06107,2022,147.0,3,4757.0,CA,2022,1525.6997026853817,7.330208405248181,8.467582690862903,06,4,59,477884.0,0.0014837292738947,9.954298532698312,2.3937319392947396,271.6895,1254.0389430360392,7.134124775763331
06107,2023,251.0,4,5008.0,CA,2023,1567.412935715435,7.357181727561253,8.518991573357617,06,4,59,479468.0,0.0033146119141884,10.444909775000625,2.437545070018334,278.4124166666667,1257.2152571097997,7.136654440635488
06111,2015,167.0,2,5563.0,CA,2015,1799.6631964091137,7.4953548132703665,8.624072553043334,06,4,60,845802.0,0.0041612400376589,6.57718946041745,2.0251423473109615,223.31341666666663,1799.6631964091137,7.4953548132703665
06111,2016,424.0,7,5987.0,CA,2016,1886.8504182586903,7.542664272623312,8.69751274553952,06,4,60,847323.0,0.0017982932175615,7.065782470203216,2.0876307273549592,223.80733333333333,1882.6863595783743,7.540454950566254
06111,2017,30.0,1,6017.0,CA,2017,1983.4911588636649,7.592613782603218,8.70251025718999,06,4,60,849044.0,0.0020311026609687,7.086794088410024,2.090232371740557,227.24108333333336,1949.2082202593397,7.575178528208221
06111,2018,441.0,5,6458.0,CA,2018,2082.6737163691932,7.641407787786077,8.773229786032473,06,4,60,848142.0,-0.0010623713258677,7.61429100315749,2.1534225686428523,231.78858333333335,2006.5223951752096,7.604158350958021
06111,2019,316.0,5,6774.0,CA,2019,2149.8493769664315,7.673153061442671,8.820994645747902,06,4,60,846006.0,-0.0025184462035838,8.007035411096375,2.198005984302301,234.2145,2049.7885898997642,7.625491939936348
06111,2021,77.0,2,6851.0,CA,2021,2455.849639008134,7.806228065490671,8.832295859444011,06,4,60,839471.0,-0.0046242993889996,8.161091925748476,2.2149653774493214,249.14216666666667,2201.249917041366,7.696780622123359
06111,2022,202.0,2,7053.0,CA,2022,2699.1640886242435,7.9006974072516,8.861350110795998,06,4,60,832871.0,-0.0078620941045015,8.468298211847932,2.247949187971094,271.6895,2218.560359434756,7.70461377776675
06113,2015,266.0,5,3167.0,CA,2015,1323.064614178864,7.187706002059827,8.060855752934316,06,4,61,212037.0,0.0174617798635303,14.93607247791659,2.768585248893935,223.31341666666663,1323.064614178864,7.187706002059827
06113,2016,119.0,2,3286.0,CA,2016,1412.1528162709917,7.252870639017903,8.097730573664219,06,4,61,215627.0,0.0169310073241935,15.239278940021425,2.7874329335028256,223.80733333333333,1409.0363598017225,7.250661316960846
06113,2018,123.0,2,3409.0,CA,2018,1625.1689066528772,7.393367031917801,8.134467570277563,06,4,61,220118.0,0.0075110881236926,15.487147802542271,2.802581156331863,231.78858333333335,1565.7458878514724,7.356117595089746
06113,2019,39.0,1,3448.0,CA,2019,1714.2186074940453,7.44671263332014,8.145839612936841,06,4,61,220500.0,0.0017354328133092,15.637188208616779,2.811640443267148,234.2145,1634.433453748896,7.399051511813817
06113,2020,134.0,1,3582.0,CA,2020,1779.5099198532432,7.484093279451845,8.183955717304954,06,4,61,216291.0,-0.0190884353741496,16.561021956530784,2.865681784493647,235.67549999999997,1686.1678035886375,7.430213661241899
06113,2021,273.0,4,3855.0,CA,2021,1904.752225931724,7.552107213973895,8.257385655730436,06,4,61,213141.0,-0.0145637127758436,18.086618717187214,2.9489874988010376,249.14216666666667,1707.285174433547,7.442659770606583
06115,2022,40.0,1,1008.0,CA,2022,1727.4061099804064,7.454376203936379,6.9167150203536085,06,4,62,84353.0,0.0135292633400219,11.949782461797447,2.561078989687654,271.6895,1419.8302120273336,7.258292574451529
06115,2023,177.0,2,1185.0,CA,2023,1751.435888813463,7.468191238378384,7.078341579557671,06,4,62,85722.0,0.0162294168553578,13.823755861972423,2.696231019741426,278.4124166666667,1404.8192860300032,7.247663951452619
08001,2016,431.0,3,3841.0,CO,2016,1242.6617467758435,7.125010927989924,8.253748343328501,08,5,63,497734.0,0.0148661516221049,7.716973323100291,2.1652720816944004,223.80733333333333,1239.9193373175815,7.1228016059328665
08001,2018,669.0,6,4510.0,CO,2018,1368.9816249939877,7.221822402987988,8.414274137408396,08,5,63,511354.0,0.0154173037590104,8.819721758312246,2.284392787780865,231.78858333333335,1318.9258920127688,7.184572966159933
08001,2019,419.0,5,4929.0,CO,2019,1430.1380930706891,7.265526287172409,8.503094267036737,08,5,63,517421.0,0.011864579136958,9.526091905817507,2.3538571182080723,234.2145,1363.5749446288205,7.217865165666087
08001,2020,699.0,4,5628.0,CO,2020,1472.2889278345665,7.294573562524241,8.635687085464026,08,5,63,520500.0,0.0059506668650866,10.812680115273775,2.4691735405574784,235.67549999999997,1395.0617301978377,7.240693944314295
08001,2021,604.0,4,6232.0,CO,2021,1589.5407026861917,7.37120038724929,8.73761303680885,08,5,63,523544.0,0.0058482228626319,11.903488532004951,2.5574977036459323,249.14216666666667,1424.7518595377105,7.261752943881978
08001,2023,92.0,2,6324.0,CO,2023,1796.9414336115967,7.49384129505134,8.752265313595721,08,5,63,533365.0,0.0111012323960348,11.856796002737337,2.553872543346177,278.4124166666667,1441.319090197559,7.273314008125576
08005,2015,65.0,1,3143.0,CO,2015,1189.0131000208369,7.080878914309513,8.053251153549096,08,5,64,630984.0,0.0193042708478048,4.981108871223359,1.7886059807429897,223.31341666666663,1189.0131000208369,7.080878914309513
08005,2016,178.0,1,3321.0,CO,2016,1252.320433352582,7.1327534560962835,8.10832229017324,08,5,64,638950.0,0.0126247258250604,5.197589795758666,1.8241604738514756,223.80733333333333,1249.5567083002002,7.130544134039226
08005,2017,438.0,4,3759.0,CO,2017,1314.8104914395838,7.181447821252892,8.23217423638394,08,5,64,644478.0,0.0086516941857734,5.8326273356111455,1.9217092753988785,227.24108333333336,1292.0851230138583,7.164012566857895
08005,2018,283.0,2,4042.0,CO,2018,1365.3295804769705,7.219151129373363,8.304742269640771,08,5,64,651797.0,0.0113564776454744,6.201317281300773,1.9742639650238685,231.78858333333335,1315.4073816220262,7.181901692545306
08005,2019,295.0,4,4337.0,CO,2019,1415.468232036074,7.2552156613725725,8.37516869138682,08,5,64,656590.0,0.0073535165089744,6.605339709712301,2.0288505939722996,234.2145,1349.5878653076634,7.2075545398662495
08005,2020,167.0,3,4504.0,CO,2020,1445.3100382229466,7.276079136855811,8.412943170042439,08,5,64,655272.0,-0.0020073409585891,6.873481546594391,2.0635003466395534,235.67549999999997,1369.49798675805,7.222199518645864
08005,2022,272.0,2,4776.0,CO,2022,1721.8534537182095,7.451156578995886,8.471568013389962,08,5,64,656269.0,-0.0008921299221289,7.27750358465812,2.11354142349965,271.6895,1415.2662423432391,7.255072949511036
08005,2023,100.0,1,4876.0,CO,2023,1783.214550744745,7.486172941944573,8.492285555710053,08,5,64,656061.0,-0.0003169432046919,7.432235721983169,2.13206194705142,278.4124166666667,1430.30881576411,7.265645655018808
08013,2015,69.0,1,2165.0,CO,2015,1444.1993285994497,7.275310349122533,7.680637427560936,08,5,65,318027.0,0.0185566548058662,6.80759809701692,2.0550973745555843,223.31341666666663,1444.1993285994497,7.275310349122533
08013,2016,387.0,3,2552.0,CO,2016,1508.5291116421506,7.318890356816716,7.845024417241484,08,5,65,321250.0,0.0101343596612866,7.943968871595332,2.190979436039439,223.80733333333333,1505.199963935975,7.316681034759658
08013,2017,662.0,4,3214.0,CO,2017,1569.647603043236,7.358606416487828,8.07558263667172,08,5,65,322441.0,0.0037073929961088,9.967715023833817,2.3949559594127807,227.24108333333336,1542.517594338591,7.341171162092832
08013,2018,454.0,4,3668.0,CO,2018,1639.4624000315523,7.402123662219678,8.207674424355282,08,5,65,324636.0,0.0068074469437819,11.298808511686936,2.5095023887177286,231.78858333333335,1579.5167509224286,7.364874225391621
08013,2019,100.0,2,3768.0,CO,2019,1700.4815801900804,7.43866677239216,8.234564993267135,08,5,65,326196.0,0.0048053820278712,11.551337232829344,2.529827212318168,234.2145,1621.335791127275,7.391005650885837
08013,2020,379.0,7,4147.0,CO,2020,1738.220311257908,7.46061705915998,8.330381569349418,08,5,65,330938.0,0.0145372720695533,12.531048111730898,2.604986904942239,235.67549999999997,1647.043993229675,7.4067374409500335
08013,2021,604.0,5,4751.0,CO,2021,1863.2370861847671,7.53007062293664,8.466320861042481,08,5,65,327084.0,-0.0116456858988692,14.525320712722113,2.742472285430463,249.14216666666667,1670.073939481533,7.420623179569328
08013,2022,186.0,3,4937.0,CO,2022,2039.6244582232696,7.6205209807855425,8.504715669905124,08,5,65,327339.0,0.0007796162453681,15.08222362749321,2.777714539482157,271.6895,1676.4560517897714,7.424437351300692
08013,2023,185.0,1,5122.0,CO,2023,2129.4902520825226,7.6636379117911675,8.541495483939203,08,5,65,326831.0,-0.0015519079608601,15.671708008114287,2.8137131515088942,278.4124166666667,1708.055084771097,7.443110624865404
08014,2016,50.0,1,296.0,CO,2016,1465.4977046126378,7.289950193866976,5.6937321388027,08,5,66,66513.0,0.0253908056609009,4.450257844331183,1.6956629184424836,223.80733333333333,1462.2635222000715,7.287740871809918
08014,2022,49.0,1,345.0,CO,2022,1947.6849819055744,7.574396757524592,5.846438775057725,08,5,66,76195.0,0.0103963612735542,4.527856158540586,1.709800065602333,271.6895,1600.8869974720722,7.378313128039742
08014,2023,207.0,2,552.0,CO,2023,1984.5518511107236,7.59314839992952,6.315358001522335,08,5,66,76860.0,0.0087276067983463,7.181889149102264,2.101923071273443,278.4124166666667,1591.800609073746,7.372621113003756
08031,2015,170.0,2,8370.0,CO,2015,1311.6957023522718,7.179076008420423,9.032528630660057,08,5,67,683285.0,0.0281425016025109,12.249646926246003,2.583970905001418,223.31341666666663,1311.6957023522718,7.179076008420423
08031,2016,651.0,7,9021.0,CO,2016,1376.37699027751,7.227209956461234,9.107421317968342,08,5,67,696159.0,0.0188413326796286,12.958246607456056,2.636070488260641,223.80733333333333,1373.33948688122,7.225000634404176
08031,2017,925.0,13,9946.0,CO,2017,1424.8388429058748,7.261813993609658,9.205026277152413,08,5,67,704961.0,0.0126436633010562,14.108581893182743,2.715262919675274,227.24108333333336,1400.2117290646493,7.244378739214661
08031,2018,642.0,8,10588.0,CO,2018,1484.1084058130364,7.302569470798566,9.267571005430455,08,5,67,716265.0,0.0160349295918498,14.782238417345535,2.758885156900559,231.78858333333335,1429.8431529270556,7.26532003397051
08031,2019,995.0,8,11583.0,CO,2019,1540.0620067374311,7.3395779587123124,9.357380114625498,08,5,67,727211.0,0.0152820534299455,15.927976887038287,2.8289676903062357,234.2145,1468.382651813012,7.2919168372059895
08031,2020,393.0,6,11976.0,CO,2020,1547.0255529017943,7.34408936814951,9.390743422947507,08,5,67,717606.0,-0.0132079960286629,16.688823672042876,2.8729330091852683,235.67549999999997,1465.878132810321,7.290209749939563
08031,2021,946.0,9,12922.0,CO,2021,1639.450314203141,7.402116290368418,9.466763948525191,08,5,67,711467.0,-0.0085548337109778,18.162472749965914,2.9529538221468714,249.14216666666667,1469.4873052531996,7.292668847001106
08031,2022,658.0,7,13580.0,CO,2022,1802.2508013374968,7.496791607916298,9.516427036104067,08,5,67,713453.0,0.002791415483782,19.034190058770516,2.99744031695552,271.6895,1481.348319080841,7.300707978431447
08031,2023,973.0,12,14553.0,CO,2023,1847.0234803743808,7.521330692827899,9.585621148907032,08,5,67,716577.0,0.004378704693932,20.309052621002348,3.0591319881069077,278.4124166666667,1481.4896871492292,7.300803405902135
08035,2017,264.0,1,1443.0,CO,2017,1569.308505901078,7.358390359218017,7.275172319452771,08,5,68,335816.0,0.023146131089303,4.296995973985754,1.6671398625065512,227.24108333333336,1542.1843581988649,7.340955104823021
08035,2020,155.0,1,1598.0,CO,2020,1680.6491093610366,7.426935372393517,7.377133712833954,08,5,68,360323.0,0.0261110509918724,4.434909789272402,1.692842922325469,235.67549999999997,1592.4926215461658,7.37305575418357
08035,2021,134.0,1,1732.0,CO,2021,1828.886569375578,7.51146262863038,7.457609289715606,08,5,68,369783.0,0.0262542219064561,4.683828082956762,1.7376249639922128,249.14216666666667,1639.2845657855544,7.402015185263068
08035,2022,465.0,3,2197.0,CO,2022,2001.233373099064,7.601518956018603,7.6953031349635665,08,5,68,375937.0,0.0166421928536466,5.844064298007378,1.9233817507852577,271.6895,1644.9007491791547,7.405435326533754
08035,2023,67.0,1,2264.0,CO,2023,2080.852663233574,7.640533022942186,7.725330037917135,08,5,68,383906.0,0.021197700678571,5.897276937583679,1.9311266869826968,278.4124166666667,1669.0430813758198,7.420005736016423
08041,2015,22.0,1,2474.0,CO,2015,987.7919744556402,6.8954721234082434,7.813995675002791,08,5,69,674001.0,0.0163950000678601,3.670617699380268,1.5412913326085194,223.31341666666663,987.7919744556402,6.8954721234082434
08041,2016,76.0,1,2550.0,CO,2016,1048.636171105756,6.95524571420854,7.844240718141811,08,5,69,688277.0,0.0211809774762945,3.7049036942974993,1.5486053040281729,223.80733333333333,1046.3219534504867,6.953036392151483
08041,2017,200.0,1,2750.0,CO,2017,1125.394596242151,7.025889005354588,7.919719760924575,08,5,69,700099.0,0.0171762241074451,3.9280158948948647,1.5949364516511113,227.24108333333336,1105.9431186410548,7.008453750959592
08041,2018,415.0,2,3165.0,CO,2018,1194.4096010477,7.085407284578222,8.060224240440958,08,5,69,712089.0,0.0171261493017416,4.444669135459191,1.694636989701052,231.78858333333335,1150.7369563834518,7.048157847750166
08041,2019,65.0,1,3230.0,CO,2019,1260.3532786045369,7.139147340491311,8.080546965824498,08,5,69,720403.0,0.0116755068537781,4.483601539693755,1.7017621003611274,234.2145,1201.6924522273996,7.091486218984988
08041,2020,110.0,2,3340.0,CO,2020,1329.4321722026575,7.19250719185825,8.114025442356757,08,5,69,732384.0,0.0166309690548207,4.560449163280465,1.7156788897622512,235.67549999999997,1259.6983589773388,7.138627573648303
08041,2021,342.0,3,3682.0,CO,2021,1482.5309130120947,7.301505982601932,8.211482916445066,08,5,69,737287.0,0.0066945755232228,4.993984703378739,1.7907564169023493,249.14216666666667,1328.8358527508067,7.19205853923462
08041,2022,258.0,1,3940.0,CO,2022,1616.3379421371162,7.387918339827557,8.279189777195004,08,5,69,740596.0,0.0044880758781857,5.3200395357252805,1.8437254637919338,271.6895,1328.5384541787896,7.191834710342707
08041,2023,794.0,5,4734.0,CO,2023,1660.8288911480297,7.415072088742727,8.462737005620179,08,5,69,744215.0,0.0048866048425861,6.361065014814267,1.9962046253720658,278.4124166666667,1332.1437981159647,7.1945448018169635
08059,2015,424.0,3,3702.0,CO,2015,1196.6605888187537,7.087290113819774,8.216898580913613,08,5,70,564888.0,0.0108604038159045,6.553511492543655,2.0220125534863733,223.31341666666663,1196.6605888187537,7.087290113819774
08059,2016,50.0,1,3752.0,CO,2016,1263.964854747332,7.142008769531739,8.23031079913502,08,5,70,571413.0,0.0115509623146534,6.566178928375798,2.0236881749367286,223.80733333333333,1261.1754318158196,7.139799447474681
08059,2017,132.0,2,3884.0,CO,2017,1331.025492935945,7.193704971431785,8.264878262801748,08,5,70,575417.0,0.0070071909459532,6.74988747291095,2.047678323635451,227.24108333333336,1308.0198621564982,7.176269717036789
08059,2018,346.0,3,4230.0,CO,2018,1389.9000165526984,7.2369870929999855,8.350193650720067,08,5,70,579392.0,0.0069080336521165,7.300756655252403,2.1163466739308547,231.78858333333335,1339.079419088902,7.199737656171929
08059,2019,309.0,3,4539.0,CO,2019,1442.4102981774502,7.274070811476384,8.420682291035394,08,5,70,582881.0,0.0060218297801832,7.787181259982741,2.1732939844997348,234.2145,1375.2759625095448,7.226409689970061
08059,2020,211.0,3,4750.0,CO,2020,1475.1655576488631,7.2965255049490105,8.46611040118692,08,5,70,583081.0,0.000343123210398,8.14638103453894,2.2133582856996683,235.67549999999997,1397.7874697520797,7.242645886739063
08059,2021,252.0,4,5002.0,CO,2021,1593.559892303213,7.373725718531193,8.517793011488205,08,5,70,580703.0,-0.0040783356000281,8.613697535573262,2.2631889081461263,249.14216666666667,1428.3543768378393,7.264278275163881
08059,2022,423.0,2,5425.0,CO,2022,1765.4365489056238,7.476153275275209,8.598957493218878,08,5,70,575811.0,-0.0084242719600208,9.421494205563977,2.343870423891563,271.6895,1451.0890838413832,7.280069645790358
08059,2023,155.0,2,5580.0,CO,2023,1835.5951802299269,7.51512405679808,8.627123250788433,08,5,70,576366.0,0.0009638579325508,9.681348309928067,2.368499071811608,278.4124166666667,1472.3230961526583,7.294596769872316
08067,2021,40.0,1,638.0,CO,2021,1619.389405898266,7.389804447238683,6.459904454377535,08,5,71,56169.0,0.0089091660230273,11.358578575370755,2.514350443423651,249.14216666666667,1451.5061259332329,7.280357003871371
08069,2015,184.0,3,2240.0,CO,2015,1254.456765992668,7.134457902074042,7.714677473800927,08,5,72,333303.0,0.0286875632700427,6.720611575653384,2.0438935805431955,223.31341666666663,1254.456765992668,7.134457902074042
08069,2016,340.0,3,2580.0,CO,2016,1306.8696628574169,7.1753899862777955,7.855932199718614,08,5,72,338984.0,0.0170445510541459,7.61097868925967,2.153037980883381,223.80733333333333,1303.985554021336,7.173180664220737
08069,2017,199.0,2,2779.0,CO,2017,1348.989082402528,7.207110763070876,7.930206206684683,08,5,72,344084.0,0.0150449578741178,8.076516199532673,2.2056904405242226,227.24108333333336,1325.6729664303218,7.1896755086758795
08069,2018,252.0,3,3031.0,CO,2018,1401.351101709456,7.245192122869747,8.016977746762262,08,5,72,350660.0,0.0191116122807222,8.643700450578908,2.26630489913339,231.78858333333335,1350.111804351894,7.207942686041691
08069,2019,124.0,1,3155.0,CO,2019,1456.6465354567474,7.283892179273452,8.057060681965766,08,5,72,356899.0,0.0177921633491131,8.8400359765648,2.2864593672124376,234.2145,1388.8496002959212,7.236231057767129
08069,2020,240.0,2,3395.0,CO,2020,1489.1401811876592,7.305954172770932,8.130353547431238,08,5,72,359923.0,0.0084729853543998,9.4325730781306,2.3449329383121977,235.67549999999997,1411.0290707206955,7.252074554560985
08069,2021,200.0,3,3595.0,CO,2021,1595.0950835887725,7.3746886269774095,8.18757739559151,08,5,72,362747.0,0.0078461226428985,9.910488577438269,2.3897245813755688,249.14216666666667,1429.7304137239353,7.265241183610097
08069,2022,139.0,2,3734.0,CO,2022,1744.963213356822,7.464488753243441,8.225503097566918,08,5,72,367577.0,0.0133150653210087,10.158415787712507,2.4121939923706224,271.6895,1434.2611589051378,7.2684051237585905
08069,2023,217.0,3,3951.0,CO,2023,1844.425781230709,7.519923278347365,8.281977058867758,08,5,72,370771.0,0.0086893358398376,10.656173217430705,2.4558359295778422,278.4124166666667,1479.4060837015425,7.299395991421601
08077,2016,40.0,1,805.0,CO,2016,912.647637672948,6.816349867079374,6.692083742506628,08,5,73,149736.0,0.0115588583009627,5.376128653096116,1.8525611189970375,223.80733333333333,910.6335308412952,6.814140545022316
08077,2017,64.0,1,869.0,CO,2017,954.1986256276596,6.860871852741061,6.76849321164863,08,5,73,151170.0,0.0095768552652668,5.748495071773499,1.909319527697021,227.24108333333336,937.7061231264306,6.843436598346065
08077,2019,72.0,1,941.0,CO,2019,1093.4615686802076,6.997103694259349,6.848005274576363,08,5,73,154210.0,0.0082313943681309,6.102068607742688,1.9603860948153629,234.2145,1042.5684101354532,6.949442572753026
08077,2020,34.0,1,975.0,CO,2020,1150.0025393392311,7.047519429475928,6.883462586413092,08,5,73,156011.0,0.0116788794501005,6.249559325944966,1.980940684390964,235.67549999999997,1089.6804981221487,6.993639811265981
08077,2021,60.0,1,1035.0,CO,2021,1286.380944018985,7.159588084896905,6.943122422819428,08,5,73,157439.0,0.0091532007358454,6.573974682257891,2.0247179867565475,249.14216666666667,1153.0208940027073,7.050140641529593
08101,2016,62.0,1,981.0,CO,2016,735.9519525193447,6.601164834694856,6.889591308354466,08,5,74,164774.0,0.0108462265192692,5.953609185915254,1.9392608321092513,223.80733333333333,734.3277924446887,6.598955512637798
08101,2018,99.0,2,1080.0,CO,2018,824.3426313820954,6.714586258266558,6.985641817639208,08,5,74,167422.0,0.0068497681663188,6.450765132419874,2.0083167294561823,231.78858333333335,794.2011934780778,6.6773368214385025
08101,2019,72.0,1,1152.0,CO,2019,874.0592784526589,6.773148197672114,7.050122520269059,08,5,74,168424.0,0.0059848765395229,6.839880302094714,2.0592235666558056,234.2145,833.3777961674645,6.725487076165791
08101,2020,153.0,1,1305.0,CO,2020,941.9788390140998,6.847982810432432,7.174724309836376,08,5,74,168337.0,-0.0005165534603144,7.752306385405467,2.1693172525400803,235.67549999999997,892.5684382463963,6.794103192222485
08101,2021,86.0,2,1391.0,CO,2021,1055.816674974731,6.962069845951794,7.238496840894365,08,5,74,169316.0,0.0058157149052198,8.215407876396796,2.2208768523665294,249.14216666666667,946.359390771855,6.8526224025844815
08123,2015,59.0,1,863.0,CO,2015,1113.771516960863,7.0155072979796484,6.761572768804055,08,5,75,285819.0,0.0314205086751926,3.019393392321714,1.3911309938123573,223.31341666666663,1113.771516960863,7.0155072979796484
08123,2016,86.0,2,949.0,CO,2016,1148.906628323026,7.0465660111202695,6.856461984594587,08,5,75,295712.0,0.0346128144035211,3.2092035493994158,1.4372734491321488,223.80733333333333,1146.3711254700993,7.044356689063211
08123,2017,147.0,2,1096.0,CO,2017,1200.2647856773983,7.090297466166582,7.00033446027523,08,5,75,305885.0,0.0344017151823394,3.583045915948804,1.5223638242306299,227.24108333333336,1179.5192412506283,7.072862211771586
08123,2018,95.0,1,1191.0,CO,2018,1267.6252497957869,7.144900546990251,7.083387847625295,08,5,75,314815.0,0.0291939781290353,3.78317424519162,1.5651043941394753,231.78858333333335,1221.2755327027562,7.107651110162195
08123,2020,68.0,1,1259.0,CO,2020,1357.5974214661017,7.213471814585642,7.138866999945524,08,5,75,331458.0,0.0214674013535003,3.798369627524453,1.5682761992835996,235.67549999999997,1286.3862329578249,7.159592196375694
08123,2021,51.0,1,1310.0,CO,2021,1448.3951115323746,7.27821140280458,7.1785454837637,08,5,75,339897.0,0.0254602393063374,3.854108744707956,1.579825510165939,249.14216666666667,1298.2389346896005,7.168763959437268
08123,2023,348.0,3,1658.0,CO,2023,1642.749127121306,7.404126414425717,7.413970290190444,08,5,75,359442.0,0.0261972329600932,4.612705248691027,1.7250328223223867,278.4124166666667,1317.6420961959361,7.183599127499953
09001,2015,514.0,6,3477.0,CT,2015,1668.503033479664,7.419682116277678,8.154212694914229,09,6,76,944943.0,0.0007911492952734,3.6795870227093066,1.54320986302508,223.31341666666663,1668.503033479664,7.419682116277678
09001,2016,126.0,2,3603.0,CT,2016,1702.907932958519,7.440092617521044,8.189799618728228,09,6,76,944347.0,-0.0006307258744707,3.815334829252383,1.5718055816179213,223.80733333333333,1699.149813877432,7.437883295463986
09001,2017,151.0,3,3754.0,CT,2017,1747.4770053910972,7.465928315446911,8.230843564198235,09,6,76,943038.0,-0.0013861430173442,3.980751570986535,1.6055807975183878,227.24108333333336,1717.273368424742,7.448493061051915
09001,2018,98.0,2,3852.0,CT,2018,1814.3868455631557,7.503502863486845,8.256607344626158,09,6,76,943971.0,0.0009893556781381,4.080633833030888,1.6254360240888972,231.78858333333335,1748.045222119858,7.466253426658788
09003,2015,87.0,2,4195.0,CT,2015,1119.2437083082852,7.020408475759092,8.341886969516187,09,6,77,896290.0,-0.0012446972221077,4.680404779702998,1.7370224942261174,223.31341666666663,1119.2437083082852,7.020408475759092
09003,2016,511.0,3,4706.0,CT,2016,1142.0349242106056,7.040566971368842,8.456806041401142,09,6,77,894141.0,-0.0023976614711755,5.263152008463989,1.83468357411957,223.80733333333333,1139.5145864067367,7.038357649311785
09003,2018,72.0,1,4778.0,CT,2018,1201.7329770018812,7.091519941499523,8.471986598578159,09,6,77,892580.0,-0.0005553838643072,5.353021577897779,1.8489305387681259,231.78858333333335,1157.7925588740663,7.054270504671467
09005,2016,30.0,1,502.0,CT,2016,870.219748439852,6.76874576416818,6.220590170099739,09,6,78,182793.0,-0.0072180402124678,2.746275842072727,1.3207622377424553,223.80733333333333,868.2992750084618,6.766536442111122
09007,2018,53.0,2,230.0,CT,2018,1217.7322416825707,7.104745589687749,5.442417710521793,09,6,79,162870.0,-0.0004418750230142,1.4121692147111193,0.880526431757036,231.78858333333335,1173.2068230652453,7.067496152859693
09009,2015,240.0,3,3525.0,CT,2015,1136.7779057055252,7.035953141078119,8.167919362957816,09,6,80,860186.0,-0.003127879149597,4.097950908291927,1.6288386763061322,223.31341666666663,1136.7779057055252,7.035953141078119
09009,2016,28.0,1,3553.0,CT,2016,1167.628783950686,7.06273029091204,8.175829008714597,09,6,80,857901.0,-0.0026564022199849,4.141503506814889,1.6373455477475367,223.80733333333333,1165.0519634851382,7.060520968854983
09009,2018,144.0,2,3697.0,CT,2018,1236.0959025383088,7.119713226058018,8.21554741194707,09,6,80,856971.0,-0.0009058604625135,4.3140316300084836,1.6703507995232352,231.78858333333335,1190.8990311508583,7.082463789229962
09011,2015,145.0,1,1395.0,CT,2015,1039.0673946240768,6.946078853888832,7.241366283322318,09,6,81,269636.0,-0.006726539994548,5.173641501876604,1.8202888586144614,223.31341666666663,1039.0673946240768,6.946078853888832
09011,2017,70.0,1,1465.0,CT,2017,1095.629742703986,6.99908458443189,7.290292882446597,09,6,81,267419.0,-0.0036661289180821,5.47829436203112,1.8684572599809033,227.24108333333336,1076.6927249944076,6.981649330036894
09011,2018,72.0,1,1537.0,CT,2018,1115.980386031571,7.017488567546282,7.338238150065589,09,6,81,266285.0,-0.0042405363867189,5.772011191017143,1.912798116811925,231.78858333333335,1075.1754437331533,6.980239130718226
09013,2016,71.0,1,217.0,CT,2016,1073.3530161834365,6.978542687761307,5.384495062789089,09,6,82,151162.0,-0.0037697549659272,1.4355459705481537,0.8901709492857321,223.80733333333333,1070.9842513355018,6.976333365704249
09013,2017,83.0,1,300.0,CT,2017,1112.894802054083,7.0147198293368636,5.707110264748875,09,6,82,151009.0,-0.0010121591405247,1.986636558085942,1.0941478572699053,227.24108333333336,1093.6593726439762,6.997284574941867
10001,2016,66.0,1,1830.0,DE,2016,1035.7415447128658,6.942872917480179,7.5126175446745105,10,7,83,174542.0,0.0081673674968809,10.484582507362125,2.441005484358195,223.80733333333333,1033.455783993261,6.940663595423121
10001,2017,178.0,2,2008.0,DE,2017,1059.7196547435526,6.965759675468968,7.605392364814935,10,7,83,176499.0,0.011212201074813,11.376834996232272,2.515826579985807,227.24108333333336,1041.4033120167298,6.948324421073972
10003,2015,299.0,4,4013.0,DE,2015,1093.8580309369763,6.997466203936654,8.297543529356284,10,7,84,553488.0,0.0049385585219183,7.25038302546758,2.1102596265982783,223.31341666666663,1093.8580309369763,6.997466203936654
10003,2016,221.0,2,4234.0,DE,2016,1117.2324074287972,7.018609841373898,8.351138607086154,10,7,84,555058.0,0.0028365565287775,7.628031665159317,2.155016398566457,223.80733333333333,1114.766805885047,7.01640051931684
10003,2017,108.0,1,4342.0,DE,2017,1137.1473303905282,7.036278063535893,8.376320632534823,10,7,84,555976.0,0.0016538812160171,7.8096896268903695,2.17585220968964,227.24108333333336,1117.4927168886536,7.018842809140897
10003,2018,243.0,3,4585.0,DE,2018,1171.1004088634338,7.0656991061757175,8.43076346341785,10,7,84,557550.0,0.0028310574557175,8.223477715003138,2.2217521589658977,231.78858333333335,1128.2800464202771,7.028449669347661
10003,2019,148.0,3,4733.0,DE,2019,1212.001994312354,7.100028812100145,8.46252579007393,10,7,84,558753.0,0.0021576540220606,8.470648032314815,2.2481973348794435,234.2145,1155.591589575819,7.052367690593822
10003,2020,128.0,2,4861.0,DE,2020,1261.7679993472275,7.140269190501802,8.48920515487607,10,7,84,570918.0,0.0217716951855291,8.514357578496387,2.25280198175792,235.67549999999997,1195.5834313490109,7.086389572291855
11001,2015,508.0,6,20365.0,DC,2015,1896.2709839760648,7.547644596640309,9.92162212273161,11,8,85,675400.0,0.0197364447826453,30.152502220906133,3.4388945701263087,223.31341666666663,1896.2709839760648,7.547644596640309
11001,2016,1024.0,12,21389.0,DC,2016,1946.7036978688263,7.573892809851052,9.970678802076451,11,8,85,685815.0,0.0154204915605566,31.18771097161771,3.4715847328605007,223.80733333333333,1942.407549985204,7.571683487793995
11001,2017,825.0,11,22214.0,DC,2017,2006.3967523668628,7.604095731800361,10.00852301537001,11,8,85,694906.0,0.0132557613933785,31.966913510604314,3.4955044376151627,227.24108333333336,1971.717910280812,7.586660477405364
11001,2018,1235.0,11,23449.0,DC,2018,2050.801697083391,7.625986067431824,10.062625773874425,11,8,85,701547.0,0.0095566882427262,33.4247028353054,3.5387744123423235,231.78858333333335,1975.8157511273323,7.588736630603768
11001,2019,806.0,10,24255.0,DC,2019,2115.811431532848,7.6571936734744845,10.096419288442098,11,8,85,705749.0,0.0059896200824749,34.36774263938029,3.5658001798456995,234.2145,2017.3348780625934,7.609532551968162
11001,2020,1593.0,11,25848.0,DC,2020,2107.466627217156,7.65324185450373,10.160027194468766,11,8,85,670839.0,-0.0494651781299017,38.53085464619678,3.677081497267059,235.67549999999997,1996.9219245735746,7.599362236293784
11001,2021,719.0,10,26567.0,DC,2021,2107.1851194694914,7.653108269208905,10.187462763056583,11,8,85,669037.0,-0.0026861884893394,39.70931353572373,3.7064569000716543,249.14216666666667,1888.7317023595906,7.543660825841593
11001,2022,674.0,8,27241.0,DC,2022,2260.895420162567,7.723516217410161,10.212515179007287,11,8,85,670949.0,0.0028578389536004,40.600701394591844,3.7281170275720013,271.6895,1858.3282791661863,7.527432587925311
11001,2023,41.0,1,27282.0,DC,2023,2331.065477112077,7.754080728350419,10.214019076585554,11,8,85,678972.0,0.0119576897797,40.18133295629275,3.7179850700969714,278.4124166666667,1869.7377164426441,7.533553441424655
12001,2017,172.0,1,1768.0,FL,2017,995.217886395282,6.9029616944874785,7.478169694159785,12,9,86,266309.0,0.0089028977985217,6.638904430567498,2.0332541937554094,227.24108333333336,978.0164012539202,6.885526440092481
12001,2018,64.0,1,1832.0,FL,2018,1048.688268474598,6.955295394046213,7.513709247839705,12,9,86,268851.0,0.0095453026371621,6.8141833208729,2.0559404569249864,231.78858333333335,1010.3438093606698,6.918045957218157
12001,2020,96.0,1,1928.0,FL,2020,1157.149677106284,7.053715085383402,7.564757012905729,12,9,86,279737.0,0.0397482930237917,6.892188019461137,2.065873411933998,235.67549999999997,1096.4527411179115,6.9998354671734555
12005,2018,78.0,1,1495.0,FL,2018,1065.0221581062103,6.97075088366062,7.310550158534422,12,9,87,186240.0,0.0081413476528668,8.027276632302405,2.2002507308339965,231.78858333333335,1026.0804632054626,6.933501446832564
12005,2019,92.0,1,1587.0,FL,2019,1329.5670133723513,7.192608614356264,7.370230641807081,12,9,87,174705.0,-0.0619362113402062,9.083884262041726,2.310938531874021,234.2145,1267.6847609497934,7.1449474928499415
12009,2016,192.0,1,2566.0,FL,2016,1049.966062621168,6.956513121316051,7.8504931808711405,12,9,88,576874.0,0.0196696043807644,4.448111719370262,1.695269075129295,223.80733333333333,1047.6489100505207,6.954303799258993
12009,2017,84.0,1,2650.0,FL,2017,1132.543779335894,7.032221513860255,7.8826922062890254,12,9,88,587769.0,0.0188862732589785,4.508573946567444,1.706305777792013,227.24108333333336,1112.9687342543084,7.014786259465258
12009,2018,364.0,3,3014.0,FL,2018,1211.337789988817,7.099480639413449,8.011355109161286,12,9,88,595203.0,0.012647825931616,5.06381856274246,1.802339727500372,231.78858333333335,1167.0461794524037,7.062231202585393
12009,2019,485.0,4,3499.0,FL,2019,1267.7752635856002,7.145018882368978,8.160518247477505,12,9,88,601942.0,0.0113221875561784,5.812852401061897,1.9188108872477265,234.2145,1208.7689945617553,7.097357760862656
12011,2015,210.0,2,10703.0,FL,2015,1392.8222114272842,7.239087335646814,9.27837278236801,12,9,89,1885040.0,0.0129542546668794,5.6778635997114115,1.8987981159926193,223.31341666666663,1392.8222114272842,7.239087335646814
12011,2016,88.0,1,10791.0,FL,2016,1453.971086130034,7.282053772152985,9.286560397887591,12,9,89,1912583.0,0.0146113610321265,5.642108081061057,1.8934293951890775,223.80733333333333,1450.762341619319,7.279844450095928
12011,2017,105.0,1,10896.0,FL,2017,1506.0676974817604,7.317257359196653,9.296242800976886,12,9,89,1934516.0,0.0114677376092959,5.632416583786332,1.8919692300620636,227.24108333333336,1480.0366127572363,7.299822104801657
12011,2018,1334.0,8,12230.0,FL,2018,1560.1136462076108,7.352513947723224,9.411728991487363,12,9,89,1946107.0,0.0059916795725649,6.284340994611293,1.9857269749666586,231.78858333333335,1503.0693216753025,7.315264510895168
12011,2019,957.0,9,13187.0,FL,2019,1611.0007051694,7.384610820898418,9.487062604191621,12,9,89,1952778.0,0.0034278690740026,6.752943754999288,2.0480726105992972,234.2145,1536.019638936906,7.336949699392095
12011,2021,318.0,1,13505.0,FL,2021,1899.5094054959827,7.549350924179508,9.510889310134788,12,9,89,1935575.0,-0.0040254235107785,6.977254820918848,2.0765943448739437,249.14216666666667,1702.5858810134905,7.4399034808121955
12015,2017,60.0,1,1498.0,FL,2017,1158.7206578464456,7.055071794312587,7.312553498102598,12,9,90,181522.0,0.021674893482898,8.252443230021704,2.2248876496226804,227.24108333333336,1138.6931679355398,7.037636539917591
12017,2021,106.0,1,560.0,FL,2021,1366.564079967003,7.22005489776811,6.329720905522696,12,9,91,158167.0,0.0232842502976036,3.5405615583528802,1.5130506956712768,249.14216666666667,1224.8913858073186,7.110607454400799
12019,2019,96.0,1,613.0,FL,2019,1254.3197040437165,7.134348636102582,6.419994928147142,12,9,92,219252.0,0.0154880782555533,2.7958695929797677,1.3339135263587794,234.2145,1195.9396993026667,7.086687514596259
12019,2020,96.0,1,709.0,FL,2020,1318.3281167214789,7.1841196345509575,6.565264970035361,12,9,92,218951.0,-0.0013728495065039,3.2381674438573014,1.4441309691782276,235.67549999999997,1249.176753768659,7.13024001634101
12019,2023,282.0,2,991.0,FL,2023,1727.7112239112832,7.454552819606519,6.899723107284872,12,9,92,232439.0,0.0256139855449755,4.263484182946923,1.6607931996599707,278.4124166666667,1385.7898330982373,7.234025532680755
12031,2015,134.0,2,8539.0,FL,2015,956.777550286166,6.863570919591423,9.052516286782616,12,9,93,910578.0,0.0155129880847761,9.37756018704603,2.339645800691768,223.31341666666663,956.777550286166,6.863570919591423
12031,2016,430.0,3,8969.0,FL,2016,989.1249439957586,6.896820657309372,9.101640955052842,12,9,93,926010.0,0.0169474773166053,9.685640543838618,2.368900834923637,223.80733333333333,986.942060673845,6.894611335252314
12031,2017,200.0,1,9169.0,FL,2017,1031.0599471959492,6.938342627036563,9.123692565250511,12,9,93,937933.0,0.0128756708890833,9.775751572873544,2.377298385100074,227.24108333333336,1013.2389628627757,6.920907372641566
12031,2018,784.0,5,9953.0,FL,2018,1087.132309238638,6.991298599344738,9.2057297594185,12,9,93,948652.0,0.0114283216391788,10.491729316967655,2.4416275867992363,231.78858333333335,1047.3821741068068,6.954049162516682
12031,2019,937.0,9,10890.0,FL,2019,1135.6568416443445,7.034966477629644,9.295692039075686,12,9,93,957755.0,0.0095957210863415,11.370340013886642,2.5153016730021127,234.2145,1082.7997816893237,6.987305356123321
12031,2020,127.0,1,11017.0,FL,2020,1182.02785108358,7.0749867603649115,9.307285578032662,12,9,93,997784.0,0.0417946134449833,11.041467892850557,2.488356350460122,235.67549999999997,1120.0259595105647,7.021107142154964
12031,2021,299.0,2,11316.0,FL,2021,1348.7799782123243,7.206955742988783,9.334061298965942,12,9,93,1002774.0,0.0050010823985953,11.284696252595301,2.5083542806040056,249.14216666666667,1208.95097484309,7.097508299621471
12031,2022,576.0,3,11892.0,FL,2022,1532.2956834513886,7.334522336541324,9.383705270727246,12,9,93,1017011.0,0.0141976158137326,11.693088865312175,2.5410576615090967,271.6895,1259.4604665072247,7.1384387070564745
12033,2015,92.0,1,1670.0,FL,2015,850.3428369003799,6.745639605695504,7.421177528595393,12,9,94,309311.0,0.0043869333679698,5.399096702024822,1.856156840095774,223.31341666666663,850.3428369003799,6.745639605695504
12033,2018,50.0,1,1720.0,FL,2018,986.0704424651082,6.8937277947131115,7.450660796211539,12,9,94,315104.0,0.0059218066139077,5.458515283842795,1.8653994591565601,231.78858333333335,950.0155547532863,6.856478357885055
12033,2020,165.0,2,1885.0,FL,2020,1123.02254243345,7.02377902794165,7.542213463193403,12,9,94,322568.0,0.0133577953982835,5.843729074179708,1.9233327693579931,235.67549999999997,1064.115705470023,6.969899409731703
12035,2015,52.0,1,325.0,FL,2015,1030.5238628055035,6.937822556593704,5.786897381366708,12,9,95,104436.0,0.0249977917145127,3.1119537324294306,1.4138982762484698,223.31341666666663,1030.5238628055035,6.937822556593704
12035,2020,321.0,3,646.0,FL,2020,1333.2651223624707,7.1953861918971445,6.472346294500901,12,9,95,116028.0,0.0082289865399154,5.56762160857724,1.8821517591289638,235.67549999999997,1263.3302562093418,7.141506573687197
12053,2015,94.0,1,1356.0,FL,2015,913.6543944481708,6.817452375711018,7.213031659834869,12,9,96,177900.0,0.014843295416947,7.622259696458684,2.1543471960822735,223.31341666666663,913.6543944481708,6.817452375711018
12053,2018,200.0,2,1556.0,FL,2018,1085.0349970267357,6.989367520778549,7.350516171833998,12,9,96,190582.0,0.0207708458308337,8.16446463989254,2.2153334660440733,231.78858333333335,1045.3615484611378,6.952118083950492
12053,2019,186.0,2,1742.0,FL,2019,1150.1746620565011,7.04766908987382,7.463363045520021,12,9,96,193920.0,0.0175147705449623,8.983085808580858,2.3008922417877327,234.2145,1096.64189683929,7.000007968367497
12053,2021,80.0,1,1822.0,FL,2021,1474.464642198882,7.296050248448578,7.508238774678663,12,9,96,200693.0,0.0259119535435325,9.078542849028118,2.310408693565454,249.14216666666667,1321.6058181117198,7.186602805081266
12053,2023,84.0,1,1906.0,FL,2023,1807.6899477587451,7.499805037174699,7.553286605600419,12,9,96,212807.0,0.0283760601154952,8.956472296494006,2.298222821758446,278.4124166666667,1449.9404277335336,7.279277750248935
12057,2015,230.0,2,14529.0,FL,2015,1108.6908450931148,7.010935179409601,9.583970756564328,12,9,97,1364073.0,0.023849769345897,10.651189489125581,2.4554082768705134,223.31341666666663,1108.6908450931148,7.010935179409601
12057,2016,111.0,2,14640.0,FL,2016,1159.6514398299412,7.055874756041153,9.591581091193483,12,9,97,1396693.0,0.0239136761742222,10.481902608518837,2.4407721096086914,223.80733333333333,1157.092224431923,7.053665433984095
12057,2018,568.0,5,15208.0,FL,2018,1271.5128094192708,7.147962659069606,9.629642636872369,12,9,97,1451919.0,0.0176507777192136,10.474413517558485,2.44011964505951,231.78858333333335,1225.020946775921,7.110713222241549
12057,2019,225.0,2,15433.0,FL,2019,1326.5621562434849,7.1903460298064354,9.644328147017548,12,9,97,1471968.0,0.0138086215553347,10.484602926150568,2.441007262287021,234.2145,1264.819759371999,7.1426849083001125
12057,2020,64.0,1,15497.0,FL,2020,1381.7136518775312,7.231079784507068,9.648466262323895,12,9,97,1466255.0,-0.0038811985043153,10.569102918660125,2.448338003079455,235.67549999999997,1309.2374746452167,7.17720016629712
12057,2021,112.0,1,15609.0,FL,2021,1612.6732918891903,7.3856485107339305,9.655667013509477,12,9,97,1484607.0,0.0125162403538265,10.513893575875635,2.443554443191588,249.14216666666667,1445.4862763583667,7.276201067366618
12057,2022,338.0,2,15947.0,FL,2022,1889.1864517858248,7.543901566593444,9.677088708501246,12,9,97,1513473.0,0.0194435294997261,10.536692758972245,2.4455326306615532,271.6895,1552.8045112846441,7.347817937108594
12069,2016,144.0,1,2893.0,FL,2016,1133.5278638109978,7.03309005174602,7.970394907191429,12,9,98,334913.0,0.0300134705401133,8.638064213691317,2.2657202807495174,223.80733333333333,1131.026300096669,7.030880729688962
12069,2017,93.0,2,2986.0,FL,2017,1196.7463916815984,7.087361813170181,8.00202481821611,12,9,98,345432.0,0.0314081567451844,8.644248361472012,2.2663617129396263,227.24108333333336,1176.0616596687405,7.069926558775185
12069,2019,197.0,4,3183.0,FL,2019,1336.9090098299494,7.198115519311083,8.065893546964274,12,9,98,367118.0,0.0291489123121775,8.670236817589984,2.269052799091905,234.2145,1274.6850376794612,7.15045439780476
12069,2021,70.0,1,3253.0,FL,2021,1557.467925258565,7.350816656715086,8.087640287778983,12,9,98,396352.0,0.0262443813824388,8.207351041498466,2.2200021912532963,249.14216666666667,1396.0040903215286,7.241369213347774
12071,2015,50.0,1,3302.0,FL,2015,1039.3648857311418,6.946365118793306,8.10258642539079,12,9,99,699644.0,0.0330935336782667,4.719543081910229,1.7438889214161417,223.31341666666663,1039.3648857311418,6.946365118793306
12071,2016,72.0,1,3374.0,FL,2016,1119.0525405348865,7.020237660323948,8.12415060330663,12,9,99,722649.0,0.0328810080555252,4.668933327244624,1.735000974335385,223.80733333333333,1116.5829221697782,7.018028338266891
12073,2018,112.0,1,1629.0,FL,2018,944.4135803952772,6.8505641850267285,7.396335293800808,12,9,100,291657.0,0.002378292921829,5.5853279708698915,1.8848441397059117,231.78858333333335,909.8818429774647,6.813314748198672
12073,2019,80.0,1,1709.0,FL,2019,995.2029858415176,6.9029467222230965,7.444248649496705,12,9,100,293582.0,0.006600218750107,5.821201572303479,1.9200356399590701,234.2145,948.8830924009296,6.8552856007167735
12081,2018,77.0,1,2537.0,FL,2018,1357.6211933823622,7.21348932471623,7.839131648274333,12,9,101,394387.0,0.0230372549324784,6.432767814354936,2.0058983081174944,231.78858333333335,1307.9808456195574,7.176239887888174
12081,2019,72.0,1,2609.0,FL,2019,1412.6689387908189,7.253236058552531,7.867105500316739,12,9,101,403253.0,0.0224804570130354,6.469883671045225,2.0108794262048906,234.2145,1346.9188600204168,7.205574937046208
12081,2021,96.0,1,2705.0,FL,2021,1732.41957284646,7.45727430738705,7.903226808730733,12,9,101,413716.0,0.0301205869244234,6.538301636871671,2.019996909548679,249.14216666666667,1552.8183730944115,7.347826864019738
12083,2016,160.0,1,1558.0,FL,2016,871.7448010767004,6.770496721760174,7.351799869057777,12,9,102,347469.0,0.0154508419496057,4.483853235828232,1.7018079990932713,223.80733333333333,869.8209620321121,6.768287399703117
12083,2019,94.0,1,1652.0,FL,2019,1030.2695167608365,6.937575713753,7.410347097821024,12,9,102,365579.0,0.0181500687903481,4.518859124840322,1.7081711586451407,234.2145,982.3175161033068,6.889914592246677
12083,2022,96.0,1,1748.0,FL,2022,1491.411324659127,7.307478148388581,7.466799475018602,12,9,102,396437.0,0.0293455541563347,4.409275622608384,1.6881151878876757,271.6895,1225.8558338286493,7.11139451890373
12086,2015,1194.0,10,28073.0,FL,2015,1644.1977454483194,7.4050078515021065,10.24259916009427,12,9,103,2659839.0,0.0097066776399827,10.554398217335711,2.4470661625203545,223.31341666666663,1644.1977454483194,7.4050078515021065
12086,2016,981.0,10,29054.0,FL,2016,1687.6965370889714,7.431119882388091,10.276945864509205,12,9,103,2692213.0,0.0121714133825392,10.791865279604549,2.4674099106534744,223.80733333333333,1683.97198778342,7.428910560331034
12086,2017,351.0,3,29405.0,FL,2017,1702.579180653748,7.439899545402533,10.288954014137602,12,9,103,2713295.0,0.0078307325609081,10.8373766951253,2.471262041995457,227.24108333333336,1673.151563969641,7.422464291007537
12086,2018,1751.0,15,31156.0,FL,2018,1740.6272964935972,7.46200084246478,10.346794218071167,12,9,103,2714854.0,0.0005745781420745,11.47612357791616,2.5238167039478756,231.78858333333335,1676.982632765195,7.424751405636725
12086,2019,2680.0,21,33836.0,FL,2019,1778.1320929098708,7.4833187062894435,10.429310157308027,12,9,103,2716940.0,0.0007683654443295,12.453716313205296,2.5992553736969466,234.2145,1695.3722034816544,7.435657584783121
12086,2020,228.0,2,34064.0,FL,2020,1801.4639477784403,7.496354917652867,10.436025743207768,12,9,103,2695685.0,-0.0078231392669694,12.636491281436815,2.6127493818927743,235.67549999999997,1706.9702585980515,7.442475299442919
12086,2021,252.0,2,34316.0,FL,2021,2100.132302216348,7.649755622782435,10.443396137193783,12,9,103,2669748.0,-0.0096216731554317,12.85364761018643,2.628548563315201,249.14216666666667,1882.4100558113678,7.540308179415123
12086,2022,364.0,3,34680.0,FL,2022,2627.343939289505,7.8737287058547025,10.453947265542192,12,9,103,2673056.0,0.0012390682566294,12.973914500855948,2.6371923416669976,271.6895,2159.5282550161064,7.677645076369852
12086,2023,210.0,1,34890.0,FL,2023,2729.248985203348,7.911781753337776,10.459984195277682,12,9,103,2686867.0,0.005166745477835,12.985384092327607,2.638012790869385,278.4124166666667,2189.119016733721,7.691254466412012
12087,2017,42.0,1,795.0,FL,2017,2183.906792755894,7.688870658644521,6.679599185844383,12,9,104,76483.0,-0.0050603600790924,10.39446674424382,2.433127864256748,227.24108333333336,2146.1598423048963,7.671435404249524
12087,2018,51.0,1,846.0,FL,2018,2229.834662296899,7.709682719237717,6.741700694652055,12,9,104,74757.0,-0.0225671064158048,11.31666599783298,2.5109533044229586,231.78858333333335,2148.3025172261496,7.672433282409661
12087,2019,95.0,2,941.0,FL,2019,2339.7500827502076,7.757799400404481,6.848005274576363,12,9,104,74228.0,-0.0070762604170846,12.677156868028238,2.6157270593100046,234.2145,2230.8507164375596,7.710138278898158
12087,2020,47.0,1,988.0,FL,2020,2413.4355145750865,7.788806536108871,6.8966943316227125,12,9,104,82847.0,0.1161152125882416,11.925597788694823,2.55920966990097,235.67549999999997,2286.8415709924766,7.734926917898925
12087,2021,29.0,1,1017.0,FL,2021,2777.84429947854,7.929430474039648,6.925595197110468,12,9,104,82220.0,-0.0075681678274409,12.369253223060083,2.592957534883771,249.14216666666667,2489.8631563822364,7.819983030672336
12089,2017,82.0,2,413.0,FL,2017,1202.848289460261,7.092447597847776,6.025865973825314,12,9,105,82925.0,0.0358503528823932,4.980403979499548,1.7884881207810561,227.24108333333336,1182.0580913927745,7.075012343452779
12091,2016,102.0,1,458.0,FL,2016,1060.774016206402,6.966754124605209,6.129050210060545,12,9,106,200071.0,0.0117472743087161,2.2891873384948345,1.1906405246893526,223.80733333333333,1058.4330117434652,6.964544802548152
12095,2015,207.0,2,19877.0,FL,2015,1112.3949866760267,7.014270615585924,9.89736887152795,12,9,107,1291301.0,0.0276100862163637,15.393002870748184,2.7968545895646715,223.31341666666663,1112.3949866760267,7.014270615585924
12095,2016,156.0,1,20033.0,FL,2016,1169.831034550218,7.0646146024486205,9.90518610917171,12,9,107,1326516.0,0.0272709461233282,15.101966353967837,2.7789413983195157,223.80733333333333,1167.2493539745965,7.0624052803915625
12095,2018,478.0,5,20511.0,FL,2018,1311.4222448449116,7.1788675103552535,9.928765359720396,12,9,107,1381540.0,0.0188941686130681,14.846475672076089,2.762947120524671,231.78858333333335,1263.4711251840647,7.141618073527197
12095,2019,903.0,7,21414.0,FL,2019,1373.806664035701,7.225340752572865,9.971846890049472,12,9,107,1393452.0,0.0086222621132938,15.367590702801389,2.7953032029582854,234.2145,1309.865358401157,7.177679631066542
12095,2020,120.0,1,21534.0,FL,2020,1399.5924519654811,7.243936367484907,9.977434797488211,12,9,107,1431679.0,0.0274333095076113,15.041081136204415,2.7751530026734312,235.67549999999997,1326.1784631380401,7.1900567492749605
12095,2022,120.0,1,21654.0,FL,2022,1835.895531924106,7.5152876697381075,9.982991653648726,12,9,107,1451761.0,0.016809536049801,14.91567826935701,2.7673046780701602,271.6895,1509.0023864633688,7.319204040253258
12097,2015,253.0,2,4692.0,FL,2015,1199.3591888412586,7.089542683843394,8.453827315794417,12,9,108,323736.0,0.0407978241160471,14.493290829564831,2.740407080513231,223.31341666666663,1199.3591888412586,7.089542683843394
12097,2016,176.0,1,4868.0,FL,2016,1255.3878608894593,7.1351998563205585,8.4906438561827,12,9,108,338209.0,0.0447061803444781,14.393466761676951,2.7339431831511813,223.80733333333333,1252.617366382468,7.1329905342635005
12097,2018,504.0,4,5372.0,FL,2018,1406.8266753488326,7.249091862140864,8.589141690728821,12,9,108,368456.0,0.0419458010366973,14.579759862778731,2.7459726271517213,231.78858333333335,1355.3871679614153,7.211842425312808
12097,2019,200.0,2,5572.0,FL,2019,1468.6480308072994,7.292097549649056,8.625688787569537,12,9,108,375751.0,0.0197988362246781,14.828969184380082,2.7618417539192235,234.2145,1400.2925081083788,7.244436428142733
12097,2020,120.0,1,5692.0,FL,2020,1498.4669886318443,7.312197856905684,8.646992628951082,12,9,108,391141.0,0.0409579748290755,14.552296997757843,2.744208344613787,235.67549999999997,1419.8666513642204,7.258318238695736
12097,2021,80.0,1,5772.0,FL,2021,1697.728586903084,7.4370465112818085,8.660947155060933,12,9,108,403990.0,0.0328500464027039,14.287482363424838,2.727034347352762,249.14216666666667,1521.7238269475306,7.3275990679144964
12099,2015,279.0,2,7434.0,FL,2015,1348.602828793518,7.206824393876153,8.913953858894255,12,9,109,1424256.0,0.0183032854397364,5.219567268805608,1.8277003333993442,223.31341666666663,1348.602828793518,7.206824393876153
12099,2017,212.0,2,7646.0,FL,2017,1474.807615758719,7.2962828302731,8.942068693044225,12,9,109,1470344.0,0.0134083217886951,5.200143639855708,1.824572459501341,227.24108333333336,1449.3168346587854,7.278847575878103
12099,2018,458.0,4,8104.0,FL,2018,1532.1396055920811,7.33442047251437,9.000236434169777,12,9,109,1482876.0,0.0085231755289918,5.465055743029087,1.8664116344649302,231.78858333333335,1476.1181297831536,7.297171035686314
12099,2019,660.0,6,8764.0,FL,2019,1594.4485645850948,7.374283227908547,9.078521797355334,12,9,109,1496770.0,0.0093696303669355,5.855275025555029,1.9250184326405513,234.2145,1520.2378873074033,7.326622106402224
12101,2016,165.0,2,2076.0,FL,2016,1117.8329735172392,7.019147244984563,7.638679823876112,12,9,110,509937.0,0.0303943260691661,4.071091134787238,1.6235560084098692,223.80733333333333,1115.366046594217,7.016937922927505
12101,2017,158.0,2,2234.0,FL,2017,1174.17710916375,7.068322848604213,7.711996507047669,12,9,110,525141.0,0.0298154477906094,4.254095566714463,1.659007880423098,227.24108333333336,1153.8824677865096,7.050887594209216
12101,2018,200.0,2,2434.0,FL,2018,1235.312164208526,7.11907898166382,7.79770203551669,12,9,110,539090.0,0.0265623899105191,4.515016045558255,1.7074745621406269,231.78858333333335,1190.1439495947286,7.081829544835763
12101,2019,71.0,2,2505.0,FL,2019,1294.87688622769,7.166170901064291,7.826443135456014,12,9,110,553947.0,0.0275594056651022,4.52209326885063,1.7087570037765183,234.2145,1234.6092220003459,7.118509779557968
12101,2020,110.0,1,2615.0,FL,2020,1368.2230194941674,7.2212681108412395,7.86940171257709,12,9,110,566156.0,0.022040014658442,4.61886829778365,1.7261302731267083,235.67549999999997,1296.4544776407636,7.167388492631292
12103,2015,395.0,4,3592.0,FL,2015,1021.3293611505524,6.9288603529719035,8.186742787113518,12,9,111,947060.0,0.0113840239214011,3.7927903195151313,1.5671127719881612,223.31341666666663,1021.3293611505524,6.9288603529719035
12103,2016,142.0,1,3734.0,FL,2016,1083.568765852992,6.9880152853704365,8.225503097566918,12,9,111,959874.0,0.0135302937511878,3.8900939081587795,1.5872115074248336,223.80733333333333,1081.1774560377003,6.985805963313378
12103,2018,381.0,5,4115.0,FL,2018,1216.4643895877432,7.103703888953149,8.32263709695394,12,9,111,973058.0,0.0048712178870873,4.228935993537898,1.65420781446133,231.78858333333335,1171.9853289819205,7.066454452125093
12103,2019,269.0,3,4384.0,FL,2019,1277.7020651516048,7.152818481899959,8.385944904806284,12,9,111,974996.0,0.0019916592844413,4.496428703297244,1.7040985546613308,234.2145,1218.2337713978457,7.105157360393636
12103,2020,295.0,2,4679.0,FL,2020,1343.920836696129,7.203346618080586,8.451053388911692,12,9,111,959793.0,-0.0155928844836286,4.875009507258335,1.7707076782856512,235.67549999999997,1273.4270374822074,7.149466999870639
12103,2022,65.0,1,4744.0,FL,2022,1871.395697145417,7.534439793568793,8.464846711044029,12,9,111,961792.0,0.0023020416159935,4.932459409103008,1.7804388671809874,271.6895,1538.1815162707485,7.338356164083942
12105,2016,134.0,2,2633.0,FL,2016,1072.876499834562,6.978098637995754,7.876258882303226,12,9,112,665823.0,0.0266760006969684,3.9545044253502803,1.6002971477145773,223.80733333333333,1070.5087866026006,6.975889315938697
12105,2018,255.0,3,2888.0,FL,2018,1196.859365986546,7.087456209922587,7.968665700466235,12,9,112,706597.0,0.0309746005065891,4.087195388601989,1.6267266744998978,231.78858333333335,1153.0971476001914,7.050206773094531
12105,2019,100.0,1,2988.0,FL,2019,1265.2442045875907,7.143020429635241,8.002694162283937,12,9,112,724777.0,0.0257289515806038,4.122647379814757,1.6336713717887332,234.2145,1206.3557390518258,7.095359308128918
12105,2020,173.0,2,3161.0,FL,2020,1334.8472462330412,7.196572141990272,8.058960017769417,12,9,112,730158.0,0.0074243525939703,4.329199981373894,1.6732011296088163,235.67549999999997,1264.8293916185253,7.142692523780325
12105,2021,72.0,1,3233.0,FL,2021,1513.8687509917584,7.322423740009564,8.081475040137052,12,9,112,755598.0,0.0348417739722086,4.278730224272696,1.6636855809691946,249.14216666666667,1356.9248742272398,7.212976296642252
12105,2022,102.0,1,3335.0,FL,2022,1739.3284347126555,7.4612543606462856,8.112527763478637,12,9,112,788382.0,0.0433881508421145,4.230182830150866,1.654446235429653,271.6895,1429.6296892635462,7.265170731161436
12109,2018,60.0,1,963.0,FL,2018,1424.4067687226172,7.2615107033739505,6.871091294610546,12,9,113,253814.0,0.0415317633251672,3.7941169517835895,1.5673895311638546,231.78858333333335,1372.3244590918118,7.224261266545894
12111,2016,228.0,2,2187.0,FL,2016,1202.1419152128335,7.091860174026783,7.690743163541872,12,9,114,305566.0,0.0278657974583056,7.157209899007089,2.09890218636534,223.80733333333333,1199.4889282942238,7.089650851969725
12113,2019,93.0,1,319.0,FL,2019,1259.7349789965317,7.138656643692461,5.768320995793772,12,9,115,184313.0,0.0279873950751554,1.7307514933835377,1.004576843618062,234.2145,1201.1029302379957,7.090995522186139
12115,2016,72.0,1,1048.0,FL,2016,1312.1698216886402,7.179437398390438,6.955592608396297,12,9,116,412968.0,0.0202761629702465,2.537726894093489,1.2634844005855663,223.80733333333333,1309.2740160205399,7.17722807633338
12115,2018,84.0,1,1132.0,FL,2018,1416.794036814813,7.256151877548708,7.0326242610280065,12,9,116,426329.0,0.0158430232558139,2.6552263627386363,1.296158023633845,231.78858333333335,1364.9900807197143,7.218902440720652
12115,2019,80.0,1,1212.0,FL,2019,1465.85100478176,7.290191243435525,7.10085190894405,12,9,116,433742.0,0.017387979705814,2.7942878485366878,1.3334967380436056,234.2145,1397.6256645172741,7.242530121929202
12117,2015,90.0,1,3980.0,FL,2015,1072.157198940917,6.97742797168313,8.289288323000317,12,9,117,448318.0,0.0156751601159041,8.877627041519636,2.2902723049285827,223.31341666666663,1072.157198940917,6.97742797168313
12117,2016,123.0,1,4103.0,FL,2016,1121.5990492306482,7.022510668589746,8.319717386850606,12,9,117,455945.0,0.0170124777501683,8.998892410268782,2.3024743278866957,223.80733333333333,1119.1238110180225,7.020301346532688
12117,2017,102.0,1,4205.0,FL,2017,1181.1466442292644,7.0742409780311,8.344267356262645,12,9,117,462801.0,0.015036901380649,9.085978638766987,2.311146205743009,227.24108333333336,1160.7315404331805,7.056805723636104
12117,2018,108.0,1,4313.0,FL,2018,1251.8227538759704,7.132355971251406,8.369620826949102,12,9,117,468122.0,0.0114973822442043,9.213410179397679,2.323701580268437,231.78858333333335,1206.050842577961,7.0951065344233495
12117,2020,81.0,1,4394.0,FL,2020,1344.266406399019,7.203603720487185,8.388222810119277,12,9,117,471455.0,-0.0007863068164959,9.320083571072532,2.3340918579927727,235.67549999999997,1273.7544807295913,7.149724102277237
12117,2021,68.0,1,4462.0,FL,2021,1504.5294340605878,7.316235459893741,8.40357646462927,12,9,117,470857.0,-0.0012684137404418,9.476337826558806,2.349119173792455,249.14216666666667,1348.5537710890749,7.206788016526429
12117,2022,54.0,1,4516.0,FL,2022,1746.4260135817974,7.465326700670947,8.415603335654604,12,9,117,478623.0,0.0164933302467629,9.435401140354726,2.345203981606753,271.6895,1435.4634980317512,7.269243071186097
12127,2015,81.0,1,4054.0,FL,2015,936.2941504817117,6.841929690442376,8.307705966549513,12,9,118,516730.0,0.0197645619332367,7.845489907688735,2.17990771417158,223.31341666666663,936.2941504817117,6.841929690442376
12127,2017,119.0,2,4173.0,FL,2017,1055.115330180212,6.961405357641784,8.336630087637147,12,9,118,537868.0,0.0178161539436809,7.758409126402761,2.170014281880802,227.24108333333336,1036.8785692431106,6.943970103246787
12127,2018,96.0,1,4269.0,FL,2018,1132.6412817394134,7.032307601664077,8.35936910622267,12,9,118,546101.0,0.0153067295321529,7.81723527332856,2.176708359805649,231.78858333333335,1091.2271469350092,6.995058164836021
12127,2019,332.0,4,4601.0,FL,2019,1199.367697869329,7.089549778463559,8.434246270595311,12,9,118,553284.0,0.0131532445463384,8.315801649785643,2.2317120604456715,234.2145,1143.5453332344248,7.041888656957236
13013,2015,0.0,1,144.0,GA,2015,1056.470342769749,6.962688765455055,4.976733742420574,13,10,119,74979.0,0.0292385619569246,1.9205377505701595,1.071767760478771,223.31341666666663,1056.470342769749,6.962688765455055
13013,2018,117.0,1,261.0,GA,2018,1246.9596228852815,7.128463565753472,5.568344503761097,13,10,119,80834.0,0.0245250256657245,3.2288393497785584,1.441927570012487,231.78858333333335,1201.3655281349002,7.091214128925416
13013,2019,48.0,1,309.0,GA,2019,1316.8300240980109,7.182982630466342,5.736572297479192,13,10,119,83240.0,0.0297647029715217,3.7121576165305146,1.5501458958175443,234.2145,1255.5405914261319,7.135321508960019
13013,2023,248.0,2,557.0,GA,2023,1919.4976077897893,7.559818768172709,6.324358962381311,13,10,119,92792.0,0.0397445235027171,6.002672644193464,1.9462918824991824,278.4124166666667,1539.6208768671333,7.339291481246945
13015,2019,38.0,1,239.0,GA,2019,1075.4539667796314,6.980498146099187,5.480638923341991,13,10,120,107738.0,0.0127845983192014,2.2183445024039803,1.1688670976581266,234.2145,1025.3989389609922,6.932837024592865
13015,2020,0.0,1,239.0,GA,2020,1161.524928545252,7.0574890143523,5.480638923341991,13,10,120,109314.0,0.0146280792292412,2.1863622225881403,1.1588798969865393,235.67549999999997,1100.5984938483045,7.003609396142353
13015,2021,60.0,1,299.0,GA,2021,1358.4985913409523,7.214135391943489,5.703782474656201,13,10,120,110936.0,0.0148379896445103,2.6952477103915773,1.3070475915013224,249.14216666666667,1217.6620522654805,7.104687948576177
13021,2016,0.0,1,874.0,GA,2016,723.638089360614,6.584291390832033,6.774223886357614,13,10,121,153152.0,-0.0051511903601936,5.706748850814877,1.9031143105859936,223.80733333333333,722.0411045449389,6.582082068774975
13021,2017,0.0,1,874.0,GA,2017,743.0514724250669,6.610765318798829,6.774223886357614,13,10,121,152840.0,-0.0020371918094441,5.7183983250458,1.9048497816392647,227.24108333333336,730.2084668511999,6.593330064403832
13021,2018,0.0,1,874.0,GA,2018,772.0837856511238,6.6490930747719235,6.774223886357614,13,10,121,152903.0,0.000412195760272,5.7160421966867885,1.9044990222043099,231.78858333333335,743.8531512086411,6.611843637943867
13021,2019,80.0,1,954.0,GA,2019,808.9670594295047,6.695758198589833,6.86171134048073,13,10,121,153159.0,0.0016742640759173,6.228821029126594,1.97807595636304,234.2145,771.3151748162007,6.64809707708351
13021,2020,65.0,1,1019.0,GA,2020,854.0231385266328,6.749958287715007,6.927557906278317,13,10,121,157035.0,0.0253070338667658,6.48899926767918,2.0134351794810295,235.67549999999997,809.2263513889749,6.69607866950506
13021,2021,65.0,1,1084.0,GA,2021,989.726672345952,6.897428816469736,6.98933526597456,13,10,121,155980.0,-0.0067182475244372,6.949608924221054,2.0731227355343984,249.14216666666667,887.120986883814,6.787981373102424
13021,2022,280.0,2,1364.0,GA,2022,1078.155349242187,6.983006849845259,7.21890970761906,13,10,121,156126.0,0.0009360174381329,8.736533312837068,2.2758851315922572,271.6895,886.1827738529312,6.786923220360409
13021,2023,520.0,3,1884.0,GA,2023,1139.8140782278772,7.038620438814247,7.541683099882111,13,10,121,156512.0,0.0024723620665358,12.037415661418933,2.5678233513831623,278.4124166666667,914.2400300291964,6.818093151888483
13029,2017,0.0,2,48.0,GA,2017,1212.2842154227862,7.100261640312073,3.8918202981106265,13,10,122,36999.0,0.0323669745249588,1.2973323603340632,0.8317486064632688,227.24108333333336,1191.3309254912385,7.082826385917077
13029,2019,248.0,2,296.0,GA,2019,1276.8432343122895,7.152146087582384,5.6937321388027,13,10,122,39627.0,0.041199190730182,7.469654528478058,2.1364897201671953,234.2145,1217.4149132611112,7.104484966076061
13029,2021,70.0,1,366.0,GA,2021,1457.6450184804985,7.284577411374867,5.905361848054571,13,10,122,46974.0,0.0428701463046421,7.7915442585259935,2.1737903798303573,249.14216666666667,1306.5298970428257,7.175129968007555
13039,2022,84.0,1,807.0,GA,2022,1379.4724159564898,7.2294563977752855,6.694562058521095,13,10,123,56971.0,0.0212418886458967,14.165101542890243,2.718996836989558,271.6895,1133.8483761965952,7.033372768290436
13045,2020,0.0,2,390.0,GA,2020,1119.8214142330792,7.020924499997778,5.968707559985366,13,10,124,119498.0,-0.0041169411294086,3.2636529481664964,1.4501262924081628,235.67549999999997,1061.0824887138779,6.967044881787831
13045,2022,90.0,1,480.0,GA,2022,1440.4458660813243,7.272707973867953,6.175867270105761,13,10,124,124530.0,0.0241375056540154,3.854492893278728,1.5799046458819355,271.6895,1183.965106778128,7.076624344383102
13051,2015,59.0,1,1287.0,GA,2015,951.2590495581276,6.857786422463761,7.160845906664299,13,10,125,285959.0,0.013316749409109,4.500645197388437,1.704865393974387,223.31341666666663,951.2590495581276,6.857786422463761
13051,2017,409.0,4,1696.0,GA,2017,1030.873802902449,6.938162073908707,7.436617265234227,13,10,125,289309.0,0.002404587426156,5.862244174913328,1.9260345274396267,227.24108333333336,1013.0560359132787,6.92072681951371
13051,2018,140.0,2,1836.0,GA,2018,1084.4983366770805,6.988872796542452,7.515889085215125,13,10,125,289166.0,-0.0004942812010687,6.349294177047094,1.9946042782798088,231.78858333333335,1044.8445106737386,6.951623359714396
13051,2019,243.0,2,2079.0,GA,2019,1132.7776787062628,7.032428018213418,7.640123172695364,13,10,125,289430.0,0.0009129704045427,7.183083992675258,2.1020690957813684,234.2145,1080.0546240972744,6.984766896707095
13051,2020,318.0,4,2397.0,GA,2020,1179.5451164825654,7.072884148631301,7.7823903355874595,13,10,125,295089.0,0.0195522233355216,8.122973069141853,2.210795745385052,235.67549999999997,1117.6734538558442,7.019004530421355
13051,2022,81.0,1,2478.0,GA,2022,1584.8109705210418,7.368220417698243,7.8156105320351905,13,10,125,301025.0,0.0180425445567993,8.231874429034132,2.2226621079654985,271.6895,1302.6250650020324,7.172136788213392
13051,2023,258.0,2,2736.0,GA,2023,1681.444157069,7.427408320440926,7.914617709040679,13,10,125,303655.0,0.0087368158790797,9.01022542029606,2.3036071125836646,278.4124166666667,1348.67921533414,7.206881033515162
13057,2021,60.0,1,618.0,GA,2021,1707.78643219745,7.442953326833357,6.428105272684596,13,10,126,274732.0,0.0245230388281447,2.2494649330984378,1.1784903468179457,249.14216666666667,1530.7389680897954,7.333505883466045
13059,2015,0.0,3,552.0,GA,2015,815.524737654424,6.703831755941181,6.315358001522335,13,10,127,123561.0,0.0263734985795689,4.467429043144682,1.698808495550357,223.31341666666663,815.524737654424,6.703831755941181
13059,2017,0.0,1,552.0,GA,2017,909.3485695824012,6.812728485560739,6.315358001522335,13,10,127,126815.0,0.0152916216324405,4.3527973820131685,1.6776192993989885,227.24108333333336,893.6312617226654,6.795293231165743
13059,2021,200.0,2,752.0,GA,2021,1276.4701495695415,7.151853851817078,6.6240652277998935,13,10,127,129206.0,0.0050952540236948,5.8201631503180975,1.9198833939032682,249.14216666666667,1144.1375588370975,7.042406408449766
13063,2016,183.0,1,1840.0,GA,2016,794.2950486810837,6.677454990056877,7.518064181233078,13,10,128,279333.0,0.0242483132883544,6.587120032362807,2.026452077024623,223.80733333333333,792.5421322017557,6.675245667999819
13063,2020,81.0,2,1921.0,GA,2020,1064.4745140468196,6.9702365423342165,7.561121589530238,13,10,128,299439.0,0.0245777674367677,6.415330000434145,2.003549479041159,235.67549999999997,1008.6387455903773,6.916356924124269
13063,2023,127.0,2,2048.0,GA,2023,1484.154108612886,7.302600265109804,7.6251071482389,13,10,128,298300.0,-0.0003317705488289,6.865571572242709,2.062495206754973,278.4124166666667,1190.4337055880155,7.082072978184041
13067,2016,0.0,2,2174.0,GA,2016,1063.0192160712695,6.968868455385772,7.684783943522785,13,10,129,748178.0,0.0123482515438697,2.905725642828311,1.3624435900562397,223.80733333333333,1060.6732567142426,6.966659133328714
13067,2017,0.0,1,2174.0,GA,2017,1125.2581367456746,7.0257677432028185,7.684783943522785,13,10,129,752649.0,0.0059758506665525,2.8884646096653284,1.358014377829543,227.24108333333336,1105.809017729601,7.008332488807822
13067,2019,54.0,1,2228.0,GA,2019,1256.7193918920264,7.136259947306554,7.709308333385869,13,10,129,760141.0,0.0053844220773209,2.931035163213141,1.368902791506086,234.2145,1198.2276980915528,7.088598825800231
13067,2020,60.0,5,2288.0,GA,2020,1311.1348954719829,7.178648373567222,7.735870319952567,13,10,129,766378.0,0.0082050566934293,2.9854719211668392,1.3826557296137112,235.67549999999997,1242.3608445457478,7.124768755357275
13067,2021,104.0,2,2392.0,GA,2021,1515.7113221240654,7.323640127307492,7.780303087908373,13,10,129,766662.0,0.0003705743118931,3.120018991419948,1.4158577729187596,249.14216666666667,1358.576424667344,7.21419268394018
13067,2022,64.0,1,2456.0,GA,2022,1685.352852455325,7.429730228849026,7.806696372521179,13,10,129,771840.0,0.0067539541545036,3.182006633499171,1.4307911872077592,271.6895,1385.2648106412323,7.233646599364176
13073,2015,0.0,1,0.0,GA,2015,1053.6125452888102,6.959980057428048,0.0,13,10,130,143837.0,0.034024902231424,0.0,0.0,223.31341666666663,1053.6125452888102,6.959980057428048
13077,2017,0.0,1,316.0,GA,2017,1120.0794311911986,7.021154882480813,5.75890177387728,13,10,131,143153.0,0.0189043182416706,2.2074284157509796,1.1654694994880652,227.24108333333336,1100.7198216462314,7.0037196280858165
13077,2019,160.0,1,476.0,GA,2019,1217.990056418996,7.104957284376908,6.1675164908883415,13,10,131,148509.0,0.0171988657378867,3.205192951268947,1.4363201785241235,234.2145,1161.300948339885,7.0572961628705855
13077,2020,0.0,1,476.0,GA,2020,1276.1463398382143,7.151600143722338,6.1675164908883415,13,10,131,146747.0,-0.0118646007986048,3.2436778946077265,1.4454303212191608,235.67549999999997,1209.2075727682036,7.097720525512391
13077,2022,276.0,2,752.0,GA,2022,1694.5178562491058,7.43515352876031,6.6240652277998935,13,10,131,152879.0,0.0193768211611422,4.918922808233963,1.7781544742709492,271.6895,1392.7979258737023,7.23906989927546
13085,2023,80.0,1,152.0,GA,2023,1938.65468047189,7.569749547825938,5.030437921392435,13,10,132,31732.0,0.0511113319420981,4.790117231816462,1.7561525386712018,278.4124166666667,1554.9866834830557,7.3492222609001745
13089,2015,84.0,2,4214.0,GA,2015,957.8862977661262,6.864729083835264,8.346404870435956,13,10,133,734434.0,0.0131633401941255,5.737751792536837,1.9077263073419035,223.31341666666663,957.8862977661262,6.864729083835264
13089,2016,0.0,4,4214.0,GA,2016,1019.0801189326002,6.926655655188463,8.346404870435956,13,10,133,746802.0,0.0168401789677492,5.642727255684908,1.8935226104391885,223.80733333333333,1016.8311280353277,6.924446333131406
13089,2017,0.0,2,4214.0,GA,2017,1093.7400800639173,6.997358367974847,8.346404870435956,13,10,133,751176.0,0.0058569741377232,5.609870389895311,1.8885640454860737,227.24108333333336,1074.8357235477013,6.979923113579851
13089,2018,523.0,6,4737.0,GA,2018,1164.0768494321285,7.059683647960944,8.463370384718731,13,10,133,754906.0,0.0049655473550804,6.274953437911475,1.9844374127499917,231.78858333333335,1121.5132978979368,7.022434211132889
13089,2019,202.0,3,4939.0,GA,2019,1243.594715046013,7.125761428453804,8.505120610181969,13,10,133,759297.0,0.0058166182279648,6.504701059005896,2.0155296320477163,234.2145,1185.7138852015348,7.078100306947481
13089,2020,311.0,7,5250.0,GA,2020,1307.4753137742955,7.175853315282289,8.566173813637858,13,10,133,764489.0,0.0068379040085764,6.867332296475162,2.0627190337426025,235.67549999999997,1238.8932219355004,7.121973697072342
13089,2021,860.0,5,6110.0,GA,2021,1489.987307228865,7.306522880264875,8.717845704894916,13,10,133,759113.0,-0.0070321482715905,8.048867559902149,2.20263961837971,249.14216666666667,1335.519237144699,7.197075436897563
13089,2022,765.0,4,6875.0,GA,2022,1672.556051007441,7.422108304748712,8.83579236650274,13,10,133,761779.0,0.0035119936030603,9.02492717704216,2.3050747090308037,271.6895,1374.746562958742,7.2260246752638615
13089,2023,541.0,4,7416.0,GA,2023,1691.9575659420505,7.433641460621213,8.911529941736559,13,10,133,762992.0,0.0015923253332004,9.719630087864617,2.372076648318238,278.4124166666667,1357.1119759285264,7.213114173695449
13095,2017,0.0,1,405.0,GA,2017,526.3004190029637,6.265872188488931,6.0063531596017325,13,10,134,89457.0,-0.010310989169036,4.527314799289044,1.7097021278582603,227.24108333333336,517.2037689516239,6.2484369340939345
13095,2020,56.0,3,461.0,GA,2020,606.5510623817653,6.407788916730959,6.135564891081739,13,10,134,85155.0,-0.0318454681886397,5.413657448182726,1.8584296929508954,235.67549999999997,574.7351342132232,6.353909298521011
13095,2021,220.0,3,681.0,GA,2021,682.0011192790213,6.525031299013701,6.525029657843462,13,10,134,82235.0,-0.0342904116023721,8.281145497659146,2.227984976428112,249.14216666666667,611.2975661821828,6.415583855646389
13095,2022,66.0,1,747.0,GA,2022,764.4553693634572,6.639163644807526,6.617402977974478,13,10,134,82895.0,0.0080257797774669,9.01139996380964,2.303724440072557,271.6895,628.339116608232,6.443080015322676
13097,2023,286.0,1,562.0,GA,2023,1697.6621569270958,7.437007381778898,6.333279628139691,13,10,135,149160.0,0.0115765701613395,3.767766157146688,1.5618778843377508,278.4124166666667,1361.6876041235919,7.216480094853134
13113,2019,75.0,1,157.0,GA,2019,1440.173309439778,7.272518739105735,5.062595033026967,13,10,136,114421.0,0.0109559024924679,1.3721257461479972,0.8637864924403033,234.2145,1373.1430903002904,7.224857617599413
13115,2022,66.0,1,872.0,GA,2022,1030.273525574584,6.937579604779458,6.771935555839602,13,10,137,99437.0,0.0096459431193964,8.769371561893461,2.279252140740567,271.6895,846.8266204519227,6.741495975294607
13115,2023,160.0,2,1032.0,GA,2023,1079.2955375661393,6.98406382725974,6.940222469119639,13,10,137,100113.0,0.00679827428422,10.30835156273411,2.425541529084017,278.4124166666667,865.6983656571155,6.763536540333976
13117,2018,48.0,1,204.0,GA,2018,1459.500626896336,7.285849619822228,5.3230099791384085,13,10,138,236993.0,0.0351751550624617,0.8607849176979911,0.6209983974710354,231.78858333333335,1406.1351380307237,7.2486001829941715
13121,2015,60.0,2,12753.0,GA,2015,1093.6761660670768,6.997299930083137,9.453600226875217,13,10,139,1005127.0,0.0133891618364525,12.687948886061164,2.6165158023676343,223.31341666666663,1093.6761660670768,6.997299930083137
13121,2016,0.0,7,12753.0,GA,2016,1169.2909345437567,7.064152805224538,9.453600226875217,13,10,139,1022866.0,0.0176485160581698,12.467908797437788,2.6003097294788833,223.80733333333333,1166.7104459058205,7.06194348316748
13121,2017,0.0,3,12753.0,GA,2017,1250.6694422280373,7.131434240721031,9.453600226875217,13,10,139,1038938.0,0.015712713102205,12.275034698894448,2.5858851809772756,227.24108333333336,1229.052696667763,7.113998986326035
13121,2018,220.0,2,12973.0,GA,2018,1336.7577619610995,7.198002380403417,9.470702633773001,13,10,139,1050131.0,0.0107735014023935,12.35369682449142,2.591793262204426,231.78858333333335,1287.8802691068106,7.1607529435753605
13121,2019,207.0,2,13180.0,GA,2019,1418.7775281380564,7.257550884134378,9.486531677712465,13,10,139,1063937.0,0.0131469311923941,12.387951542243572,2.594355163850714,234.2145,1352.743136306237,7.209889762628055
13121,2020,180.0,4,13360.0,GA,2020,1457.3898377285211,7.284402332334501,9.500095294588894,13,10,139,1069394.0,0.0051290630930214,12.493056815355239,2.602175243167958,235.67549999999997,1380.9441544769609,7.230522714124554
13121,2021,1336.0,11,14696.0,GA,2021,1628.584591564948,7.39546656783449,9.595398670306684,13,10,139,1062451.0,-0.0064924620860038,13.832167318775172,2.696798289691314,249.14216666666667,1459.7480400001455,7.286019124467178
13121,2022,404.0,4,15100.0,GA,2022,1819.2518142820236,7.506180604495916,9.62251624577579,13,10,139,1073698.0,0.010585899961504,14.06354487015902,2.712277577818171,271.6895,1495.3221910465834,7.310096975011065
13121,2023,1028.0,8,16128.0,GA,2023,1832.334133406419,7.513345915834125,9.688374172917182,13,10,139,1079105.0,0.0050358666962218,14.945718905945204,2.7691903860524367,278.4124166666667,1469.7074243489851,7.2928186289083605
13127,2022,56.0,1,586.0,GA,2022,1517.396273792143,7.324751167247963,6.375024819828097,13,10,140,85145.0,0.0042341896067747,6.8823771213811735,2.0646295235279,271.6895,1247.213993686882,7.128667537763112
13135,2015,76.0,1,2609.0,GA,2015,1045.162303750265,6.951927466932403,7.867105500316739,13,10,141,888494.0,0.0201013563937881,2.9364295088092884,1.3702740964095983,223.31341666666663,1045.162303750265,6.951927466932403
13135,2018,71.0,1,2680.0,GA,2018,1220.376356084002,7.106914578747924,7.893945138235959,13,10,141,927337.0,0.0099663902520839,2.8899957620584535,1.3584080681846338,231.78858333333335,1175.7542575098144,7.0696651419198675
13135,2020,223.0,1,2903.0,GA,2020,1340.21169725633,7.2005828634940645,7.973844375944687,13,10,141,958359.0,0.0236144192256342,3.0291362631331262,1.3935520262213543,235.67549999999997,1269.9124566233797,7.146703245284117
13135,2021,70.0,1,2973.0,GA,2021,1558.6716765791678,7.351589248148261,7.9976631270201,13,10,141,965338.0,0.0072822397452312,3.079750305074492,1.406035786806646,249.14216666666667,1397.0830478653975,7.242141804780949
13135,2022,480.0,2,3453.0,GA,2022,1728.7886390225558,7.455176233573765,8.147288258706624,13,10,141,976173.0,0.0112240479500445,3.537282838185445,1.512328339092604,271.6895,1420.96657277754,7.259092604088915
13139,2015,76.0,1,770.0,GA,2015,924.2280356555832,6.8289588330286355,6.647688373563329,13,10,142,192245.0,0.016405663469774,4.005305729667872,1.6104984957503061,223.31341666666663,924.2280356555832,6.8289588330286355
13139,2018,70.0,2,840.0,GA,2018,1093.4687691213724,6.997110279234682,6.734591659972948,13,10,142,201538.0,0.012993018451594,4.167948476217885,1.642475796658521,231.78858333333335,1053.4869463334428,6.959860842406626
13139,2019,151.0,2,991.0,GA,2019,1159.2197062723335,7.055502390751843,6.899723107284872,13,10,142,204441.0,0.014404231460072,4.847364276245958,1.7659910086460682,234.2145,1105.2659561000899,7.00784126924552
13139,2020,0.0,2,991.0,GA,2020,1210.2595247865745,7.098590098887223,6.899723107284872,13,10,142,203473.0,-0.0047348623808335,4.870425068682331,1.7699270449631168,235.67549999999997,1146.776773714138,7.044710480677276
13139,2021,420.0,2,1411.0,GA,2021,1409.583210893716,7.251049344564528,7.252762418053187,13,10,142,207080.0,0.017727167732328,6.813791771296118,2.0558903481201596,249.14216666666667,1263.4506920773326,7.141601901197216
13139,2022,81.0,1,1492.0,GA,2022,1572.0755868996202,7.360152055102667,7.30854279753919,13,10,142,212621.0,0.0267577747730345,7.0171808052826385,2.081586839542272,271.6895,1292.1572993023628,7.164068425617817
13139,2023,85.0,1,1577.0,GA,2023,1636.2231455214094,7.400145904879441,7.363913501405819,13,10,142,217267.0,0.0218510871456723,7.258350324715672,2.111224849029055,278.4124166666667,1312.4076340781007,7.179618617953677
13151,2017,0.0,1,452.0,GA,2017,1064.4032270311827,6.970169570883214,6.115892125483034,13,10,143,225182.0,0.0194027958858467,2.007265234343775,1.101031105751281,227.24108333333336,1046.0059327858878,6.952734316488217
13151,2020,0.0,1,452.0,GA,2020,1305.1957846201624,7.174108335032799,6.115892125483034,13,10,143,241852.0,0.0310835987227202,1.8689115657509552,1.05393271245687,235.67549999999997,1236.7332628230736,7.120228716822853
13151,2023,428.0,3,880.0,GA,2023,1736.1139946220276,7.459404558169291,6.78105762593618,13,10,143,254613.0,0.024715058437168,3.456225722959943,1.494302157302503,278.4124166666667,1392.5296597889756,7.238877271243528
13153,2015,0.0,1,354.0,GA,2015,865.230918976502,6.762996429659176,5.872117789475416,13,10,144,149323.0,0.0050344943631162,2.3706997582422,1.215120366204676,223.31341666666663,865.230918976502,6.762996429659176
13153,2016,0.0,1,354.0,GA,2016,887.2933567692515,6.788175656795628,5.872117789475416,13,10,144,151622.0,0.0153961546446295,2.334753531809368,1.2043987731311516,223.80733333333333,885.3352038767443,6.78596633473857
13153,2017,0.0,1,354.0,GA,2017,912.3026063134524,6.81597174020743,5.872117789475416,13,10,144,153202.0,0.0104206513566633,2.3106747953682065,1.1971520342813426,227.24108333333336,896.5342404697004,6.798536485812433
13153,2019,59.0,1,413.0,GA,2019,992.8299210847496,6.900559371515173,6.025865973825314,13,10,144,157863.0,0.0150460060569819,2.6161925213634607,1.2854216826401559,234.2145,946.6204775807323,6.85289825000885
13153,2020,0.0,1,413.0,GA,2020,1060.2239405258017,6.9662354294398625,6.025865973825314,13,10,144,164356.0,0.0411306005840508,2.512837985835625,1.2564242537561032,235.67549999999997,1004.6111309432401,6.912355811229915
13153,2021,207.0,3,620.0,GA,2021,1176.120960575183,7.069976980801047,6.431331081933479,13,10,144,167228.0,0.0174742631847939,3.7075130958930322,1.5491597634662848,249.14216666666667,1054.1916434030343,6.960529537433735
13153,2023,72.0,1,692.0,GA,2023,1435.9367111591916,7.269572675628006,6.541029999189903,13,10,144,171974.0,0.0129524370490354,4.023864072476072,1.6141993731621627,278.4124166666667,1151.75873592583,7.049045388702242
13157,2023,50.0,1,132.0,GA,2023,1992.2900859962297,7.597040053042295,4.890349128221754,13,10,145,88615.0,0.0548274589627302,1.489589798566834,0.9121179573741772,278.4124166666667,1598.0074144021178,7.376512766116531
13179,2015,0.0,1,93.0,GA,2015,919.7649822175882,6.824118183297809,4.543294782270004,13,10,146,61611.0,-0.0386949805744956,1.5094707113989385,0.9200718589544621,223.31341666666663,919.7649822175882,6.824118183297809
13179,2016,0.0,1,93.0,GA,2016,927.7102422514037,6.832719445076241,4.543294782270004,13,10,146,61473.0,-0.0022398597653016,1.5128593040847202,0.9214212697616087,223.80733333333333,925.6628940092309,6.830510123019183
13179,2017,0.0,1,93.0,GA,2017,944.9381623079744,6.85111948864153,4.543294782270004,13,10,146,61619.0,0.0023750264343695,1.509274736688359,0.9199937618631845,227.24108333333336,928.6057189499473,6.833684234246533
13185,2021,76.0,1,1341.0,GA,2021,999.284525769014,6.9070395486773135,7.201916317531627,13,10,147,118916.0,0.004222402378057,11.276867704934576,2.5077168172943107,249.14216666666667,895.6879706764805,6.7975921053100015
13215,2015,0.0,1,1535.0,GA,2015,720.0074964003547,6.57926162362306,7.336936913707618,13,10,148,198702.0,-0.0092788799529325,7.7251361335064574,2.16620807066092,223.31341666666663,720.0074964003547,6.57926162362306
13215,2017,188.0,5,1723.0,GA,2017,735.596873149069,6.600682241972177,7.452402451223638,13,10,148,193836.0,-0.0121445935408904,8.888957675560784,2.2914187483273127,227.24108333333336,722.8827139117016,6.583246987577181
13215,2018,379.0,2,2102.0,GA,2018,751.6651466352396,6.622290941051865,7.6511201757027,13,10,148,194169.0,0.0017179471305639,10.825620979662046,2.4702684471355028,231.78858333333335,724.1811036179146,6.58504150422381
13215,2020,44.0,2,2146.0,GA,2020,856.0975247532577,6.752384300438639,7.671826797878781,13,10,148,207006.0,0.0573992818066191,10.366849270069466,2.430701160307819,235.67549999999997,811.1919281067665,6.698504682228692
13215,2021,64.0,1,2210.0,GA,2021,962.380334640286,6.869409730786161,7.701200180857446,13,10,148,205060.0,-0.0094006936996995,10.777333463376573,2.4661767912565997,249.14216666666667,862.6096639388578,6.7599622874188485
13215,2022,177.0,2,2387.0,GA,2022,1061.3331912659617,6.967281124438707,7.778211474512493,13,10,148,202432.0,-0.0128157612406124,11.791613974075245,2.5487897979402327,271.6895,872.3559105645918,6.7711974949538565
13215,2023,132.0,1,2519.0,GA,2023,1087.1047337949756,6.991273233717055,7.832014180505469,13,10,148,201877.0,-0.0027416613974075,12.477894955839448,2.6010509327437985,278.4124166666667,871.962088777517,6.770745946791291
13217,2021,320.0,2,818.0,GA,2021,1497.3816802679685,7.311473315360831,6.70808408385307,13,10,149,115341.0,0.0217114004783418,7.092014114668678,2.0908776635784068,249.14216666666667,1342.1470301416161,7.202025871993519
13217,2022,180.0,1,998.0,GA,2022,1677.4080382724687,7.4250050466411714,6.906754778648554,13,10,149,117752.0,0.0209032347560711,8.475439907602418,2.2487031781337317,271.6895,1378.7346223198012,7.228921417156321
13223,2021,40.0,1,172.0,GA,2021,1700.369933038446,7.438601114040867,5.153291594497779,13,10,150,173989.0,0.0259995282462555,0.9885682428199484,0.6874149038194787,249.14216666666667,1524.091342803954,7.329153670673555
13245,2015,62.0,1,713.0,GA,2015,770.2463922566894,6.646710453605619,6.570882962339584,13,10,151,201451.0,0.0008147570384575,3.5393222173133916,1.5127777095675325,223.31341666666663,770.2463922566894,6.646710453605619
13245,2017,240.0,2,953.0,GA,2017,821.7107892987239,6.711388495310624,6.860663671448287,13,10,151,201673.0,-0.0013666816869605,4.7254714314757065,1.7449248921593423,227.24108333333336,807.5082250905836,6.6939532409156275
13245,2018,96.0,2,1049.0,GA,2018,857.9909911398954,6.754593599595887,6.956545443151569,13,10,151,201667.0,-2.9751131782607132e-05,5.2016442948028185,1.8248144657285625,231.78858333333335,826.61922751014,6.717344162767831
13245,2019,60.0,1,1109.0,GA,2019,895.8341928669637,6.79775534324675,7.01211529430638,13,10,151,202518.0,0.0042198277358218,5.476056449303272,1.8681117524703066,234.2145,854.1392372203568,6.750094221740427
13245,2020,191.0,1,1300.0,GA,2020,957.838103033387,6.864678768943697,7.170888478512505,13,10,151,206524.0,0.0197809577420278,6.294667932056323,1.987143661001238,235.67549999999997,907.5958230783614,6.810799150733749
13245,2022,416.0,3,1716.0,GA,2022,1182.6307022015235,7.075496644661033,7.448333860897476,13,10,151,206344.0,0.0052125451835107,8.316209824370953,2.2317558747795063,271.6895,972.0556104064431,6.8794130151761825
13245,2023,100.0,1,1816.0,GA,2023,1251.8064635023009,7.132342957843864,7.504942068396171,13,10,151,205414.0,-0.0045070367929282,8.840682718802029,2.2865250906494192,278.4124166666667,1004.0686464957677,6.9118156709181
13247,2020,0.0,1,180.0,GA,2020,1185.329749633339,7.077776284592166,5.198497031265826,13,10,152,93611.0,0.0298693011793698,1.9228509470040915,1.072559491672599,235.67549999999997,1123.1546608250137,7.023896666382218
13255,2021,130.0,1,596.0,GA,2021,1131.2736574502842,7.031099407458703,6.391917113392602,13,10,153,67765.0,0.0043574276355766,8.7951007157087,2.281882333702875,249.14216666666667,1013.9936928790423,6.921651964091391
13285,2021,76.0,1,534.0,GA,2021,924.2424378555902,6.8289744158580215,6.282266746896006,13,10,154,69518.0,0.0026682820590484,7.681463793549872,2.1611901542640575,249.14216666666667,828.42555070978,6.71952697249071
13285,2023,72.0,1,606.0,GA,2023,1134.4970635810987,7.033944715923113,6.408528791059498,13,10,154,70742.0,0.0070465642660897,8.566339656780979,2.2582506512952243,278.4124166666667,909.9752751685668,6.813417428997348
13295,2023,156.0,1,460.0,GA,2023,1226.5011063616828,7.111920765745983,6.133398042996649,13,10,155,69489.0,0.0075980569854274,6.619752766624933,2.030743923847382,278.4124166666667,983.7713270345906,6.891393478820219
13297,2022,47.0,1,380.0,GA,2022,1616.4470834316846,7.38798586135698,5.942799375126701,13,10,156,103064.0,0.0325605626465226,3.687029418613677,1.544798995561297,271.6895,1328.628162155688,7.191902231872129
15001,2021,59.0,1,1418.0,HI,2021,1900.8281185494016,7.550044922066802,7.257707677160043,15,11,157,203875.0,0.0155969792372374,6.955242182709994,2.0738311054130754,249.14216666666667,1703.767882123547,7.44059747869949
15003,2015,200.0,2,5797.0,HI,2015,1934.0402544689475,7.567366489896395,8.6652683094816,15,11,158,991064.0,0.0036965244568134,5.849269068395179,1.9241419412369443,223.31341666666663,1934.0402544689475,7.567366489896395
15003,2016,499.0,6,6296.0,HI,2016,1971.60576966361,7.586603601213434,8.747828608488742,15,11,158,992268.0,0.0012148559527942,6.345060003950545,1.9940279789526547,223.80733333333333,1967.2546658135734,7.584394279156377
15003,2017,199.0,3,6495.0,HI,2017,2011.9065090520585,7.6068380634660935,8.778941881841513,15,11,158,986353.0,-0.0059610911568245,6.584863634013381,2.0261546342622685,227.24108333333336,1977.1324355608567,7.589402809071097
15003,2018,374.0,2,6869.0,HI,2018,2049.3246723768766,7.625265589750254,8.834919385216395,15,11,158,979858.0,-0.0065848636340133,7.010199437061289,2.0807156592798295,231.78858333333335,1974.3927326638282,7.588016152922198
15003,2019,593.0,7,7462.0,HI,2019,2098.2092178134026,7.648839506488289,8.917712757131387,15,11,158,974563.0,-0.0054038442304905,7.656765134732182,2.158341111766519,234.2145,2000.5519270216191,7.601178384981966
15003,2020,675.0,6,8137.0,HI,2020,2111.7803988360797,7.655286661596257,9.004299728561636,15,11,158,1012399.0,0.0388235547624935,8.037344959842908,2.2013654321336267,235.67549999999997,2001.0094223361402,7.601407043386311
15003,2021,142.0,1,8279.0,HI,2021,2256.114907995632,7.721399545716064,9.021598247379305,15,11,158,1004163.0,-0.0081351324922288,8.244677407950702,2.224047970552702,249.14216666666667,2022.2218311650984,7.611952102348752
15003,2022,282.0,2,8561.0,HI,2022,2411.706343884649,7.788089802460335,9.055089086704891,15,11,158,994828.0,-0.0092962995051599,8.605507685750704,2.262336651226658,271.6895,1982.286336606883,7.592006172975484
15009,2020,221.0,3,966.0,HI,2020,2357.295157707214,7.765270121106706,6.874198495453294,15,11,159,164768.0,-0.0158227659078826,5.862788891046805,1.9261139030055936,235.67549999999997,2233.6459910316803,7.711390502896759
15009,2021,83.0,1,1049.0,HI,2021,2790.2504762209355,7.9338866472090235,6.956545443151569,15,11,159,164797.0,0.000176005049524,6.365407137265848,1.9967943283956509,249.14216666666667,2500.9831757397847,7.824439203841711
16001,2015,57.0,1,1720.0,ID,2015,922.57959651399,6.827173655676477,7.450660796211539,16,12,160,432862.0,0.0173713367068495,3.9735527720150996,1.604134428193448,223.31341666666663,922.57959651399,6.827173655676477
16001,2016,127.0,2,1847.0,ID,2016,980.7145847053874,6.888281474017464,7.521859252201629,16,12,160,444486.0,0.026853824082502,4.155361473702209,1.6400372360003208,223.80733333333333,978.5502620649506,6.886072151960406
16001,2017,73.0,2,1920.0,ID,2017,1052.3986323660208,6.958827249627115,7.560601162768557,16,12,160,456548.0,0.0271369626939881,4.205472370922664,1.6497104512483636,227.24108333333336,1034.2088272139022,6.941391995232118
16001,2018,82.0,2,2002.0,ID,2018,1137.424414297972,7.036521699648459,7.602401335665818,16,12,160,468764.0,0.0267573179599953,4.270805778600746,1.662183250030612,231.78858333333335,1095.835388025491,6.999272262820403
16001,2020,26.0,1,2028.0,ID,2020,1306.0127983817856,7.174734109468134,7.615298339825815,16,12,160,498278.0,0.0346583275711345,4.070017139026809,1.6233441980760386,235.67549999999997,1237.5074210812368,7.1208544912581875
16019,2018,39.0,1,565.0,ID,2018,837.8014653018892,6.730781157499098,6.338594078203183,16,12,161,116444.0,0.0170847599748444,4.852117756174642,1.7668036053366014,231.78858333333335,807.1679157547144,6.693531720671042
16019,2020,30.0,1,595.0,ID,2020,974.9559705168936,6.8823923115339625,6.39024066706535,16,12,161,124737.0,0.0476642421595472,4.7700361560723765,1.7526783467174252,235.67549999999997,923.8157927985447,6.828512693324015
16027,2017,67.0,2,1091.0,ID,2017,858.8851251632168,6.755635182148836,6.9957661563048505,16,12,162,216858.0,0.025910559605641,5.030941906685481,1.7969032019710365,227.24108333333336,844.0400345347273,6.738199927753839
16027,2018,66.0,2,1157.0,ID,2018,938.8697431114156,6.844676750854743,7.05444965813294,16,12,162,223236.0,0.0294109509448579,5.182855811786629,1.8217802701988417,231.78858333333335,904.5407117297585,6.807427314026687
16027,2019,26.0,1,1183.0,ID,2019,1018.8131815717364,6.926393681352714,7.076653815443951,16,12,162,229849.0,0.0296233582397105,5.146857284565083,1.8159409405681681,234.2145,971.3943949747836,6.878732559846391
16027,2020,175.0,4,1358.0,ID,2020,1090.9605574732502,6.994813832542747,7.214504414151143,16,12,162,233013.0,0.0137655591279493,5.828001012819027,1.9210319532653741,235.67549999999997,1033.7354945164977,6.9409342143328
16055,2017,74.0,1,1732.0,ID,2017,964.7717425099902,6.871891537100796,7.457609289715606,16,12,163,157320.0,0.0281076206222756,11.009407576913297,2.48569030739093,227.24108333333336,948.0964927777925,6.854456282705799
16055,2018,126.0,1,1858.0,ID,2018,1031.8364970676273,6.939095500415658,7.527793987721444,16,12,163,161209.0,0.024720315280956,11.525411112282812,2.5277594697682075,231.78858333333335,994.1082096790219,6.901846063587602
17019,2020,120.0,1,1235.0,IL,2020,933.6641454989748,6.839116786301643,7.119635638017636,17,13,164,205654.0,-0.019242783360119,6.00523208884826,1.9466573111242416,235.67549999999997,884.6898822768588,6.785237168091696
17019,2021,84.0,1,1319.0,IL,2021,976.3874990833216,6.883859535367735,7.1853870155804165,17,13,164,206605.0,0.0046242718352182,6.384163016383921,1.9993375739319288,249.14216666666667,875.1646954352769,6.774412092000423
17019,2023,64.0,1,1383.0,IL,2023,1128.7137002807203,7.0288339449943384,7.232733136177615,17,13,164,205644.0,-0.0025464546076277,6.725214448269825,2.0444895826923277,278.4124166666667,905.3364640340103,6.808306658068574
17031,2015,273.0,6,41619.0,IL,2015,1457.5476803981358,7.284510631513326,10.636336099947625,17,13,165,5244088.0,-0.0020147773173412,7.936365675022997,2.1901289824854766,223.31341666666663,1457.5476803981358,7.284510631513326
17031,2016,275.0,6,41894.0,IL,2016,1502.1908419448043,7.314679882804627,10.642921767047387,17,13,165,5224272.0,-0.0037787314019139,8.019107734053662,2.1993454083449206,223.80733333333333,1498.8756820601834,7.312470560747569
17031,2017,170.0,2,42064.0,IL,2017,1539.5518073708406,7.339246618874232,10.646971319984914,17,13,165,5200821.0,-0.0044888550978968,8.087953805754898,2.206949778972358,227.24108333333336,1512.9419786078477,7.3218113644792355
17031,2018,304.0,6,42368.0,IL,2018,1574.3987568521482,7.3616287366966535,10.654172241737173,17,13,165,5171960.0,-0.0055493161560453,8.191865366321473,2.218318893607321,231.78858333333335,1516.832108520181,7.324379299868597
17031,2019,628.0,7,42996.0,IL,2019,1618.1137712836678,7.3890164111437056,10.668885624799978,17,13,165,5150233.0,-0.0042009218942141,8.348360161569389,2.2352009441296903,234.2145,1542.801640465219,7.341355289637383
17031,2020,244.0,2,43240.0,IL,2020,1621.5155367142015,7.391116507393853,10.674544398220231,17,13,165,5263608.0,0.0220135671531753,8.214897461969052,2.2208214637640613,235.67549999999997,1536.4608314471895,7.337236889183906
17031,2021,598.0,4,43838.0,IL,2021,1658.5214396676492,7.413681785447145,10.688279111142762,17,13,165,5180919.0,-0.0157095665178713,8.461433193609087,2.2472238719702733,249.14216666666667,1486.581313241241,7.304234342079833
17031,2022,994.0,7,44832.0,IL,2022,1814.7997904029571,7.503730432296611,10.710699754384043,17,13,165,5111566.0,-0.0133862351447686,8.770697668777043,2.2793878727965757,271.6895,1491.6628789880904,7.307646802811761
17031,2023,1023.0,10,45855.0,IL,2023,1928.111542569305,7.564296327526733,10.733261330627899,17,13,165,5087072.0,-0.0047918778706955,9.014026143133025,2.303986724562726,278.4124166666667,1546.5300773603733,7.34376904060097
17037,2018,414.0,1,603.0,IL,2018,934.1623726220332,6.839650269609693,6.403574197934815,17,13,166,104349.0,0.0003834760183685,5.778684989793865,1.9137831288330456,231.78858333333335,900.0054625281701,6.802400832781636
17043,2018,272.0,2,1747.0,IL,2018,1405.475264236028,7.248130790928842,7.466227556215481,17,13,167,927247.0,-0.0032442368572396,1.8840718816022053,1.0592031433847073,231.78858333333335,1354.0851701296767,7.210881354100786
17043,2021,67.0,1,1814.0,IL,2021,1575.818199892385,7.362529908365646,7.503840746698951,17,13,167,926848.0,-0.0047985809343112,1.9571709708603784,1.0842330582250526,249.14216666666667,1412.4519786098756,7.253082464998334
17043,2022,269.0,1,2083.0,IL,2022,1736.3623013679187,7.4595475723903535,7.642044402873258,17,13,167,921664.0,-0.0055931501173871,2.260042705367683,1.1817402950988523,271.6895,1427.191695261194,7.263463942905504
17043,2023,228.0,1,2311.0,IL,2023,1842.328357003277,7.518785462059611,7.7458682297922685,17,13,167,921213.0,-0.000489332338032,2.5086489226704356,1.2552310410600482,278.4124166666667,1477.723748638922,7.298258175133848
17089,2015,48.0,1,1770.0,IL,2015,1242.7079072354388,7.125048073739673,7.479299637782834,17,13,168,528760.0,0.0059643281807371,3.347454421665784,1.4695904833881908,223.31341666666663,1242.7079072354388,7.125048073739673
17089,2019,243.0,4,2013.0,IL,2019,1386.5640103828111,7.2345840308728375,7.607878073278507,17,13,168,532403.0,-0.0005950593182159,3.7809704302943445,1.5646435447878488,234.2145,1322.0289375150599,7.186922909366515
17089,2020,74.0,1,2087.0,IL,2020,1424.0778852622475,7.261279785182855,7.643961949002529,17,13,168,516181.0,-0.0304694000597292,4.0431554047901805,1.6180319585607308,235.67549999999997,1349.3795416042558,7.207400166972907
17093,2018,50.0,1,284.0,IL,2018,1600.9667336033929,7.3783629342695285,5.652489180268651,17,13,169,127717.0,0.0124056693512588,2.2236663874033997,1.170519341437636,231.78858333333335,1542.4286481638478,7.341113497441473
17097,2022,120.0,1,4026.0,IL,2022,1654.304709803407,7.411136084615753,8.300776960851454,17,13,170,709899.0,-0.0037484036656048,5.671229287546539,1.897804143927683,271.6895,1359.7449918158677,7.215052455130902
17097,2023,117.0,2,4143.0,IL,2023,1763.272149664935,7.474926537849704,8.329416783939319,17,13,170,708760.0,-0.0016044535912854,5.845420170438513,1.9235798404121818,278.4124166666667,1414.313100576589,7.254399250923941
17111,2017,60.0,1,255.0,IL,2017,1225.4392413879411,7.111054623108295,5.545177444479562,17,13,171,307815.0,0.0021357017049801,0.8284196676575215,0.603452024176252,227.24108333333336,1204.258578147727,7.0936193687132985
17111,2020,60.0,1,315.0,IL,2020,1350.344062131172,7.208114699798874,5.755742213586912,17,13,171,309882.0,0.0068491815423004,1.0165159641411892,0.7013712520572949,235.67549999999997,1279.5133401225737,7.154235081588927
17119,2015,70.0,1,1164.0,IL,2015,705.1540518592163,6.5584162922172045,7.060476365999801,17,13,172,265996.0,-0.0021383072109721,4.376005654220364,1.6819456549725953,223.31341666666663,705.1540518592163,6.5584162922172045
17119,2017,99.0,1,1263.0,IL,2017,749.1134901384926,6.618890494253164,7.142036574706803,17,13,172,265251.0,-0.0014681468598597,4.761527760498547,1.7512026757365626,227.24108333333336,736.1657078026224,6.601455239858168
17119,2021,37.0,1,1300.0,IL,2021,855.7006060795892,6.751920555708892,7.170888478512505,17,13,172,264867.0,-0.0029212138095112,4.908123699819154,1.7763283021309104,249.14216666666667,766.9895005891701,6.64247311234158
17163,2015,32.0,1,932.0,IL,2015,750.564612388063,6.620825739823554,6.838405200847344,17,13,173,264858.0,-0.0040723318330005,3.5188667134842064,1.5082612353015803,223.31341666666663,750.564612388063,6.620825739823554
17163,2019,72.0,1,1004.0,IL,2019,835.2652722727836,6.727749365742297,6.912742820493176,17,13,173,259686.0,-0.0064049586776859,3.8662076507782475,1.5823149172646906,234.2145,796.3893856881144,6.680088244235974
17167,2020,28.0,1,1191.0,IL,2020,810.7384188471686,6.697945460592241,7.083387847625295,17,13,174,196144.0,0.0075614366729679,6.072069499959214,1.9561531527699736,235.67549999999997,768.2120811696265,6.644065842382293
17197,2019,42.0,1,2387.0,IL,2019,1450.7495287394393,7.279835618231402,7.778211474512493,17,13,175,690743.0,-0.0005874276024416,3.4556991529411083,1.4941839852966166,234.2145,1383.2270589154841,7.232174496725079
17199,2023,56.0,1,340.0,IL,2023,809.1013460623113,6.6959241824662366,5.831882477283517,17,13,176,66706.0,0.0024344794421735,5.096992774263184,1.807795661795107,278.4124166666667,648.9767524811917,6.475396895540473
17201,2022,128.0,1,982.0,IL,2022,911.345864403554,6.814922478781186,6.890609120147166,17,13,177,281542.0,-0.0063211839072752,3.4879343046508158,1.5013925301121034,271.6895,749.0748032036361,6.618838849296336
17201,2023,60.0,1,1042.0,IL,2023,983.0011775073344,6.890610318017593,6.949856455000773,17,13,177,280922.0,-0.0022021581149526,3.7092146574493987,1.549521154730736,278.4124166666667,788.461068528203,6.670083031091829
18003,2016,192.0,1,3085.0,IN,2016,670.4485081136835,6.507946903521719,8.034631032923107,18,14,178,369412.0,0.0055803267621583,8.351109330503611,2.2354949812364855,223.80733333333333,668.9689064966713,6.505737581464661
18003,2018,250.0,2,3335.0,IN,2018,724.4401104496842,6.585399095058479,8.112527763478637,18,14,178,375079.0,0.0090282280084901,8.891460199051402,2.291671778725339,231.78858333333335,697.951529399728,6.5481496582304235
18003,2019,163.0,2,3498.0,IN,2019,755.2805063295312,6.627089211810557,8.160232492367689,18,14,178,379299.0,0.0112509631304338,9.222275829886184,2.3245692439270664,234.2145,720.1273636353751,6.579428090304234
18003,2020,566.0,5,4064.0,IN,2020,790.2329549276773,6.672327781647894,8.310169021981912,18,14,178,386103.0,0.0179383547016998,10.525688741087222,2.4445783477120613,235.67549999999997,748.782207431386,6.6184481634379475
18003,2021,50.0,1,4114.0,IN,2021,879.1683224771264,6.778976372500743,8.32239411311117,18,14,178,389163.0,0.0079253463454052,10.571405811960542,2.4485370387475838,249.14216666666667,788.0243017238571,6.669528929133431
18005,2018,209.0,1,638.0,IN,2018,920.5702184441112,6.824993280701392,6.459904454377535,18,14,179,82722.0,0.0061912349628403,7.712579483087933,2.1647678989245622,231.78858333333335,886.910294743453,6.7877438438733355
18005,2020,96.0,2,734.0,IN,2020,965.5587668381114,6.872706966756929,6.5998704992128365,18,14,179,82218.0,-0.0186323541698993,8.927485465469848,2.2953072199546933,235.67549999999997,914.9115084727604,6.818827348546981
18005,2021,114.0,1,848.0,IN,2021,1026.441789002,6.9338535266211085,6.744059186311348,18,14,179,82729.0,0.0062151840229633,10.250335432556902,2.4203979444332147,249.14216666666667,920.0298206371422,6.8244060832537965
18011,2022,126.0,1,395.0,IN,2022,1652.637754018407,7.410127929230876,5.981414211254481,18,14,180,74309.0,0.0168171866447728,5.315641443163008,1.8430293251750705,271.6895,1358.3748483551133,7.214044299746027
18011,2023,264.0,1,659.0,IN,2023,1722.8254968463425,7.451720952725853,6.492239835020471,18,14,180,76120.0,0.0243712067178942,8.657383079348397,2.2677227087646807,278.4124166666667,1381.8710121748193,7.231193665800089
18019,2022,130.0,1,495.0,IN,2022,1154.352354694549,7.0512947338207965,6.206575926724928,18,14,181,124222.0,0.0107978355506732,3.984801403938111,1.6063935638916549,271.6895,948.8124066776652,6.855211104335946
18035,2017,64.0,1,679.0,IN,2017,570.1551405578464,6.345908500212588,6.522092798170152,18,14,182,115246.0,-0.0035536111087093,5.891744615865193,1.930324262823174,227.24108333333336,560.3004993655543,6.328473245817592
18035,2018,191.0,2,870.0,IN,2018,591.6589378782413,6.382930350415087,6.769641976852503,18,14,182,114297.0,-0.0082345591170192,7.611748339851439,2.153127357042102,231.78858333333335,570.0253956380269,6.345680913587032
18035,2023,60.0,1,930.0,IN,2023,840.6656116402102,6.734193972868113,6.836259277277067,18,14,182,112321.0,0.0014086641762434,8.279840813383071,2.22784439292071,278.4124166666667,674.2943158110407,6.513666685942349
18039,2022,664.0,5,2227.0,IN,2022,948.8149828498694,6.855213819486685,7.708859601047175,18,14,183,206873.0,-0.0008741680914157,10.76505875585504,2.4651340162896807,271.6895,779.8723013025126,6.659130190001835
18043,2022,240.0,1,612.0,IN,2022,1022.6608598036022,6.93016319564477,6.418364935936212,18,14,184,80621.0,0.0003226006576091,7.591074285856043,2.150723790557895,271.6895,840.5694393563731,6.734079566159919
18043,2023,55.0,1,667.0,IN,2023,1090.2820198611564,6.9941916755749425,6.504288173536645,18,14,184,80809.0,0.0023318986368316,8.25403111039612,2.2250592523114587,278.4124166666667,874.5105764335677,6.773664388649179
18057,2015,227.0,1,1453.0,IN,2015,1125.1025482316052,7.025629464467897,7.282073658093465,18,14,185,308428.0,0.0186807234486676,4.71098603239654,1.7423916939428308,223.31341666666663,1125.1025482316052,7.025629464467897
18057,2019,31.0,1,1484.0,IN,2019,1243.1307964694272,7.125388312418424,7.3031700512368,18,14,185,338011.0,0.023311364138645,4.390389661874909,1.6846176757911435,234.2145,1185.2715588622495,7.077727190912101
18057,2020,123.0,1,1607.0,IN,2020,1288.5833153368212,7.161298688721308,7.382746449738912,18,14,185,348996.0,0.0324989423421131,4.604637302433266,1.7235943447842026,235.67549999999997,1220.9921812302352,7.1074190705113605
18057,2023,40.0,1,1647.0,IN,2023,1648.3414041786723,7.4075248517439585,7.4073177104694174,18,14,185,371645.0,0.016915529068606,4.431648481750058,1.6922426756716669,278.4124166666667,1322.1276378667385,7.186997564818195
18059,2019,54.0,1,452.0,IN,2019,1211.8519197720384,7.099904980758962,6.115892125483034,18,14,186,78168.0,0.022097858207589,5.782417357486439,1.9143335808082957,234.2145,1155.448499979092,7.052243859252639
18059,2023,90.0,2,542.0,IN,2023,1568.5008939555091,7.357875597573515,6.297109319933935,18,14,186,86166.0,0.0366832296642083,6.290184063319638,1.9865287944425138,278.4124166666667,1258.087903792338,7.137348310647751
18063,2018,64.0,1,990.0,IN,2018,1166.6190291214104,7.061865125794091,6.898714534329988,18,14,187,166908.0,0.0200828739411571,5.931411316413833,1.936063445629491,231.78858333333335,1123.962524792679,7.024615688966035
18067,2017,69.0,1,406.0,IN,2017,598.7425830026672,6.39483176117895,6.008813185442595,18,14,188,82210.0,-0.0011421073094868,4.938571949884442,1.7814686919934746,227.24108333333336,588.3938324568693,6.3773965067839535
18067,2018,119.0,1,525.0,IN,2018,609.280235454216,6.412278318609523,6.26530121273771,18,14,188,82257.0,0.0005717066050359,6.382435537401072,1.9991036027862465,231.78858333333335,587.0023843714711,6.375028881781467
18067,2020,96.0,2,621.0,IN,2020,662.0918256355382,6.495404255736988,6.432940092739179,18,14,188,83589.0,0.0126599147121535,7.429207192333919,2.1317027216046767,235.67549999999997,627.3625715432573,6.441524637527041
18067,2021,35.0,1,656.0,IN,2021,703.2581510361206,6.5557240378269634,6.48768401848461,18,14,188,83650.0,0.0007297610929668,7.842199641362821,2.179535673905412,249.14216666666667,630.3508659643139,6.446276594459651
18067,2023,670.0,2,1326.0,IN,2023,851.8970747416049,6.747465715237999,7.190676034332207,18,14,188,83831.0,0.0034112943767505,15.817537665064236,2.8224222505502716,278.4124166666667,683.3030246515698,6.526938428312235
18081,2019,274.0,1,1012.0,IN,2019,1104.4069867668125,7.007063806336977,6.920671504248683,18,14,189,158167.0,0.0132869507280914,6.398300530451991,2.0012503157876482,234.2145,1053.0043938587703,6.959402684830654
18081,2020,24.0,1,1036.0,IN,2020,1166.5679327229914,7.061821326133573,6.9440872082295275,18,14,189,162237.0,0.0257322956116003,6.385719657044941,1.9995483597182755,235.67549999999997,1105.376973126784,7.007941707923625
18089,2015,352.0,3,2939.0,IN,2015,792.4276026214618,6.675101148419443,7.986164860332727,18,14,190,487908.0,-0.0063519928639361,6.023676594767866,1.9492868123866856,223.31341666666663,792.4276026214618,6.675101148419443
18089,2016,388.0,2,3327.0,IN,2016,816.5800941181823,6.705125002049277,8.1101268019411,18,14,190,486092.0,-0.0037220131664166,6.844383367757544,2.0597977811527497,223.80733333333333,814.777997144208,6.702915679992219
18089,2017,1073.0,8,4400.0,IN,2017,838.9562963853059,6.732158614985684,8.38958706681109,18,14,190,484601.0,-0.003067320589518,9.07963458597898,2.310517010595151,227.24108333333336,824.4556584206945,6.714723360590687
18089,2018,71.0,1,4471.0,IN,2018,872.3033647111847,6.771137258718429,8.405591014834934,18,14,190,484440.0,-0.0003322320837142,9.2292131120469,2.325247657361558,231.78858333333335,840.4082804343643,6.733887821890373
18089,2021,109.0,2,4580.0,IN,2021,1064.173228652322,6.969953465533423,8.429672593886743,18,14,190,499257.0,0.0006012542162951,9.173632017177527,2.319799276803816,249.14216666666667,953.8496144392038,6.860506022166111
18089,2022,76.0,2,4656.0,IN,2022,1153.477706419446,7.050536750525824,8.446126742982377,18,14,190,499657.0,0.0008011905691858,9.318392417198197,2.333927974392154,271.6895,948.0934952191993,6.854453121040974
18089,2023,284.0,2,4940.0,IN,2023,1220.6106324986906,7.1071065309512775,8.50532301884575,18,14,190,500598.0,0.0018832919382696,9.868197635627789,2.385840876495165,278.4124166666667,979.046602972785,6.886579244025514
18095,2017,26.0,1,767.0,IN,2017,601.0961563288761,6.3987549156291905,6.643789733147672,18,14,191,129418.0,0.0006881673870515,5.92653263070052,1.9353593460987837,227.24108333333336,590.7067262925332,6.381319661234194
18095,2018,120.0,1,887.0,IN,2018,629.057202439141,6.444222194440107,6.78897174299217,18,14,191,129573.0,0.0011976695668298,6.845561961211056,2.059948016661034,231.78858333333335,606.0562221627663,6.406972757612051
18095,2019,90.0,2,977.0,IN,2019,659.9396657695335,6.492148415341113,6.885509670034818,18,14,191,129569.0,-3.08706289119387e-05,7.5403838881213865,2.144805958560832,234.2145,629.2239872290253,6.44448729383479
18095,2022,130.0,1,1107.0,IN,2022,868.3421879884019,6.766585862766869,7.010311867307229,18,14,191,131383.0,0.0041424324179728,8.42574762336071,2.243445053621634,271.6895,713.7282111951287,6.570502233282018
18095,2023,214.0,1,1321.0,IN,2023,936.2486134475556,6.84188105386644,7.186901020411631,18,14,191,132504.0,0.0085323063105577,9.969510354404395,2.395119638323275,278.4124166666667,750.9610355084242,6.621353766940676
18097,2015,597.0,8,11642.0,IN,2015,773.1957835301596,6.650532294047397,9.362460420037015,18,14,192,939843.0,0.0041755036407442,12.387175304811548,2.5942971818708958,223.31341666666663,773.1957835301596,6.650532294047397
18097,2016,310.0,6,11952.0,IN,2016,795.3470861472788,6.67877860572702,9.38873757187798,18,14,192,945685.0,0.0062159318098873,12.638457837440587,2.6128935842521344,223.80733333333333,793.5918479440343,6.676569283669963
18097,2017,829.0,5,12781.0,IN,2017,825.2727208762412,6.715713902467286,9.455793210210228,18,14,192,950537.0,0.0051306724755071,13.446083634829575,2.6704233490919997,227.24108333333336,811.0085917445372,6.698278648072289
18097,2018,231.0,2,13012.0,IN,2018,861.6698631415106,6.7588722079095245,9.473704136776757,18,14,192,958700.0,0.0085877772248739,13.57254615625326,2.679139358285666,231.78858333333335,830.1635844596735,6.721622771081468
18097,2019,896.0,11,13908.0,IN,2019,899.8862652404305,6.802268383383625,9.54029139160713,18,14,192,964582.0,0.0061353916762281,14.418680837917357,2.735579815702485,234.2145,858.0027133343441,6.754607261877302
18097,2020,410.0,7,14318.0,IN,2020,958.556769871033,6.865428788557605,9.569342605674006,18,14,192,976659.0,0.0125204492723272,14.66018333932314,2.751121397986024,235.67549999999997,908.2767930856797,6.811549170347657
18097,2021,251.0,5,14569.0,IN,2021,1045.47512903145,6.95222672999793,9.58671989918925,18,14,192,971543.0,-0.0052382663754698,14.995733590793202,2.7723220361067704,249.14216666666667,937.0899604337171,6.842779286630618
18097,2022,1079.0,9,15648.0,IN,2022,1163.551610544748,7.0592323397686565,9.658162296163171,18,14,192,969223.0,-0.0023879540071823,16.144891320160582,2.8417002470298516,271.6895,956.3736751650332,6.863148710283806
18097,2023,213.0,5,15861.0,IN,2023,1231.009804952314,7.115590091183044,9.671681590643265,18,14,192,968460.0,-0.0007872285325462,16.37754785948826,2.8551790200953584,278.4124166666667,987.3877350204439,6.895062804257281
18105,2017,36.0,1,1033.0,IN,2017,950.3384041611988,6.856818136071644,6.9411900550683745,18,14,193,146638.0,0.0060443066199222,7.044558709202254,2.0849959261371733,227.24108333333336,933.9126222676935,6.839382881676648
18105,2018,115.0,1,1148.0,IN,2018,987.9212250567524,6.8956029628451905,7.046647277848756,18,14,193,147230.0,0.0040371527162126,7.797323914962983,2.174447574663817,231.78858333333335,951.7986649397483,6.858353526017134
18105,2019,36.0,1,1184.0,IN,2019,1042.4742563284888,6.949352259198736,7.077498053569231,18,14,193,148431.0,0.0081573048970997,7.976770351206959,2.19464016853878,234.2145,993.9542085044147,6.901691137692413
18105,2020,385.0,3,1569.0,IN,2020,1083.5151800645947,6.987965831090173,7.358830898342354,18,14,193,139585.0,-0.0595967149719398,11.240462800444174,2.5047470868631865,235.67549999999997,1026.6806556915046,6.934086212880225
18105,2021,116.0,1,1685.0,IN,2021,1158.257085540528,7.054671641731556,7.430114138561801,18,14,193,140176.0,0.0042339792957695,12.020602670927977,2.566532923798869,249.14216666666667,1038.1797293129057,6.945224198364245
18105,2022,251.0,2,1936.0,IN,2022,1291.4689235758876,7.16353554997453,7.5688956634069955,18,14,193,139621.0,-0.0039593082981395,13.866108966416228,2.6990840561845,271.6895,1061.5144782649077,6.96745192048968
18105,2023,206.0,1,2142.0,IN,2023,1358.3496387035154,7.214025740888315,7.669961995473577,18,14,193,139342.0,-0.0019982667363791,15.372249572993066,2.795587802405557,278.4124166666667,1089.5264747117571,6.993498453962551
18127,2018,23.0,1,792.0,IN,2018,910.8354400350962,6.8143622443187155,6.675823221634848,18,14,194,169488.0,0.0058933499510371,4.672897196261682,1.7356999565975921,231.78858333333335,877.5314608261511,6.77711280749066
18127,2022,288.0,3,1080.0,IN,2022,1193.319578355543,7.084494264142504,6.985641817639208,18,14,194,174848.0,0.0017015084416589,6.17679355783309,1.9708527036247412,271.6895,980.8412626097154,6.888410634657654
18141,2016,72.0,2,1205.0,IN,2016,724.4012539199547,6.585345456985058,7.095064377287131,18,14,195,269862.0,0.0055932121284389,4.465245199398211,1.698408987849484,223.80733333333333,722.8025848891574,6.583136134928001
18141,2017,32.0,1,1237.0,IN,2017,759.6038893692468,6.6327970992110235,7.121252453244542,18,14,195,270057.0,0.0007225915467905,4.580514483979308,1.7192809735729124,227.24108333333336,746.4747895058667,6.615361844816027
18141,2019,366.0,3,1603.0,IN,2019,837.2653790849317,6.730141080075255,7.38025578842646,18,14,195,271826.0,0.0031516171412544,5.897154797554317,1.9311089783837911,234.2145,798.2964012055954,6.682479958568932
18141,2020,136.0,1,1739.0,IN,2020,892.3979927205881,6.793912213251263,7.461640392208575,18,14,195,272682.0,0.003149073304246,6.377391980402081,1.9984201859659332,235.67549999999997,845.5882973873385,6.740032595041315
18141,2021,179.0,1,1918.0,IN,2021,1019.4989474270895,6.927066557573653,7.5595594960077,18,14,195,272286.0,-0.0014522410720179,7.044063962157438,2.0849344234150227,249.14216666666667,913.8067485084367,6.817619114206341
18141,2023,167.0,1,2085.0,IN,2023,1228.6617385015927,7.113680838567391,7.643003635560718,18,14,195,272848.0,0.0020787272019451,7.6416173107371135,2.1565897540410592,278.4124166666667,985.5043608952923,6.893153551641627
18157,2016,324.0,2,734.0,IN,2016,817.2036801091214,6.705888366248454,6.5998704992128365,18,14,196,190292.0,0.0191138745628551,3.8572299413532884,1.5804683045022714,223.80733333333333,815.4002069536367,6.703679044191396
18157,2018,133.0,1,867.0,IN,2018,877.9394270364891,6.777577601547346,6.7661917146603505,18,14,196,193817.0,0.013692540232951,4.4732918165073245,1.6998802300364158,231.78858333333335,845.8382645876391,6.74032816471929
18157,2019,40.0,1,907.0,IN,2019,919.4245061590552,6.823747937529689,6.811244378601294,18,14,196,195732.0,0.0098804542429198,4.6338871518198355,1.7287996394026464,234.2145,876.6315827476151,6.776086816023366
18157,2020,412.0,4,1319.0,IN,2020,956.0894662039432,6.86285149256804,7.1853870155804165,18,14,196,186387.0,-0.0477438538409662,7.07667380235746,2.0889801296544612,235.67549999999997,905.9389089532517,6.808971874358092
18157,2021,174.0,1,1493.0,IN,2021,1012.1009150980022,6.919783563352141,7.309212365692763,18,14,196,187423.0,0.0055583275657637,7.965938011876877,2.1934327320217366,249.14216666666667,907.1756755827954,6.810336119984829
18163,2015,161.0,1,1273.0,IN,2015,553.195123019587,6.315710783807395,7.149916836132109,18,14,197,181504.0,-0.0023634944540328,7.013619534555713,2.0811425359878624,223.31341666666663,553.195123019587,6.315710783807395
18163,2016,80.0,1,1353.0,IN,2016,571.4713662240594,6.348214379134635,7.21081845347222,18,14,197,181427.0,-0.0004242330747531,7.457544907869281,2.135058931486508,223.80733333333333,570.2101956087048,6.346005057077578
18163,2017,559.0,3,1912.0,IN,2017,588.010656049107,6.376745070266911,7.556427969440253,18,14,197,180954.0,-0.0026071091954339,10.566221249599346,2.4480888888630536,227.24108333333336,577.8473976297604,6.359309815871914
18163,2018,238.0,4,2150.0,IN,2018,615.4012273523817,6.422274457283713,7.67368812926773,18,14,197,181120.0,0.0009173602130927,11.870583038869258,2.5549443227473665,231.78858333333335,592.8995670303884,6.3850250204556565
18163,2019,694.0,3,2844.0,IN,2019,639.5273360843455,6.460729366132435,7.953318346560431,18,14,197,181451.0,0.0018275176678446,15.673652942116604,2.8138298054570954,234.2145,609.7617119039461,6.413068244626112
18163,2021,170.0,3,3014.0,IN,2021,727.9194759924753,6.590190432178514,8.011355109161286,18,14,197,180165.0,-0.0009482299707213,16.729109427469265,2.875207889127398,249.14216666666667,652.4555333885911,6.480742988811202
18163,2022,173.0,4,3187.0,IN,2022,785.8843430181096,6.6668096353147375,8.067149039910106,18,14,197,179563.0,-0.0033413815113922,17.748645322254585,2.931121500326545,271.6895,645.9525220673329,6.470726005829887
18167,2021,64.0,1,681.0,IN,2021,741.7874675119953,6.609062770213387,6.525029657843462,18,14,198,106116.0,-0.0001319136907566,6.417505371480267,2.0038427973457416,249.14216666666667,664.8858201199085,6.499615326846075
18167,2022,40.0,1,721.0,IN,2022,820.3334419234648,6.7097108940961165,6.582025138892826,18,14,198,106082.0,-0.0003204040860944,6.796629022831395,2.0536914637202632,271.6895,674.2677347555037,6.513627264611267
19013,2020,127.0,2,1009.0,IA,2020,852.8961112254115,6.748637747841591,6.917705609835305,19,15,199,131044.0,-0.0014021397872405,7.699703916241873,2.1632889924655387,235.67549999999997,808.1584409896658,6.694758129631643
19049,2017,66.0,2,838.0,IA,2017,1194.222203771256,7.085250376948967,6.732210706467206,19,15,200,87208.0,0.0351343652074827,9.609210164205118,2.361722507272918,227.24108333333336,1173.5811001752777,7.067815122553971
19049,2019,180.0,1,1018.0,IA,2019,1224.4085207363669,7.110213166158744,6.926577033222725,19,15,200,93453.0,0.0389092081420296,10.893176249023574,2.4759648111950048,234.2145,1167.4206770350138,7.0625520446524215
19049,2023,44.0,1,1062.0,IA,2023,1458.218145488933,7.284970521053605,6.968850378341948,19,15,200,111092.0,0.0272409520463077,9.559644258812515,2.357039590098224,278.4124166666667,1169.6305797465234,7.0644432341278405
19061,2022,84.0,2,778.0,IA,2022,876.3173810061295,6.775728332403651,6.658011045870748,19,15,201,98715.0,-0.0014061140672102,7.881274375728106,2.183945057487584,271.6895,720.28336920221,6.5796447029188005
19103,2017,284.0,2,752.0,IA,2017,983.8673611613394,6.89149109239877,6.6240652277998935,19,15,202,149325.0,0.016314113034956,5.035995312238406,1.7977407642715046,227.24108333333336,966.8620600856253,6.874055838003773
19103,2018,50.0,1,802.0,IA,2018,999.055397167532,6.906810229731266,6.688354713946762,19,15,202,150549.0,0.0081968859869412,5.3271692272947675,1.8448529366530766,231.78858333333335,962.5257248322418,6.86956079290321
19103,2020,61.0,2,863.0,IA,2020,1023.4145043892588,6.930899869017538,6.761572768804055,19,15,202,153056.0,0.0126769882228396,5.638459126071504,1.8928798772318298,235.67549999999997,969.7324908248363,6.8770202508075915
19103,2022,44.0,1,907.0,IA,2022,1116.924546357752,7.018334246525942,6.811244378601294,19,15,202,156915.0,0.0121262940626309,5.780199471051207,1.914006522028557,271.6895,918.0488631545063,6.822250617041092
19113,2015,54.0,1,1540.0,IA,2015,745.5105940848943,6.614069344814612,7.340186835320115,19,15,203,220271.0,0.0098198772286124,6.991387881291682,2.0783644469830094,223.31341666666663,745.5105940848943,6.614069344814612
19113,2016,137.0,2,1677.0,IA,2016,759.051784009355,6.632070001694591,7.425357887027151,19,15,203,222188.0,0.0087029159535299,7.54766234000036,2.1456578350389233,223.80733333333333,757.3766453023183,6.629860679637533
19113,2017,57.0,1,1734.0,IA,2017,771.7669832848346,6.648682669340116,7.45876269238096,19,15,203,224379.0,0.0098610185968639,7.727995935448504,2.16653578283961,227.24108333333336,758.427654805066,6.631247414945119
19113,2019,123.0,3,1857.0,IA,2019,814.2782725111539,6.702302165704177,7.527255919373784,19,15,203,226706.0,0.0041769466210139,8.191225640256544,2.2182492942058976,234.2145,776.3791872488545,6.654641044197854
19113,2020,191.0,2,2048.0,IA,2020,843.3440902457327,6.737375048204203,7.6251071482389,19,15,203,230419.0,0.0163780402812452,8.88815592464163,2.291337669668839,235.67549999999997,799.1074601238408,6.683495429994256
19113,2021,43.0,1,2091.0,IA,2021,879.7446858294667,6.779631735637235,7.645875825184813,19,15,203,229445.0,-0.0042270819680668,9.113295125193401,2.3138509072484426,249.14216666666667,788.5409130673909,6.670184292269923
19113,2023,180.0,1,2271.0,IA,2023,981.7168187429684,6.889302894815109,7.7284157798410416,19,15,203,228972.0,0.0001397746134357,9.91824327865416,2.3904350854573666,278.4124166666667,787.430889819472,6.668775607889344
19153,2015,226.0,3,5305.0,IA,2015,870.3961059005904,6.768948402172311,8.576593534697684,19,15,204,467304.0,0.0138989537815308,11.352353072090118,2.5138465770780867,223.31341666666663,870.3961059005904,6.768948402172311
19153,2016,55.0,1,5360.0,IA,2016,888.4592699422509,6.789488805173391,8.586905803827538,19,15,204,474277.0,0.0149217639908925,11.301412465710966,2.5097140903960304,223.80733333333333,886.4985440154313,6.7872794831163334
19153,2017,123.0,3,5483.0,IA,2017,913.5930988426984,6.817385285067062,8.609590040682205,19,15,204,480487.0,0.0130936140694151,11.411338912395133,2.5186104831949874,227.24108333333336,897.8024279455803,6.799950030672066
19153,2018,255.0,4,5738.0,IA,2018,930.622667450274,6.835853897001578,8.655040258108363,19,15,204,485833.0,0.0111262115312171,11.810642751727446,2.55027629042876,231.78858333333335,896.5951838831626,6.7986044601735225
19153,2019,70.0,2,5808.0,IA,2019,950.7017858684392,6.857200433840594,8.667163717992533,19,15,204,490161.0,0.0089084109148616,11.849167926456817,2.5532790564397585,234.2145,906.4531189716386,6.809539312334271
19153,2020,173.0,3,5981.0,IA,2020,972.587382184292,6.879959924601851,8.696510239189893,19,15,204,493022.0,0.0058368576855358,12.131304485398218,2.5749990348951473,235.67549999999997,921.5714460029294,6.826080306391903
19153,2021,38.0,1,6019.0,IA,2021,1011.1553658242084,6.918848882608482,8.702842538302868,19,15,204,497842.0,0.0097764399965925,12.09018122215482,2.571862424146437,249.14216666666667,906.3281520913581,6.809401439241171
19153,2022,119.0,3,6138.0,IA,2022,1079.9218936351106,6.984643996794766,8.722417141427496,19,15,204,501184.0,0.0067129731922979,12.246999106116716,2.5837710442239548,271.6895,887.6347735219545,6.788560367309915
19153,2023,45.0,1,6183.0,IA,2023,1119.3178904830322,7.020474752402821,8.729720590267258,19,15,204,505255.0,0.008122765291789,12.237385082779982,2.583045029702306,278.4124166666667,897.8001249102276,6.799947465477057
19155,2023,58.0,1,1264.0,IA,2023,1069.1238550829005,6.974594765008662,7.142827401161621,19,15,205,93179.0,0.0012249503035512,13.565288316036876,2.678641185343309,278.4124166666667,857.5397023482872,6.754067478082899
19163,2017,141.0,2,1747.0,IA,2017,751.8332757014063,6.622514591525148,7.466227556215481,19,15,206,172448.0,0.0018183402561942,10.13059009092596,2.409697181934693,227.24108333333336,738.8384842114726,6.605079337130151
19163,2022,85.0,2,1832.0,IA,2022,910.5790336318308,6.814080697851763,7.513709247839705,19,15,206,173751.0,-0.0027206198880758,10.543824208205995,2.446150593376239,271.6895,748.4445116405149,6.617997068366912
20045,2017,78.0,2,290.0,KS,2017,891.3035534329389,6.792685057926591,5.673323267171493,20,16,207,120281.0,0.0051729036786949,2.4110208594873668,1.2270116187761702,227.24108333333336,875.8981381561377,6.775249803531595
20045,2020,42.0,1,332.0,KS,2020,984.958012763052,6.892599013627053,5.808142489980444,20,16,207,118784.0,-0.0284232653628772,2.794989224137931,1.3336815713542156,235.67549999999997,933.2931895904641,6.8387193954171055
20045,2021,71.0,2,403.0,KS,2021,1036.17182245857,6.943288260861527,6.0014148779611505,20,16,207,119493.0,0.0059688173491379,3.3725824943720553,1.4753537943700528,249.14216666666667,928.7511344337535,6.833840817494215
20079,2023,32.0,1,200.0,KS,2023,722.2284630404943,6.582341519643167,5.303304908059076,20,16,208,33504.0,-0.0049597576549552,5.969436485195797,1.9415343728950831,278.4124166666667,579.2963820596655,6.3618142327174025
20091,2016,70.0,2,1213.0,KS,2016,1070.9204347812515,6.9762737771009995,7.101675971619444,20,16,209,586015.0,0.0109214675581867,2.06991288618892,1.121649185362276,223.80733333333333,1068.5570383565928,6.974064455043942
20091,2017,45.0,1,1258.0,KS,2017,1111.2376495584724,7.0132296727582295,7.138073034044347,20,16,209,591305.0,0.0090270726858527,2.1274976534952352,1.140233213077348,227.24108333333336,1092.030862603872,6.995794418363233
20091,2019,155.0,2,1413.0,KS,2019,1184.320348027625,7.076924343060576,7.254177846456518,20,16,209,602401.0,0.0071456396384046,2.3456136360995417,1.207650125514731,234.2145,1129.1983346287468,7.029263221554253
20091,2020,40.0,1,1453.0,KS,2020,1226.3867294828788,7.111827506790383,7.282073658093465,20,16,209,611149.0,0.0145218882438773,2.377488959320886,1.2171325219559446,235.67549999999997,1162.0580447075777,7.057947888580436
20091,2023,74.0,2,1527.0,KS,2023,1524.5772842797176,7.329472459980836,7.331714969726466,20,16,209,622237.0,0.0050816438940317,2.454048859196737,1.239547125309654,278.4124166666667,1222.8569630660927,7.108945173055072
20103,2019,40.0,1,458.0,KS,2019,867.8421328104741,6.766009823476841,6.129050210060545,20,16,210,81758.0,0.0032025718738113,5.601898285183101,1.8873572266451106,234.2145,827.4500161398805,6.718348701970518
20103,2020,32.0,1,490.0,KS,2020,891.4918030010444,6.79289624264628,6.19644412779452,20,16,210,81966.0,0.0025440935443625,5.978088475709441,1.9427750219202924,235.67549999999997,844.7296407920644,6.739016624436332
20103,2021,28.0,1,518.0,KS,2021,947.800928667129,6.854144489346396,6.251903883165888,20,16,210,82398.0,0.0052704780030743,6.286560353406636,1.9860316038649672,249.14216666666667,849.5417156088103,6.744697045979084
20155,2017,96.0,1,470.0,KS,2017,556.1028205072583,6.320953206123217,6.154858094016418,20,16,211,62714.0,-0.0074385920486198,7.494339381956182,2.13939998658572,227.24108333333336,546.4910615801025,6.303517951728221
20155,2019,29.0,2,499.0,KS,2019,579.0355558497868,6.361363884754525,6.214608098422191,20,16,211,61998.0,-0.0053424459739134,8.048646730539694,2.20261521399368,234.2145,552.0854103750978,6.313702763248202
20155,2021,48.0,1,547.0,KS,2021,620.2904334590477,6.430187809417855,6.306275286948016,20,16,211,61499.0,-0.0061249555577103,8.894453568350706,2.291974354523185,249.14216666666667,555.9844721376118,6.3207403660505435
20155,2022,24.0,1,571.0,KS,2022,678.9563665824354,6.5205568642014144,6.349138991379798,20,16,211,61552.0,0.000861802630937,9.276709123992722,2.3298800846511316,271.6895,558.0637676064383,6.324473234716564
20161,2015,48.0,1,322.0,KS,2015,834.247026054999,6.726529552812422,5.777652323222656,20,16,212,77185.0,0.0092312922501602,4.171795037895964,1.6432198309472401,223.31341666666663,834.247026054999,6.726529552812422
20161,2016,42.0,1,364.0,KS,2016,829.0139559801705,6.720236989710324,5.8998973535824915,20,16,212,75172.0,-0.0260801969294551,4.842228489331134,1.7651123146918368,223.80733333333333,827.184418924081,6.718027667653267
20161,2021,36.0,1,400.0,KS,2021,864.1993787027818,6.761803504569991,5.993961427306569,20,16,212,71871.0,-0.0020134414574538,5.565527124987826,1.8818327977512068,249.14216666666667,774.607199260377,6.652356061202679
20173,2015,87.0,3,2663.0,KS,2015,772.8537190922797,6.650089792765412,7.88758403166028,20,16,213,511083.0,0.0041554675343047,5.2105039690226445,1.8262420470845324,223.31341666666663,772.8537190922797,6.650089792765412
20173,2016,28.0,1,2691.0,KS,2016,780.9325229076507,6.660488747781464,7.898039690764619,20,16,213,513092.0,0.0039308683716734,5.244673469865053,1.8317288555596343,223.80733333333333,779.2090959633168,6.658279425724406
20173,2017,75.0,2,2766.0,KS,2017,794.7660596946602,6.67804780681501,7.925518979786926,20,16,213,513176.0,0.000163713330163,5.389963677178979,1.8547285840507493,227.24108333333336,781.0292119615333,6.660612552420013
20173,2018,175.0,4,2941.0,KS,2018,809.1020076644354,6.695925000165845,7.9868449011613825,20,16,213,513484.0,0.000600183952484,5.727539709124335,1.9062095061097666,231.78858333333335,779.5178311416886,6.658675563337789
20173,2019,86.0,2,3027.0,KS,2019,831.1706823225413,6.722835167654952,8.01565761455734,20,16,213,516042.0,0.0049816547351038,5.865801620798307,1.9265528016379425,234.2145,792.4853708998003,6.67517404614863
20173,2020,235.0,4,3262.0,KS,2020,867.2862245003195,6.765369054363902,8.09040229659332,20,16,213,524821.0,0.0170121811790513,6.215452506664176,1.9762249077455472,235.67549999999997,821.7937376651372,6.711489436153954
20173,2021,187.0,4,3449.0,KS,2021,928.5784100563892,6.833654825322417,8.146129510025405,20,16,213,524423.0,-0.0007583538006291,6.576751973120935,2.02508460823383,249.14216666666667,832.3120095123463,6.724207381955105
20173,2022,50.0,1,3499.0,KS,2022,1007.9818834673353,6.915705475719142,8.160518247477505,20,16,213,525368.0,0.0018019804623365,6.660093496368259,2.036024189470211,271.6895,828.5041502715137,6.7196218462342925
20173,2023,10.0,1,3509.0,KS,2023,1072.490750456757,6.977739026482238,8.163371316459912,20,16,213,528469.0,0.0059025292747179,6.639935360446876,2.033389142468145,278.4124166666667,860.2402748245331,6.757211739556475
20177,2017,119.0,1,892.0,KS,2017,702.214086454671,6.554238323992638,6.794586580876499,20,16,214,178056.0,-0.0016484440706475,5.009659882284225,1.7933681549797114,227.24108333333336,690.0769199715041,6.536803069597641
20177,2019,14.0,1,906.0,KS,2019,757.8306684725684,6.630459968170146,6.810142450115136,20,16,214,176875.0,-0.0023407975633142,5.12226148409894,1.8119315518128023,234.2145,722.5588331695653,6.582798846663823
20177,2022,41.0,1,947.0,KS,2022,934.9803132703904,6.840525473741235,6.854354502255021,20,16,214,177537.0,-0.0048541784611245,5.334099370835376,1.8459476364738676,271.6895,768.5009846625694,6.644441844256384
20209,2015,24.0,1,1320.0,KS,2015,719.2359658105789,6.578189489986274,7.186144304522325,20,16,215,163682.0,0.00885075749171,8.064417590205398,2.2043565939580785,223.31341666666663,719.2359658105789,6.578189489986274
20209,2017,24.0,1,1344.0,KS,2017,796.3297583158387,6.680013369299576,7.20414929203594,20,16,215,165087.0,0.0018326910823194,8.14116193279907,2.2127875035130304,227.24108333333336,782.5658833970418,6.662578114904579
20209,2019,8.0,1,1352.0,KS,2019,868.0114060290816,6.766204855160513,7.210079628170788,20,16,215,165429.0,0.0006532745386249,8.172690398902247,2.2162306346118315,234.2145,827.611410847712,6.71854373365419
20209,2020,195.0,3,1547.0,KS,2020,923.4103665298076,6.828073736487896,7.344719054149673,20,16,215,168914.0,0.0210664393788271,9.158506695714978,2.3183114525796875,235.67549999999997,874.9739533179745,6.774194118277949
20209,2021,370.0,3,1917.0,KS,2021,993.365062494328,6.901098232429586,7.559038255443384,20,16,215,167262.0,-0.0097801247972341,11.46106108978728,2.5226086694274295,249.14216666666667,890.3821824737489,6.791650789062274
20209,2022,40.0,1,1957.0,KS,2022,1100.5089207531414,7.003528007024658,7.579678823090456,20,16,215,165626.0,-0.0097810620463704,11.815777716059072,2.550677045923021,271.6895,904.5561465037473,6.807444377539809
20209,2023,20.0,1,1977.0,KS,2023,1169.1565870052884,7.0640379020356665,7.589841512182657,20,16,215,165281.0,-0.0020830062912827,11.961447474301341,2.5619793725194007,278.4124166666667,937.775531667762,6.843510615109903
21015,2019,82.0,2,877.0,KY,2019,1255.0062668574656,7.1348958450653415,6.777646593635117,21,17,216,133581.0,0.0127368253462825,6.565304946062688,2.0235726565485344,234.2145,1196.5943073123954,7.0872347235590185
21015,2021,48.0,1,925.0,KY,2021,1443.2862909411836,7.274677938915869,6.8308742346461795,21,17,216,137747.0,0.0093721605064922,6.7152097686338,2.043193675158232,249.14216666666667,1293.6597492525473,7.165230495548557
21015,2022,160.0,2,1085.0,KY,2022,1560.5233083565915,7.3527764980661825,6.990256500493881,21,17,216,139045.0,0.0094230727347963,7.803229170412457,2.175118605357275,271.6895,1282.6619791235237,7.156692868581332
21015,2023,57.0,1,1142.0,KY,2023,1635.296471788118,7.399579395204138,7.04141166379481,21,17,216,140496.0,0.0104354705311229,8.128345290969138,2.211384439514039,278.4124166666667,1311.6643530132899,7.179052108278374
21029,2022,87.0,1,593.0,KY,2022,1272.7543487534383,7.148938609593295,6.386879319362645,21,17,217,83774.0,0.008438361441142,7.078568529615394,2.0892146946616195,271.6895,1046.132155263595,6.9528549801084445
21037,2018,118.0,1,705.0,KY,2018,955.8132694165372,6.862562569094914,6.559615237493242,21,17,218,93464.0,0.0063093520532311,7.543011212873406,2.1451135466903812,231.78858333333335,920.8647113641017,6.825313132266857
21037,2019,48.0,1,753.0,KY,2019,996.3903495118348,6.904139097985677,6.625392368007956,21,17,218,93584.0,0.0012839168021911,8.046247221747308,2.202350000081647,234.2145,950.0151924120067,6.856477976479354
21047,2016,100.0,2,437.0,KY,2016,649.1336353456369,6.475638605131091,6.082218910376446,21,17,219,71796.0,-0.0175025658569962,6.086690066298958,1.9582183861638944,223.80733333333333,647.7010731654082,6.473429283074033
21047,2020,93.0,2,530.0,KY,2020,774.9927430623329,6.652853665518968,6.274762021241939,21,17,219,72762.0,0.0326563630944778,7.2840218795525145,2.1143285847119495,235.67549999999997,734.3414030950256,6.598974047309021
21067,2015,50.0,2,1461.0,KY,2015,839.9278645005056,6.733316012555203,7.2875606403097235,21,17,220,315819.0,0.0129416519128626,4.626067462692238,1.7274107012315045,223.31341666666663,839.9278645005056,6.733316012555203
21067,2016,54.0,1,1515.0,KY,2016,877.5519906887547,6.777136202233042,7.323830566202317,21,17,220,319644.0,0.0121113675871304,4.739647858242295,1.747397859711288,223.80733333333333,875.6153358543835,6.774926880175985
21067,2017,24.0,1,1539.0,KY,2017,908.7197927504394,6.812036787855572,7.3395376954076745,21,17,220,321964.0,0.0072580746080013,4.780037519722701,1.754410173964723,227.24108333333336,893.013352757409,6.794601533460575
21067,2018,36.0,1,1575.0,KY,2018,932.3843069916496,6.837745076251677,7.362645270417825,21,17,220,322426.0,0.0014349430371096,4.884841793155639,1.7723798572847222,231.78858333333335,898.2924104646545,6.8004956394236205
21067,2019,48.0,1,1623.0,KY,2019,963.3383388877456,6.870404688502113,7.392647520721623,21,17,220,323152.0,0.0022516794551308,5.022404317472892,1.7954865678709917,234.2145,918.5015268611194,6.822743566995791
21067,2020,184.0,2,1807.0,KY,2020,993.7677877464744,6.901503565427439,7.4999765409521215,21,17,220,322627.0,-0.0016246224686834,5.600895151366749,1.8872052688305612,235.67549999999997,941.6408581076098,6.847623947217492
21067,2021,120.0,2,1927.0,KY,2021,1085.348194596709,6.989656131170811,7.564238475170491,21,17,220,320519.0,-0.0065338610841622,6.012124086247617,1.9476406631727499,249.14216666666667,972.8293562312383,6.880208687803499
21067,2022,50.0,2,1977.0,KY,2022,1208.4770810263544,7.097116235153074,7.589841512182657,21,17,220,320281.0,-0.0007425456837192,6.1727045937785885,1.9702827932178444,271.6895,993.2998733015273,6.901032605668224
21073,2023,80.0,1,512.0,KY,2023,943.8667918289334,6.849985045837792,6.240275845170769,21,17,221,51644.0,0.0018623418949328,9.91402679885369,2.3900488242176583,278.4124166666667,757.0715440248546,6.629457758912029
21111,2015,97.0,2,7375.0,KY,2015,820.8244723959975,6.710309289269306,8.90598676523643,21,17,222,764946.0,0.0042285601759164,9.641203431353324,2.3647335819681725,223.31341666666663,820.8244723959975,6.710309289269306
21111,2016,32.0,1,7407.0,KY,2016,851.6393855379797,6.747163180820216,8.910315776326016,21,17,222,767464.0,0.0032917356257826,9.651267030114768,2.3656788550428973,223.80733333333333,849.7599167992117,6.744953858763158
21111,2018,85.0,2,7492.0,KY,2018,929.2364493926144,6.834363226765539,8.92172453036431,21,17,222,768101.0,-0.0022433582566495,9.753925590514788,2.3752708591255707,231.78858333333335,895.259651795045,6.797113789937483
21111,2019,136.0,3,7628.0,KY,2019,960.1607197084376,6.867100686812282,8.93971205409023,21,17,222,766757.0,-0.0017497698870331,9.94839303716823,2.3931926908964916,234.2145,915.4718041249232,6.819439565305959
21111,2020,87.0,2,7715.0,KY,2020,997.69474487976,6.905447362670709,8.951051374025619,21,17,222,782845.0,0.0209818756137862,9.855079868939573,2.3846331611050817,235.67549999999997,945.3618312869924,6.851567744460762
21111,2021,46.0,1,7761.0,KY,2021,1055.4021037743282,6.9616771143127005,8.956995311928852,21,17,222,777251.0,-0.0071457312750289,9.985191398917468,2.396548129345909,249.14216666666667,945.9877984699489,6.8522296709453885
21111,2022,219.0,2,7980.0,KY,2022,1167.2061457259254,7.062368262552772,8.984818995876008,21,17,222,773095.0,-0.0053470500520423,10.32214669607228,2.426760692258342,271.6895,959.3774965774811,6.866284633067922
21117,2016,120.0,1,796.0,KY,2016,835.3231114995662,6.727818609880909,6.680854678790215,21,17,223,164962.0,0.0029426427850534,4.825353717825924,1.7622197216984188,223.80733333333333,833.4796508735149,6.725609287823852
21117,2017,86.0,2,882.0,KY,2017,871.809216406038,6.770570611446093,6.78332520060396,21,17,223,165608.0,0.0039160533941149,5.325829670064248,1.8446411991438283,227.24108333333336,856.7407439769216,6.753135357051097
21117,2018,44.0,1,926.0,KY,2018,902.7926137241388,6.8054928633903495,6.831953565565855,21,17,223,166292.0,0.0041302352543355,5.568518028528131,1.8822882406185104,231.78858333333335,869.7827141134042,6.768243426562293
21117,2020,40.0,1,966.0,KY,2020,1032.863286663129,6.940090114439681,6.874198495453294,21,17,223,169271.0,0.0136109414484004,5.706825150202929,1.9031256870301907,235.67549999999997,978.6856482506926,6.886210496229734
21117,2021,117.0,3,1083.0,KY,2021,1115.6125369840663,7.017158893574795,6.988413181999592,21,17,223,169698.0,0.0025225821316114,6.381925538309232,1.9990345176305222,249.14216666666667,999.9561721858129,6.907711450207483
21151,2021,30.0,1,530.0,KY,2021,749.3120246359182,6.6191554850673615,6.274762021241939,21,17,224,93474.0,0.0051724323336164,5.670025889552175,1.8976237414120796,249.14216666666667,671.6303009226901,6.5097080417000495
21227,2020,92.0,2,843.0,KY,2020,958.7017543163192,6.865580029972087,6.738152494595957,21,17,225,135028.0,0.0160426197929208,6.2431495689782865,1.9800561351419474,235.67549999999997,908.4141725410766,6.811700411762139
21227,2022,44.0,1,887.0,KY,2022,1145.839479445362,7.04389281717192,6.78897174299217,21,17,225,140046.0,0.0205574785935507,6.333633234794282,1.9924710595077675,271.6895,941.8153042590843,6.84780918768707
22017,2015,40.0,1,2996.0,LA,2015,832.4400373319368,6.724361192031608,8.005367067316664,22,18,226,251345.0,-0.0049880247817739,11.919871093516878,2.558766521022707,223.31341666666663,832.4400373319368,6.724361192031608
22017,2016,108.0,1,3104.0,LA,2016,830.4628083192234,6.721983145773921,8.040768994367578,22,18,226,248837.0,-0.0099783166563885,12.474029183762866,2.600764068467759,223.80733333333333,828.6300738151007,6.719773823716864
22017,2020,132.0,1,3236.0,LA,2020,880.4117641160442,6.7803897118029735,8.082402253926244,22,18,226,236945.0,-0.0135676341776156,13.657177826077781,2.68493016947329,235.67549999999997,834.2307924170362,6.726510093593027
22017,2022,116.0,2,3352.0,LA,2022,993.3134125226956,6.901046236122893,8.117610746466228,22,18,226,228934.0,-0.0160063268832363,14.641774485222815,2.749945186815729,271.6895,816.4474960249446,6.704962606638042
22017,2023,48.0,1,3400.0,LA,2023,1030.651024523707,6.937945944200594,8.131824785007195,22,18,226,226386.0,-0.0111298452829199,15.018596556324153,2.7737503320800205,278.4124166666667,826.6808083956604,6.7174186572748305
22019,2016,40.0,1,2850.0,LA,2016,906.1908848634184,6.809249973545745,7.955425088912672,22,18,227,200568.0,0.0106727135298563,14.209644609309562,2.721929740403847,223.80733333333333,904.1910273317222,6.807040651488688
22019,2019,130.0,2,2980.0,LA,2019,950.3226899292848,6.85680160052834,8.000014093678072,22,18,227,203436.0,0.0012747505869266,14.648341493147722,2.750364936491688,234.2145,906.0916673560596,6.809140479022017
22019,2020,264.0,1,3244.0,LA,2020,926.4432064485044,6.831352744816336,8.08487062913819,22,18,227,216481.0,0.064123360663796,14.985148812135938,2.7716600919546113,235.67549999999997,877.8477091578783,6.777473126606388
22033,2015,170.0,3,6623.0,LA,2015,1005.511597034747,6.913251742746143,8.798454696065095,22,18,228,445512.0,0.0008829099634031,14.866041767674048,2.764181087403388,223.31341666666663,1005.511597034747,6.913251742746143
22033,2016,144.0,1,6767.0,LA,2016,1043.1398819291203,6.949990560992937,8.81996090128606,22,18,228,446677.0,0.0026149688448346,15.149649523033421,2.781898348073028,223.80733333333333,1040.8377939426548,6.947781238935879
22033,2017,40.0,1,6807.0,LA,2017,1076.19140154579,6.981183607380018,8.82585367025321,22,18,228,444511.0,-0.0048491415497103,15.313456809842725,2.79199033837229,227.24108333333336,1057.59035884347,6.9637483529850215
22033,2018,228.0,2,7035.0,LA,2018,1075.010320539903,6.980085541017914,8.85879510585745,22,18,228,442058.0,-0.0055184236160634,15.914201303901299,2.8281535829033313,231.78858333333335,1035.7034163605017,6.942836104189858
22033,2019,252.0,2,7287.0,LA,2019,1074.5242371062875,6.979633272465011,8.893984438939794,22,18,228,440059.0,-0.0045220310456999,16.559143205797405,2.865574794636026,234.2145,1024.5124818461218,6.931972150958688
22033,2023,344.0,4,7631.0,LA,2023,1257.4234694256018,7.136820040818195,8.940105213128122,22,18,228,448467.0,-0.0036081592389094,17.015744748220047,2.8912460837963017,278.4124166666667,1008.5740230848837,6.9162927538924315
22055,2023,172.0,2,1633.0,LA,2023,1254.3392957427714,7.134364255362957,7.3987862754199485,22,18,229,249750.0,0.0082191559621176,6.538538538538538,2.0200283354527984,278.4124166666667,1006.1002204759617,6.913836968437193
22061,2023,110.0,3,897.0,LA,2023,930.6759125174888,6.835911109818267,6.8001700683022,22,18,230,47962.0,-0.0003751563151312,18.702305992243858,2.9807356843373394,278.4124166666667,746.4911957661664,6.615383822892503
22071,2015,265.0,5,8245.0,LA,2015,1207.106602424281,7.095981537350213,9.017483513266844,22,18,231,389742.0,0.0151117362087827,21.155020500741518,3.098064129983524,223.31341666666663,1207.106602424281,7.095981537350213
22071,2016,104.0,2,8349.0,LA,2016,1223.700225762893,7.109634519483632,9.030016817844901,22,18,231,391843.0,0.0053907456727784,21.30700305989899,3.104900667726778,223.80733333333333,1220.9996621687237,7.107425197426575
22071,2017,299.0,4,8648.0,LA,2017,1224.734206194276,7.110479124901163,9.065198986306513,22,18,231,391493.0,-0.0008932148845328,22.089794708973084,3.1393907324205603,227.24108333333336,1203.5657288809566,7.0930438705061665
22071,2018,642.0,8,9290.0,LA,2018,1253.078765233918,7.133358814240345,9.136801468641313,22,18,231,391004.0,-0.0012490644788029,23.759347730458,3.2092031037883766,231.78858333333335,1207.2609288716076,7.096109377412288
22071,2019,275.0,4,9565.0,LA,2019,1296.225184657143,7.167211615412287,9.165970424240243,22,18,231,390144.0,-0.0021994659901177,24.51658874671916,3.2393287797425794,234.2145,1235.8947663580498,7.119550493905964
22071,2020,139.0,2,9704.0,LA,2020,1333.5049916026398,7.195566086849139,9.18039649560311,22,18,231,383241.0,-0.017693467027559,25.320881638446828,3.270362602797583,235.67549999999997,1263.557543388431,7.141686468639191
22071,2021,30.0,1,9734.0,LA,2021,1407.7904691659794,7.249776711131211,9.1834829178063,22,18,231,377346.0,-0.0153819659170078,25.795953846072305,3.288250900225979,249.14216666666667,1261.84380519111,7.1403292677638985
22071,2023,192.0,2,9926.0,LA,2023,1573.6774609843285,7.361170491196526,9.203013596589722,22,18,231,364136.0,-0.0156278300267357,27.259046070698858,3.3414136212265984,278.4124166666667,1262.2400062152471,7.140643204270762
22073,2023,142.0,3,2295.0,LA,2023,729.8722909200942,6.592869574892884,7.738923757439457,22,18,232,157568.0,-0.0008623750824329,14.56514012997563,2.745033806742582,278.4124166666667,585.4274639296565,6.372342287967119
22079,2023,48.0,1,1904.0,LA,2023,924.3110241494276,6.829048621224843,7.552237287560802,22,18,233,126260.0,-0.0060459111377019,15.079993663868208,2.7775758697126958,278.4124166666667,741.3859458452355,6.60852133429908
22103,2017,25.0,1,904.0,LA,2017,1077.4819571272262,6.982382076712158,6.807934943699926,22,18,234,255921.0,0.0136769808450971,3.5323400580647935,1.5112383752282763,227.24108333333336,1058.8586082817374,6.964946822317161
22103,2023,48.0,1,952.0,LA,2023,1399.599258987207,7.243941231047271,6.859614903654202,22,18,234,275583.0,0.0085859528541156,3.4544946531534966,1.4939136208531125,278.4124166666667,1122.612619906145,7.023413944121506
22105,2023,32.0,1,1188.0,LA,2023,1221.565088312496,7.107888174838953,7.080867896690782,22,18,235,138064.0,0.0092471436194709,8.604705064317997,2.2622530892751462,278.4124166666667,979.8121679263533,6.887360887913189
22109,2023,51.0,1,364.0,LA,2023,1226.568048100306,7.111975343692567,5.8998973535824915,22,18,236,103616.0,-0.0097102224940744,3.512970969734404,1.5069556882370718,278.4124166666667,983.8250207187608,6.891448056766803
23001,2022,28.0,1,1225.0,ME,2022,1268.2295071656415,7.145377117960755,7.111512116496157,23,19,237,113225.0,0.0043732037043608,10.819165378670787,2.4697223985433245,271.6895,1042.4129911632292,6.949293488475905
23001,2023,18.0,1,1243.0,ME,2023,1315.371468913679,7.18187439058616,7.126087273299125,23,19,237,113765.0,0.0047692647383528,10.926031732079288,2.47872355144526,278.4124166666667,1055.0538673016526,6.961347103660397
23005,2015,219.0,4,2764.0,ME,2015,1269.4158899797917,7.146312144503014,7.9247959139564355,23,19,238,289488.0,0.0048666023340253,9.54789144973194,2.3559259773622374,223.31341666666663,1269.4158899797917,7.146312144503014
23005,2016,179.0,4,2943.0,ME,2016,1351.5467313217653,7.209004942493314,7.987524479848767,23,19,238,291191.0,0.005882799977892,10.106768409737938,2.4075546891292054,223.80733333333333,1348.5640254093344,7.206795620436256
23005,2017,133.0,4,3076.0,ME,2017,1394.526213602943,7.240310004741668,8.031710375322042,23,19,238,292181.0,0.0033998303518996,10.527720830581044,2.4447546417645976,227.24108333333336,1370.4230274861663,7.222874750346671
23005,2018,464.0,6,3540.0,ME,2018,1448.1371592327896,7.278033291686765,8.172164452111904,23,19,238,293673.0,0.0051064237578761,12.05422357520099,2.569111727016031,231.78858333333335,1395.1871665964345,7.240783854858709
23005,2020,44.0,1,3584.0,ME,2020,1621.82731136874,7.391308762526969,8.184513753033722,23,19,238,303585.0,0.0290912295807161,11.80558986774709,2.549881784013945,235.67549999999997,1536.7562523260467,7.337429144317022
23005,2021,405.0,10,3989.0,ME,2021,1800.6944773566004,7.495927690228235,8.29154650988391,23,19,238,306107.0,0.008307393316534,13.031390984198335,2.6412970327636445,249.14216666666667,1614.0151684933567,7.3864802468609225
23005,2023,39.0,1,4028.0,ME,2023,2099.402147477684,7.649407891501853,8.301273485191347,23,19,238,310230.0,0.0045104699242641,12.983915159720208,2.637907751941129,278.4124166666667,1683.9215438867654,7.428880604576089
23011,2016,47.0,1,492.0,ME,2016,716.3686620383412,6.574194925564701,6.20050917404269,23,19,239,121497.0,0.0040244607883646,4.049482703276625,1.6192858030457182,223.80733333333333,714.7877200004344,6.571985603507644
23011,2017,170.0,1,662.0,ME,2017,733.6059557569578,6.597972039443866,6.4967749901858625,23,19,239,121913.0,0.003423952854803,5.430101793902209,1.8609903692132082,227.24108333333336,720.9262078142488,6.58053678504887
23011,2018,117.0,2,779.0,ME,2018,776.1399803913147,6.654332891017631,6.659293919683638,23,19,239,122044.0,0.0010745367598206,6.3829438563141165,1.9991724555938435,231.78858333333335,747.7610343885248,6.617083454189575
23011,2019,18.0,1,797.0,ME,2019,827.6571098744298,6.718598950105367,6.682108597449809,23,19,239,122302.0,0.0021139916751335,6.516655492142402,2.0171212906465326,234.2145,789.135331222096,6.670937828599044
23011,2020,72.0,3,869.0,ME,2020,892.372166066586,6.793883272097269,6.76849321164863,23,19,239,124712.0,0.0197053196186489,6.968054397331452,2.075440347233322,235.67549999999997,845.5638254403339,6.740003653887322
23019,2019,24.0,1,696.0,ME,2019,1006.2542669464892,6.9139900691674985,6.546785410760524,23,19,240,152148.0,0.0021802564930146,4.574493256565975,1.7182014175316864,234.2145,959.4200119430374,6.8663289476611755
23019,2020,39.0,1,735.0,ME,2020,1068.0619363110177,6.973601010639201,6.601230118728877,23,19,240,152169.0,0.0001380235034309,4.830155945034797,1.7630437487241795,235.67549999999997,1012.0379938060133,6.9197213924292535
23019,2021,40.0,1,775.0,ME,2021,1176.6947335666266,7.070464713864242,6.654152520183219,23,19,240,153359.0,0.0078202524824373,5.05350191381008,1.8006369333149563,249.14216666666667,1054.7059329302733,6.96101727049693
23019,2023,32.0,1,807.0,ME,2023,1384.034349410842,7.2327579548081,6.694562058521095,23,19,240,155312.0,0.0037743653378832,5.195992582672298,1.8239027254383955,278.4124166666667,1110.1280720572347,7.012230667882336
23031,2023,42.0,1,1456.0,ME,2023,1893.3364118716229,7.546095849034298,7.284134806195205,23,19,241,218586.0,0.0075409080433279,6.6609938422405826,2.0361417197542515,278.4124166666667,1518.6370927582284,7.3255685621085345
24003,2015,75.0,1,1982.0,MD,2015,1487.5391786183473,7.304878475639887,7.592366128519796,24,20,242,563027.0,0.0069481455515771,3.5202574654501473,1.5085689536046778,223.31341666666663,1487.5391786183473,7.304878475639887
24003,2016,109.0,2,2091.0,MD,2016,1511.2880464635102,7.320717577104916,7.645875825184813,24,20,242,567254.0,0.0075076328488687,3.6861793834860577,1.5446176200797739,223.80733333333333,1507.9528101101475,7.318508255047858
24003,2017,81.0,1,2172.0,MD,2017,1542.0528135454704,7.340869803566243,7.6838639802564295,24,20,242,571339.0,0.0072013595320614,3.80159590015735,1.568948341854332,227.24108333333336,1515.3997570419601,7.323434549171247
24003,2018,158.0,2,2330.0,MD,2018,1576.9595882553729,7.363253960924721,7.754052639035757,24,20,242,575523.0,0.0073231479034339,4.048491545950379,1.6190894948942087,231.78858333333335,1519.2993051436617,7.326004524096665
24003,2019,337.0,3,2667.0,MD,2019,1619.6394977252803,7.389958871194105,7.889084407035514,24,20,242,579234.0,0.0064480481231854,4.604356788448191,1.7235442931947629,234.2145,1544.2563547744319,7.342297749687782
24003,2021,292.0,3,2959.0,MD,2021,1804.4427812594984,7.4980071146632294,7.992944547318106,24,20,242,592085.0,0.0050568149025811,4.997593250969033,1.7913582639174723,249.14216666666667,1617.3748829987742,7.388559671295917
24005,2015,459.0,3,3752.0,MD,2015,1182.296366571519,7.0752138996777765,8.23031079913502,24,20,243,827533.0,0.0030775981401076,4.533958162393525,1.7109033212337936,223.31341666666663,1182.296366571519,7.0752138996777765
24005,2016,200.0,1,3952.0,MD,2016,1199.3220038220902,7.089511679290322,8.282230063296685,24,20,243,828682.0,0.0013884642666817,4.769018755083374,1.7525020062806265,223.80733333333333,1196.67524011884,7.087302357233264
24005,2017,249.0,2,4201.0,MD,2017,1226.0945815674793,7.111589259986654,8.343315881404946,24,20,243,828645.0,-4.464921405311628e-05,5.0697222574202465,1.803312847421617,227.24108333333336,1204.9025913359449,7.094154005591657
24005,2018,204.0,3,4405.0,MD,2018,1243.8202619224626,7.1259427788751495,8.39072252736229,24,20,243,827859.0,-0.0009485364661585,5.3209544137347065,1.8438702115886152,231.78858333333335,1198.3409554287075,7.088693342047093
24005,2019,72.0,1,4477.0,MD,2019,1280.9218527252035,7.155335295137502,8.4069317971587,24,20,243,827370.0,-0.0005906802970071,5.411121988952947,1.8580342928934925,234.2145,1221.3036998779407,7.107674173631179
24005,2021,59.0,2,4536.0,MD,2021,1442.8577270931448,7.274380958689997,8.420021279663963,24,20,243,850691.0,-0.0031591763174269,5.332135875423626,1.8456376003203772,249.14216666666667,1293.2756149309837,7.1649335153226845
24005,2022,81.0,2,4617.0,MD,2022,1550.9258431996325,7.346607349783099,8.43771698991444,24,20,243,845986.0,-0.0055307979042918,5.457537122363727,1.8652479946920046,271.6895,1274.7734050875752,7.150523720298248
24013,2015,98.0,1,510.0,MD,2015,1203.7966299959337,7.093235699638024,6.236369590203704,24,20,244,167132.0,-0.0011653827535305,3.051480267094273,1.3990823123882759,223.31341666666663,1203.7966299959337,7.093235699638024
24013,2018,36.0,1,546.0,MD,2018,1251.4491220467323,7.1320574564671295,6.304448802421981,24,20,244,168267.0,0.0042973016526706,3.2448430173474296,1.4457048384781992,231.78858333333335,1205.6908723017607,7.094808019639073
24013,2021,102.0,2,648.0,MD,2021,1422.217842377919,7.259972792988721,6.47543271670409,24,20,244,174313.0,0.0079333414285795,3.7174507925398563,1.551268567372008,249.14216666666667,1274.7754821071012,7.150525349621409
24013,2022,29.0,1,677.0,MD,2022,1544.3733574805967,7.342373513192715,6.519147287940395,24,20,244,175472.0,0.00664895905641,3.8581654053068295,1.580660878025644,271.6895,1269.3876320872296,7.146289883707865
24015,2020,69.0,1,1605.0,MD,2020,1283.7170601722316,7.157515101846173,7.381501894506707,24,20,245,103800.0,0.0091876914102377,15.462427745664739,2.8010806780340873,235.67549999999997,1216.3811798016764,7.103635483636226
24015,2021,100.0,1,1705.0,MD,2021,1380.0064577306712,7.229843457655281,7.441906728051625,24,20,245,104056.0,0.0024662813102118,16.385407857307605,2.8556312254841822,249.14216666666667,1236.9401824710524,7.1203960142879685
24015,2022,61.0,1,1766.0,MD,2022,1551.2634458486916,7.346825004232222,7.4770384723196965,24,20,245,104870.0,0.0078227108480048,16.839897015352342,2.8814373544531575,271.6895,1275.0508953882204,7.150741374747372
24017,2017,120.0,1,675.0,MD,2017,1561.553810848927,7.353436637127719,6.516193076042964,24,20,246,159450.0,0.013719706024464,4.233301975540922,1.6550424317333452,227.24108333333336,1534.5636963805803,7.336001382732722
24017,2018,340.0,2,1015.0,MD,2018,1611.233027160751,7.384755020240274,6.923628628138427,24,20,246,161476.0,0.0127061774851049,6.285763828680423,1.9859222836608525,231.78858333333335,1552.319562797463,7.347505583412217
24017,2019,48.0,1,1063.0,MD,2019,1648.881267460665,7.407852317214496,6.96979066990159,24,20,246,163257.0,0.0110295028363347,6.5112062576183565,2.0163960730668644,234.2145,1572.1371200942078,7.360191195708173
24021,2015,130.0,1,540.0,MD,2015,1373.4580680699455,7.225086975815531,6.293419278846481,24,20,247,245001.0,0.0066562303548756,2.2040726364382186,1.1644226994978972,223.31341666666663,1373.4580680699455,7.225086975815531
24021,2016,59.0,1,599.0,MD,2016,1395.0301454031385,7.240671303629966,6.396929655216146,24,20,247,246999.0,0.0081550687548213,2.4251110328381897,1.231133889535642,223.80733333333333,1391.951476670283,7.238461981572908
24021,2017,503.0,4,1102.0,MD,2017,1416.3158450857643,7.255814303819822,7.005789019253503,24,20,247,250622.0,0.0146680755792534,4.397060114435285,1.6858543820653542,227.24108333333336,1391.8360439309029,7.238379049424825
24021,2019,263.0,2,1365.0,MD,2019,1491.4014533098575,7.307471529569363,7.2196420401307355,24,20,247,259547.0,0.0180589386647211,5.25916308028989,1.8340464829298422,234.2145,1421.986914389401,7.25981040806304
24021,2021,219.0,3,1584.0,MD,2021,1696.3689807267683,7.436245352080019,7.368339686311381,24,20,247,280647.0,0.0288174613066654,5.644100952442036,1.8937293861633124,249.14216666666667,1520.505172134432,7.326797908712707
24021,2022,80.0,1,1664.0,MD,2022,1887.3635385665104,7.542936181061387,7.417580402414544,24,20,247,287540.0,0.0245611034502417,5.78702093621757,1.9150121024697102,271.6895,1551.3061796255558,7.346852551576537
24025,2016,291.0,1,1500.0,MD,2016,1175.7000851516852,7.069619066300064,7.313886831633462,24,20,248,250370.0,0.0032537526346581,5.991133122977993,1.9446426493994722,223.80733333333333,1173.1054522662962,7.067409744243007
24025,2017,56.0,1,1556.0,MD,2017,1194.4947788809864,7.085478595790206,7.350516171833998,24,20,248,251858.0,0.005943204057994,6.1780844761730815,1.971032561418087,227.24108333333336,1173.8489640586886,7.068043341395209
24025,2019,99.0,2,1655.0,MD,2019,1265.6163378197846,7.143314506079707,7.412160334945205,24,20,248,255441.0,0.0061406480175829,6.478991234766541,2.012097921229507,234.2145,1206.7105520268397,7.095653384573384
24025,2020,260.0,2,1915.0,MD,2020,1307.1949544627234,7.175638864293151,7.557994958530806,24,20,248,261230.0,0.0226627675275308,7.330704742946828,2.119948055594937,235.67549999999997,1238.6275685444543,7.121759246083204
24025,2021,114.0,2,2029.0,MD,2021,1425.14882908274,7.262031528710693,7.615791072035833,24,20,248,263302.0,0.0079317076905409,7.705980205239611,2.1640101694357696,249.14216666666667,1277.4026112840497,7.152584085343381
24027,2017,42.0,1,1813.0,MD,2017,1630.0595230399724,7.396371810336508,7.503289630675082,24,20,249,319251.0,0.0121585461739417,5.678917215607782,1.8989558809380989,227.24108333333336,1601.8853462607876,7.378936555941512
24027,2018,50.0,1,1863.0,MD,2018,1654.3768833935994,7.411179711412814,7.530479995245536,24,20,249,322621.0,0.0105559575381126,5.774577600342197,1.9131770180091614,231.78858333333335,1593.885897967981,7.373930274584758
24027,2021,88.0,2,1951.0,MD,2021,1844.039957282812,7.51971407269024,7.5766097669730375,24,20,249,335328.0,0.0075537687717464,5.818183987021663,1.9195931588344,249.14216666666667,1652.8669909242396,7.410266629322928
24031,2015,152.0,1,7011.0,MD,2015,1667.6925009125268,7.419196213952872,8.855378246041125,24,20,250,1032814.0,0.0080000624623639,6.788250352919306,2.0526162329767574,223.31341666666663,1667.6925009125268,7.419196213952872
24031,2016,382.0,3,7393.0,MD,2016,1690.613369238204,7.432846682447828,8.908424139496578,24,20,250,1038846.0,0.0058403546040235,7.116550480051904,2.0939052461853738,223.80733333333333,1686.8823828244897,7.4306373603907705
24031,2017,857.0,6,8250.0,MD,2017,1720.1289444756796,7.4501545347159785,9.018089684104343,24,20,250,1046822.0,0.0076777501188818,7.88099600505148,2.1839137134453326,227.24108333333336,1690.3979952191341,7.432719280320982
24031,2018,514.0,6,8764.0,MD,2018,1756.5792483106975,7.471123587859039,9.078521797355334,24,20,250,1048478.0,0.0015819308344684,8.358782921530066,2.2363152522838385,231.78858333333335,1692.3513140503114,7.433874151030984
24031,2019,409.0,5,9173.0,MD,2019,1808.6423759923737,7.500331774305241,9.124128675157117,24,20,250,1050688.0,0.0021078172360315,8.730469939696656,2.2752621930477024,234.2145,1724.4624415267836,7.452670652798918
24031,2020,549.0,5,9722.0,MD,2020,1806.0275858901769,7.4988850084395535,9.182249491809657,24,20,250,1060904.0,0.0097231528293841,9.163882877244312,2.3188405420979694,235.67549999999997,1711.2945163981287,7.445005390229607
24031,2021,332.0,3,10054.0,MD,2021,1869.5139358703848,7.5334337487196255,9.215825302206753,24,20,250,1056193.0,-0.0044405525853422,9.519093574753857,2.353192041501756,249.14216666666667,1675.700063585502,7.423986305352313
24031,2022,229.0,2,10283.0,MD,2022,2042.3242021324695,7.621843753082544,9.23834456838578,24,20,250,1053067.0,-0.0029596863452039,9.764810786018364,2.376282553886968,271.6895,1678.6750887289556,7.425760123597694
24033,2015,36.0,1,6124.0,MD,2015,1417.8438665940157,7.256892592844966,8.720134035412928,24,20,251,906197.0,0.0072369693426372,6.757912462742649,2.0487132854716017,223.31341666666663,1417.8438665940157,7.256892592844966
24033,2016,188.0,2,6312.0,MD,2016,1446.6995456017848,7.277040065542583,8.750366278367625,24,20,251,908501.0,0.0025424935196209,6.94770836795997,2.072883631510089,223.80733333333333,1443.506848532437,7.274830743485526
24033,2017,885.0,5,7197.0,MD,2017,1481.0221973590235,7.300487802243948,8.881558488638976,24,20,251,909705.0,0.0013252599611888,7.911355879103665,2.187326404888856,227.24108333333336,1455.424002561528,7.283052547848952
24033,2018,122.0,1,7319.0,MD,2018,1533.9214526668532,7.335582776357322,8.898365606955357,24,20,251,909619.0,-9.453614083687611e-05,8.046225947347185,2.2023476483412385,231.78858333333335,1477.8348250255272,7.298333339529266
24033,2019,199.0,2,7518.0,MD,2019,1578.4505873659584,7.364199003970518,8.925188429378027,24,20,251,909327.0,-0.0003210135232443,8.267652890544326,2.226530153402684,234.2145,1504.9845065279858,7.316537882464195
24033,2020,47.0,1,7565.0,MD,2020,1635.3543389472868,7.399614780919412,8.931419805192975,24,20,251,965365.0,0.0616257957808357,7.8364142060257,2.17888116155579,235.67549999999997,1549.5737354581902,7.345735162709465
24033,2021,298.0,2,7863.0,MD,2021,1724.5426780053529,7.452717180116683,8.970050661827003,24,20,251,956451.0,-0.0092338131173183,8.221017072489861,2.2214853430345074,249.14216666666667,1545.75808168238,7.343269736749371
24033,2022,132.0,1,7995.0,MD,2022,1844.5749956586349,7.520004175282352,8.98669669562029,24,20,251,946980.0,-0.0099022323150897,8.44262814420579,2.245234346516445,271.6895,1516.1364152035005,7.323920545797502
24037,2018,105.0,2,893.0,MD,2018,1195.694004355673,7.086482052574644,6.795705775173514,24,20,252,112720.0,0.002071350467165,7.922285308729595,2.1885521143083904,231.78858333333335,1151.9743964978725,7.049232615746588
24037,2019,168.0,2,1061.0,MD,2019,1226.3850264804953,7.111826118155359,6.967909201801884,24,20,252,113510.0,0.0070085166784954,9.347194079816758,2.3367153795568614,234.2145,1169.3051899527989,7.064164996649036
24043,2018,154.0,2,724.0,MD,2018,885.6535775346433,6.786325878135649,6.586171654854675,24,20,253,150656.0,0.0032430128721641,4.805649957519116,1.7588315740018008,231.78858333333335,853.2703532593504,6.749076441307594
24043,2020,79.0,1,803.0,MD,2020,963.071827944676,6.870127996705778,6.6895992691789665,24,20,253,154697.0,0.0241511032843646,5.190792323057331,1.8230630789990552,235.67549999999997,912.5550190568716,6.81624837849583
24043,2021,61.0,1,864.0,MD,2021,1079.3884625307985,6.984149921347353,6.762729506931879,24,20,253,155143.0,0.0028830552628686,5.569055645436791,1.8823700847888727,249.14216666666667,967.4874739322175,6.8747024779800405
24043,2022,72.0,2,936.0,MD,2022,1221.5510460026346,7.107876679429738,6.842683282238422,24,20,253,155257.0,0.0007348059532172,6.0287136811866775,1.950003713431366,271.6895,1004.0459337427054,6.911793049944888
24045,2015,90.0,1,978.0,MD,2015,875.9251881944236,6.775280685684928,6.88653164253051,24,20,254,101747.0,0.0038180741910023,9.61207701455571,2.361992693557462,223.31341666666663,875.9251881944236,6.775280685684928
24045,2016,165.0,3,1143.0,MD,2016,892.7985651687413,6.79436098451189,7.042286171939743,24,20,254,102041.0,0.0028895200841303,11.201379837516294,2.5015490467794876,223.80733333333333,890.8282629237465,6.792151662454833
24045,2018,130.0,2,1273.0,MD,2018,939.9703347428886,6.8458483159818995,7.149916836132109,24,20,254,103044.0,0.0077455697688064,12.35394588719382,2.5918119132478816,231.78858333333335,905.6010610966017,6.808598879153844
24045,2020,96.0,1,1369.0,MD,2020,1049.9125055034476,6.956462111587636,7.222566018822171,24,20,254,103565.0,-0.000424673532222,13.218751508714334,2.6545616222586,235.67549999999997,994.8405702121577,6.902582493377689
24045,2021,36.0,1,1405.0,MD,2021,1128.6556612502825,7.028782523165514,7.2485040723706105,24,20,254,104114.0,0.0053010186839184,13.49482298249995,2.673791549984453,249.14216666666667,1011.6471062531625,6.919335079798202
24510,2015,517.0,3,8930.0,MD,2015,1188.1707955540548,7.080170256890455,9.097283649683886,24,20,255,622522.0,-0.0017078611324482,14.344874558650135,2.7307815133005953,223.31341666666663,1188.1707955540548,7.080170256890455
24510,2016,947.0,7,9877.0,MD,2016,1205.7756363456494,7.094878320465247,9.19806534110057,24,20,255,616226.0,-0.0101136987929744,16.028210429290553,2.8348714057290216,223.80733333333333,1203.1146302285497,7.092668998408189
24510,2017,1882.0,15,11759.0,MD,2017,1222.0513876563384,7.108286190939306,9.372459221452617,24,20,255,610481.0,-0.0093228782946516,19.26186072949035,3.008740337125006,227.24108333333336,1200.9292805538523,7.090850936544309
24510,2018,2692.0,20,14451.0,MD,2018,1243.8054546408164,7.12593087412473,9.57858809226753,24,20,255,602443.0,-0.0131666669396753,23.987331581577013,3.218368959696831,231.78858333333335,1198.3266895636318,7.088681437296674
24510,2019,473.0,4,14924.0,MD,2019,1271.628348436448,7.148053522305332,9.610792938260802,24,20,255,593490.0,-0.0148611569891259,25.146169269911876,3.263702689145786,234.2145,1212.4427446615546,7.100392400799009
24510,2020,350.0,5,15274.0,MD,2020,1296.409467403813,7.167353774082298,9.633972784039797,24,20,255,583157.0,-0.0174105713659876,26.191917442472608,3.3029197762930234,235.67549999999997,1228.4078216232028,7.113474155872351
24510,2021,1300.0,15,16574.0,MD,2021,1387.681302766712,7.235389505744877,9.715650815054063,24,20,255,576578.0,-0.0112816960098224,28.745460284644924,3.392676524873645,249.14216666666667,1243.8193707285686,7.125942062377565
24510,2022,70.0,1,16644.0,MD,2022,1506.8589806051289,7.317782618007175,9.719865150009126,24,20,255,569107.0,-0.0129574836362122,29.245818448903282,3.4093579418276696,271.6895,1238.5529341170036,7.121698988522326
25001,2020,30.0,1,1075.0,MA,2020,1766.5695677484048,7.47679484770981,6.98100574072173,25,21,256,228012.0,0.0705291328231372,4.714664140483834,1.743035527450543,235.67549999999997,1673.906222552844,7.422915229499863
25003,2021,45.0,1,897.0,MA,2021,1193.9522115200282,7.085024269298999,6.8001700683022,25,21,257,128376.0,-0.0018893009586452,6.987287343428678,2.077851195678336,249.14216666666667,1070.174315566521,6.975576825931687
25005,2015,36.0,1,2118.0,MA,2015,964.2668462154396,6.871368067732136,7.6586995582682995,25,21,258,556863.0,0.003194076636221,3.8034489632099815,1.5693341938939596,223.31341666666663,964.2668462154396,6.871368067732136
25005,2016,110.0,1,2228.0,MA,2016,1011.691565096628,6.919379025820786,7.709308333385869,25,21,258,558070.0,0.0021674990078348,3.9923307112011037,1.6079028771102095,223.80733333333333,1009.4588798754376,6.917169703763728
25005,2017,48.0,1,2276.0,MA,2017,1079.4649058586144,6.9842207398003024,7.7306140660637395,25,21,258,560941.0,0.0051445159209417,4.0574677194214726,1.620865907324905,227.24108333333336,1060.8072834499137,6.966785485405306
25005,2019,144.0,2,2420.0,MA,2019,1198.2122196710282,7.088585907954547,7.791935956938058,25,21,258,565217.0,0.001994355530658,4.2815414256825255,1.664217991795245,234.2145,1142.443634644686,7.040924786448224
25005,2020,70.0,2,2490.0,MA,2020,1284.0128593986972,7.157745499307775,7.820439515262181,25,21,258,576772.0,0.0204434756916369,4.3171305125768935,1.6709337805021,235.67549999999997,1216.6614632248975,7.1038658810978275
25009,2015,162.0,5,2439.0,MA,2015,1470.3457741549446,7.293252872626342,7.799753318287247,25,21,259,776865.0,0.0067543312862128,3.139541619200247,1.420585061707371,223.31341666666663,1470.3457741549446,7.293252872626342
25009,2016,195.0,3,2634.0,MA,2016,1538.2464021721037,7.338398346708131,7.876638460975463,25,21,259,779847.0,0.0038385047595141,3.377585603329884,1.4764973402876118,223.80733333333333,1534.8516718736942,7.336189024651074
25009,2018,26.0,1,2660.0,MA,2018,1710.372180681462,7.444466275335808,7.886457270977689,25,21,259,788183.0,0.0047549056476297,3.3748507643529484,1.475872408222744,231.78858333333335,1647.8337713912188,7.407216838507751
25009,2019,240.0,4,2900.0,MA,2019,1774.6504573301445,7.481358757069349,7.972810784121404,25,21,259,789034.0,0.0010796984964152,3.675380275121224,1.5423105017044667,234.2145,1692.0526142295078,7.433697635563026
25009,2020,397.0,6,3297.0,MA,2020,1843.1377674874104,7.519224706632648,8.101071503119543,25,21,259,807791.0,0.0237721061449822,4.081501279415097,1.6256067453746736,235.67549999999997,1746.4581267250346,7.465345088422701
25009,2021,38.0,1,3335.0,MA,2021,1987.680035938757,7.594723426546123,8.112527763478637,25,21,259,807360.0,-0.0005335538524197,4.130747126436781,1.6352512872600287,249.14216666666667,1781.6157979370807,7.485275983178811
25013,2015,166.0,3,4724.0,MA,2015,935.3698034540172,6.840941962810072,8.460622839927844,25,21,260,469113.0,-0.0007285043294884,10.070068405693299,2.4042449260775416,223.31341666666663,935.3698034540172,6.840941962810072
25013,2016,0.0,1,4724.0,MA,2016,970.2252586748796,6.877528269975295,8.460622839927844,25,21,260,467778.0,-0.0028457962154108,10.098807554010664,2.406837674980927,223.80733333333333,968.0840847529025,6.875318947918238
25013,2017,470.0,5,5194.0,MA,2017,1005.2097125546336,6.912951467933376,8.555451903533328,25,21,260,467705.0,-0.0001560569329895,11.10529072812991,2.4936426072953277,227.24108333333336,987.8355272924593,6.895516213538379
25013,2018,149.0,2,5343.0,MA,2018,1049.762754239607,6.9563194692781645,8.583729715216482,25,21,260,468388.0,0.0014603222116504,11.407209407585166,2.5182777074987754,231.78858333333335,1011.3790074014584,6.919070032450109
25013,2019,50.0,1,5393.0,MA,2019,1096.8052176779552,7.000156885419462,8.593042503699674,25,21,260,466372.0,-0.0043041239314414,11.563730241095092,2.530814110663911,234.2145,1045.7564351374112,6.952495763913139
25013,2020,432.0,6,5825.0,MA,2020,1153.1957432948104,7.050292274545859,8.67008593751938,25,21,260,464311.0,-0.0044192189925639,12.545470600524219,2.606052218419986,235.67549999999997,1092.7062062905154,6.996412656335911
25017,2015,433.0,8,4893.0,MA,2015,1983.9542757617496,7.59284724108819,8.495765244002618,25,21,261,1585432.0,0.006627965965563,3.0862250793474586,1.4076215803769239,223.31341666666663,1983.9542757617496,7.59284724108819
25017,2016,111.0,2,5004.0,MA,2016,2077.214338679992,7.638783014834839,8.518192691749322,25,21,261,1594664.0,0.0058230185842091,3.1379651136540363,1.4202041485613834,223.80733333333333,2072.630169042507,7.636573692777781
25017,2017,457.0,3,5461.0,MA,2017,2153.696798639638,7.674941085802694,8.60557030203365,25,21,261,1603943.0,0.0058187806334124,3.404734457521246,1.4826799755100952,227.24108333333336,2116.472001952168,7.657505831407697
25017,2018,50.0,1,5511.0,MA,2018,2228.7533855997763,7.709197688233864,8.614682812693495,25,21,261,1608470.0,0.0028224194999448,3.4262373559966925,1.4875498678449668,231.78858333333335,2147.260776558322,7.671948251405808
25017,2020,518.0,9,6029.0,MA,2020,2277.301005140963,7.730746251064714,8.704502289721232,25,21,261,1628235.0,0.0102599803064964,3.702782460762728,1.5481543464737313,235.67549999999997,2157.847838389916,7.676866632854766
25021,2015,69.0,2,1397.0,MA,2015,1997.4862463583463,7.599644792189114,7.242797922793756,25,21,262,694502.0,0.0032691021453572,2.0115132857788747,1.1024427051734198,223.31341666666663,1997.4862463583463,7.599644792189114
25021,2016,193.0,2,1590.0,MA,2016,2058.289400195091,7.6296305285655075,7.372118028337787,25,21,262,697079.0,0.0037105724677539,2.2809466358906234,1.1881319892598685,223.80733333333333,2053.7469956883283,7.6274212065084495
25021,2019,59.0,1,1649.0,MA,2019,2275.519044317794,7.729963456710971,7.408530566894626,25,21,262,706775.0,0.0050410249847134,2.333132892363199,1.203912670226877,234.2145,2169.6091936095954,7.682302335204648
25021,2020,210.0,2,1859.0,MA,2020,2276.973080685743,7.730602243721455,7.528331766707247,25,21,262,724554.0,0.025155105938948,2.5657162889170437,1.2713649562414011,235.67549999999997,2157.5371148293266,7.676722625511507
25023,2015,232.0,5,1793.0,MA,2015,1411.0331054399958,7.252077413973038,7.492203042618741,25,21,263,509221.0,0.0053463583363111,3.521064527975083,1.508747481153562,223.31341666666663,1411.0331054399958,7.252077413973038
25023,2016,239.0,3,2032.0,MA,2016,1498.2954368412927,7.312083365487024,7.617267813628347,25,21,263,512207.0,0.0058638587175312,3.9671460952310302,1.6028454488658035,223.80733333333333,1494.988873661147,7.309874043429966
25023,2017,132.0,1,2164.0,MA,2017,1585.092989496687,7.368398353042624,7.68017564043659,25,21,263,515461.0,0.0063529002922646,4.198183761720091,1.6483092879838155,227.24108333333336,1557.6960205723622,7.350963098647627
25023,2020,122.0,3,2286.0,MA,2020,1828.5893850608736,7.511300120759345,7.734996194022781,25,21,263,530200.0,0.0172639398927862,4.311580535646926,1.6698894436282863,235.67549999999997,1732.6728627215925,7.457420502549398
25025,2015,983.0,11,16558.0,MA,2015,2342.3531911586756,7.758911340284655,9.714685039642484,25,21,264,782591.0,0.0115830564998771,21.157922848588854,3.098195123216296,223.31341666666663,2342.3531911586756,7.758911340284655
25025,2016,92.0,3,16650.0,MA,2016,2429.0518906420593,7.795256291739018,9.720225553665117,25,21,264,792576.0,0.0127588996040077,21.007449127906977,3.0913809927704263,223.80733333333333,2423.69125658634,7.793046969681961
25025,2017,588.0,8,17238.0,MA,2017,2511.1794817735176,7.828507834808444,9.754929537894979,25,21,264,800806.0,0.0103838622416021,21.52581274366076,3.114661884693002,227.24108333333336,2467.775904392611,7.811072580413447
25025,2018,197.0,4,17435.0,MA,2018,2597.280171945978,7.862220088764859,9.766292313358283,25,21,264,803147.0,0.0029233047704437,21.708354759464957,3.1227329078509247,231.78858333333335,2502.312671732151,7.824970651936803
25025,2019,281.0,4,17716.0,MA,2019,2685.2018140783744,7.895511167648449,9.782279909600437,25,21,264,803907.0,0.0009462775805675,22.03737496999031,3.137117895742595,234.2145,2560.2240319936345,7.847850046142127
25025,2020,774.0,14,18490.0,MA,2020,2648.333712907224,7.881685933628269,9.825039406206987,25,21,264,797181.0,-0.0083666394247096,23.194230670324558,3.1861142026876497,235.67549999999997,2509.4184584432037,7.8278063154183215
25027,2015,242.0,4,3680.0,MA,2015,1079.54086969148,6.9842911090728235,8.210939733379021,25,21,265,818117.0,0.0031770906139105,4.498134129959407,1.7044087855821421,223.31341666666663,1079.54086969148,6.9842911090728235
25027,2016,48.0,1,3728.0,MA,2016,1136.7310796199315,7.035911948291195,8.22389538017882,25,21,265,820320.0,0.0026927688826903,4.544567973473766,1.7128187049579104,223.80733333333333,1134.2224467821231,7.033702626234138
25027,2017,178.0,1,3906.0,MA,2017,1198.5641134037262,7.088879547148468,8.27052509505507,25,21,265,825749.0,0.0066181490150185,4.730250960037493,1.7457593273308252,227.24108333333336,1177.8479636343932,7.071444292753471
25027,2018,198.0,2,4104.0,MA,2018,1272.177138002068,7.14848499363996,8.31996102188653,25,21,265,829054.0,0.0040024268875893,4.95022037165251,1.783428256124199,231.78858333333335,1225.6609847082484,7.111235556811904
25027,2019,61.0,2,4165.0,MA,2019,1346.166570787129,7.2050162549901176,8.334711621820917,25,21,265,830622.0,0.0018913122667523,5.014314573897633,1.794142390131805,234.2145,1283.5117224805635,7.157355133483795
25027,2020,518.0,6,4683.0,MA,2020,1424.6222253197031,7.261661952517393,8.451907724717607,25,21,265,859669.0,0.0349701789743108,5.4474454702914725,1.8636840012411222,235.67549999999997,1349.89532893921,7.2077823343074465
25027,2021,70.0,1,4753.0,MA,2021,1547.4467207358311,7.344361574716184,8.46674164792014,25,21,265,862224.0,0.0029720741355103,5.512488634044054,1.8737216618256098,249.14216666666667,1387.0217913753963,7.234914131348872
26021,2018,81.0,1,1771.0,MI,2018,813.7015928943823,6.701593705294873,7.4798641311650265,26,22,266,153790.0,-0.0021929824561403,11.515703231679563,2.5269841144101157,231.78858333333335,783.9492361668094,6.664344268466817
26021,2019,141.0,2,1912.0,MI,2019,837.1345306934404,6.729984787195646,7.556427969440253,26,22,266,153401.0,-0.0025294232394824,12.464064771416092,2.60002426758817,234.2145,798.1716429119405,6.6823236656893235
26021,2021,63.0,1,1975.0,MI,2021,941.8978764586026,6.847896857296665,7.588829878307813,26,22,266,153352.0,-0.0054800028534925,12.878866920548804,2.6303673177802005,249.14216666666667,844.2506371250486,6.738449413929353
26021,2022,197.0,1,2172.0,MI,2022,1034.434003015694,6.941609699128983,7.6838639802564295,26,22,266,152835.0,-0.0033713287078094,14.211404455785651,2.7220454396668337,271.6895,850.246297812803,6.745526069644133
26049,2016,55.0,2,3478.0,MI,2016,628.0892772074959,6.442682317522692,8.154500175151941,26,22,267,408926.0,-0.0037396975595732,8.505206320948044,2.2518396822748286,223.80733333333333,626.7031574698312,6.440472995465634
26049,2019,293.0,3,3771.0,MI,2019,708.9325025085151,6.563760321024931,8.235360643753348,26,22,267,405813.0,-0.0021515264772995,9.292457363366871,2.331411332158018,234.2145,675.9365424481691,6.516099199518608
26049,2020,33.0,1,3804.0,MI,2020,743.0765620595625,6.610799083903741,8.244071270295786,26,22,267,405777.0,-8.871081015149329e-05,9.37460723500839,2.3393612085335116,235.67549999999997,704.0993481224874,6.5569194656937935
26049,2021,75.0,2,3879.0,MI,2021,832.3482920438131,6.724250973469167,8.263590432617319,26,22,267,404627.0,-0.0028340689590587,9.586606924401979,2.3595897045338803,249.14216666666667,746.0581379692919,6.614803530101855
26049,2022,160.0,1,4039.0,MI,2022,914.885120778987,6.818798506332111,8.303999970955196,26,22,267,401923.0,-0.0066826978921327,10.049188526160483,2.402356988720604,271.6895,751.9838719518109,6.622714876847261
26055,2023,117.0,2,998.0,MI,2023,1691.7547720574105,7.4335215958900385,6.906754778648554,26,22,268,96421.0,0.0012772850941868,10.350442331027473,2.429256715064721,278.4124166666667,1356.9493158151583,7.212994308964275
26065,2015,200.0,1,2180.0,MI,2015,724.1928559189091,6.585057732492645,7.687538766201629,26,22,269,287096.0,0.005143071208254,7.593278903224009,2.1509803748303207,223.31341666666663,724.1928559189091,6.585057732492645
26065,2016,320.0,2,2500.0,MI,2016,754.9803577363124,6.626691732667301,7.824445930877619,26,22,269,289804.0,0.0094323849862067,8.626519992822734,2.2645217890378193,223.80733333333333,753.3142041919306,6.624482410610244
26065,2017,66.0,1,2566.0,MI,2017,788.4355266168094,6.670050635928475,7.8504931808711405,26,22,269,292018.0,0.0076396461056438,8.787129560506543,2.2810682123765513,227.24108333333336,774.8080967027995,6.6526153815334785
26065,2018,123.0,3,2689.0,MI,2018,829.2994858765716,6.7205813515083,7.897296472595885,26,22,269,291612.0,-0.0013903252539226,9.22115687968945,2.324459775990468,231.78858333333335,798.9768044989585,6.683331914680244
26065,2019,60.0,1,2749.0,MI,2019,867.1728830213868,6.765238360617819,7.919356190660617,26,22,269,292406.0,0.0027227960440585,9.401311874585337,2.3419319399791725,234.2145,826.8119153519083,6.717577239111496
26065,2020,221.0,3,2970.0,MI,2020,916.1921714417954,6.820226136820847,7.9966538754626075,26,22,269,284675.0,-0.026439265952135,10.432949855097919,2.4364995245708494,235.67549999999997,868.1343802301035,6.7663465186108995
26065,2021,185.0,3,3155.0,MI,2021,997.0823222820168,6.904833336545117,8.057060681965766,26,22,269,271224.0,-0.0472503732326337,11.63245140548034,2.536269011390883,249.14216666666667,893.7140712300069,6.795385893177805
26065,2022,327.0,2,3482.0,MI,2022,1097.3847667137336,7.000685143276237,8.155649270366002,26,22,269,283477.0,0.0451766805297466,12.283183468147328,2.58649883430728,271.6895,901.988268419636,6.804601513791386
26065,2023,49.0,1,3531.0,MI,2023,1151.8840049255052,7.0491541460174085,8.16961956172385,26,22,269,284637.0,0.0040920427406809,12.40527408594104,2.5956482180242912,278.4124166666667,923.9212669583331,6.828626859091645
26075,2016,33.0,1,1265.0,MI,2016,627.4244895172144,6.441623328334316,7.143617602704121,26,22,270,158277.0,-0.0061972573839662,7.9923172665643145,2.1963705757322245,223.80733333333333,626.0398368884024,6.439414006277259
26075,2017,76.0,1,1341.0,MI,2017,680.6869798164646,6.523102552632458,7.201916317531627,26,22,270,158563.0,0.0018069586863536,8.457206283937614,2.246777020625934,227.24108333333336,668.9218908552511,6.505667298237461
26075,2020,335.0,2,1676.0,MI,2020,774.9555318951761,6.652805649507382,7.424761761823209,26,22,270,160231.0,0.010857359157151,10.45989852150957,2.4388538562307707,235.67549999999997,734.3061437962187,6.598926031297435
26075,2021,123.0,2,1799.0,MI,2021,847.5826300123799,6.742388333041613,7.495541943884256,26,22,270,160162.0,-0.0004306282804201,11.232377218066707,2.504086306776727,249.14216666666667,759.7131210174527,6.632940889674301
26077,2018,63.0,1,2276.0,MI,2018,907.2528390382524,6.810421175367151,7.7306140660637395,26,22,271,264680.0,0.0063954858972312,8.599063019495238,2.2616654915744796,231.78858333333335,874.079854808058,6.773171738539094
26077,2019,555.0,4,2831.0,MI,2019,952.256199004707,6.858834115187571,7.94873845481361,26,22,271,265066.0,0.0014583648178934,10.680358854021263,2.4579087007313047,234.2145,907.9351848060404,6.811172993681248
26077,2020,32.0,1,2863.0,MI,2020,991.6076557955652,6.899327520780249,7.9599745280805365,26,22,271,261796.0,-0.0123365501422286,10.935995966324924,2.479558705519401,235.67549999999997,939.5940333574412,6.845447902570301
26077,2021,158.0,3,3021.0,MI,2021,1069.287493209073,6.974747811452811,8.013674142832684,26,22,271,260523.0,-0.0048625647450686,11.595905160005067,2.53337177383643,249.14216666666667,958.4336794619397,6.865300368085499
26081,2015,301.0,6,3360.0,MI,2015,882.7151546566203,6.78300256040336,8.119993827725105,26,22,272,637164.0,0.0092344147471861,5.2733676102228,1.8363133093779376,223.31341666666663,882.7151546566203,6.78300256040336
26081,2016,383.0,3,3743.0,MI,2016,959.1197421670216,6.866015928576922,8.227909837597483,26,22,272,643858.0,0.0105059293996521,5.813393636485063,1.918890327384351,223.80733333333333,957.0030768239793,6.863806606519865
26081,2017,178.0,5,3921.0,MI,2017,1027.0022569378564,6.93439940752873,8.274357006756292,26,22,272,649278.0,0.0084180052123294,6.0390156450703705,1.9514683372503707,227.24108333333336,1009.2514062906193,6.916964153133733
26081,2018,178.0,3,4099.0,MI,2018,1078.8461767964386,6.983647394202351,8.318742252692399,26,22,272,653350.0,0.0062715816645566,6.27381954541976,1.9842815380937153,231.78858333333335,1039.399017559536,6.9463979573742956
26081,2019,148.0,3,4247.0,MI,2019,1134.619766992185,7.03405286673276,8.354203562921775,26,22,272,656955.0,0.0055177163847861,6.464674140542351,2.010181778403075,234.2145,1081.810975770339,6.986391745226437
26081,2020,294.0,8,4541.0,MI,2020,1185.1971494077432,7.077664410539366,8.421122722665503,26,22,272,658492.0,0.002339581858727,6.8960594813604414,2.0663638352031666,235.67549999999997,1123.029015989515,7.023784792329418
26081,2021,249.0,5,4790.0,MI,2021,1287.4572904318404,7.160424459507548,8.474494436883122,26,22,272,658852.0,0.0005467036805306,7.270221536855015,2.1126612966882967,249.14216666666667,1153.9856547984712,7.050977016140236
26081,2022,400.0,4,5190.0,MI,2022,1428.736186318728,7.264545546693937,8.55468163582723,26,22,272,658920.0,0.0001032098255753,7.876525223092333,2.1834101767189873,271.6895,1174.3404116910601,7.068461917209087
26081,2023,52.0,1,5242.0,MI,2023,1501.7951399666902,7.314416431521707,8.564649132572534,26,22,272,661354.0,0.0036939233897892,7.926163597710152,2.1889866942611835,278.4124166666667,1204.5835018949037,7.093889144595943
26093,2016,58.0,1,206.0,MI,2016,1285.580380424612,7.15896555328057,5.332718793265369,26,22,273,188547.0,0.0073515662148515,1.0925657793547499,0.738390958660279,223.80733333333333,1282.743254550431,7.156756231223513
26093,2018,96.0,1,302.0,MI,2018,1410.171454022162,7.251466574576982,5.713732805509369,26,22,273,191190.0,0.0069574285428375,1.5795805219938281,0.9476267973401182,231.78858333333335,1358.6096474416095,7.214217137748926
26093,2019,144.0,1,446.0,MI,2019,1470.994835925501,7.293694210007581,6.102558594613569,26,22,273,191995.0,0.004210471258957,2.322977160863564,1.2008611163014602,234.2145,1402.5300854966124,7.246033088501258
26099,2016,288.0,2,2384.0,MI,2016,850.8512402157804,6.746237307436152,7.776954403322442,26,22,274,868534.0,0.004131982981872,2.7448551236911856,1.320382930958188,223.80733333333333,848.9735108217632,6.744027985379095
26099,2017,79.0,1,2463.0,MI,2017,882.7304503566137,6.783019888266592,7.80954132465341,26,22,274,871364.0,0.0032583640939789,2.82660288926327,1.34197743551559,227.24108333333336,867.4732137924328,6.765584633871596
26099,2021,52.0,1,2515.0,MI,2021,1111.4007770601995,7.013376460017971,7.830425617820331,26,22,274,877646.0,-0.0029446581492732,2.865620079166315,1.3521221036255697,249.14216666666667,996.1810484828998,6.903929016650659
26099,2023,30.0,1,2545.0,MI,2023,1257.12271490812,7.13658082905045,7.842278779117352,26,22,274,875101.0,0.0009905803359508,2.9082357350751513,1.3630860535166498,278.4124166666667,1008.3327891640662,6.916053542124686
26121,2021,73.0,1,1369.0,MI,2021,880.0726758606504,6.780004490267483,7.222566018822171,26,22,275,175550.0,0.0043825521786891,7.798348048988892,2.174563982156428,249.14216666666667,788.8349001329935,6.670557046900171
26121,2022,53.0,1,1422.0,MI,2022,952.2447917828084,6.858822135963665,7.260522598089852,26,22,275,175539.0,-6.266021076617445e-05,8.100763932801259,2.208358358658792,271.6895,782.6914104374938,6.662738506478815
26125,2015,148.0,1,4291.0,MI,2015,1059.910564057395,6.965939810015707,8.36450810375059,26,22,276,1244602.0,0.0014072460701306,3.4476884980098057,1.4923845225736758,223.31341666666663,1059.910564057395,6.965939810015707
26125,2016,418.0,3,4709.0,MI,2016,1100.4910717844189,7.003511788061656,8.457443187010464,26,22,276,1251027.0,0.0051622928454235,3.764107409352476,1.5611101972826562,223.80733333333333,1098.0624164147457,7.001302466004599
26125,2017,272.0,2,4981.0,MI,2017,1153.626919519758,7.050666101487062,8.513586695822125,26,22,276,1256016.0,0.0039879235220343,3.965713812562897,1.602557056058222,227.24108333333336,1133.6874704945099,7.033230847092065
26125,2018,580.0,5,5561.0,MI,2018,1199.5314332390842,7.089686287221169,8.62371303479391,26,22,276,1256694.0,0.0005398020407383,4.425102690074115,1.691036828293291,231.78858333333335,1155.6715128219216,7.0524368503931125
26125,2019,297.0,1,5858.0,MI,2019,1243.121539604864,7.12538086597831,8.675734219544788,26,22,276,1257584.0,0.0007082074076902,4.658138144251199,1.733094888320305,234.2145,1185.26273284143,7.077719744471987
26125,2020,42.0,1,5900.0,MI,2020,1282.1511493474593,7.156294531737881,8.682877107057168,26,22,276,1272493.0,0.0118552716955686,4.636567745362843,1.7292753244780061,235.67549999999997,1214.8974070018935,7.102414913527934
26125,2021,279.0,3,6179.0,MI,2021,1404.751308235118,7.247615561285782,8.729073550451737,26,22,276,1272630.0,0.0001076626747651,4.855299655045064,1.767347175081662,249.14216666666667,1259.1197162889753,7.138168117918471
26125,2022,246.0,2,6425.0,MI,2022,1513.1572881953164,7.321953666214141,8.768107539675803,26,22,276,1271025.0,-0.001261167817826,5.054975315198364,1.8008803002334697,271.6895,1243.7297870582559,7.125870036729291
26125,2023,353.0,2,6778.0,MI,2023,1550.9492674968037,7.346622453097279,8.821584877430965,26,22,276,1270426.0,-0.0004712731850278,5.335218265369255,1.846124267065809,278.4124166666667,1244.0098187720018,7.126095166171514
26139,2017,19.0,1,1209.0,MI,2017,965.0064688536678,6.872134804791822,7.098375638590786,26,22,277,286581.0,0.0101123674712384,4.218702565766747,1.6522488203813257,227.24108333333336,948.3271620785167,6.854699550396824
26139,2018,53.0,1,1262.0,MI,2018,1012.182184085728,6.919863857445198,7.141245122350491,26,22,277,289808.0,0.0112603417532914,4.354607188207365,1.6779573469995182,231.78858333333335,975.1725411439065,6.882614420617141
26139,2022,77.0,1,1339.0,MI,2022,1343.7894967535196,7.203248884376861,7.200424892944957,26,22,277,300918.0,0.0084619947518875,4.449717198705295,1.695563717182995,271.6895,1104.5190329431537,7.00716525489201
26161,2015,251.0,2,1773.0,MI,2015,1276.1604747660142,7.151611219920325,7.480992162869525,26,22,278,362975.0,0.0082050769260682,4.884633927956471,1.7723445345219901,223.31341666666663,1276.1604747660142,7.151611219920325
26161,2016,501.0,3,2274.0,MI,2016,1323.7272593768305,7.188206717827041,7.729735331385051,26,22,278,366135.0,0.0087058337351058,6.210823876439019,1.9755832133455415,223.80733333333333,1320.805947792489,7.185997395769983
26161,2017,533.0,4,2807.0,MI,2017,1389.9456424918355,7.237019919239091,7.940227765145702,26,22,278,368807.0,0.0072978546164665,7.61102690567153,2.1530435802790606,227.24108333333336,1365.92162760679,7.219584664844095
26161,2018,17.0,1,2824.0,MI,2018,1447.689796008306,7.277724320719261,7.946263643580541,26,22,278,369483.0,0.0018329370104146,7.643112132357916,2.1567627184637246,231.78858333333335,1394.7561608552812,7.2404748838912045
26161,2019,36.0,1,2860.0,MI,2019,1504.9900156571996,7.316541543046153,7.95892649305011,26,22,278,367601.0,-0.0050936037652611,7.780174700286452,2.172496304976003,234.2145,1434.9430220828742,7.26888042153983
26161,2020,64.0,1,2924.0,MI,2020,1522.1416912489738,7.327873629521486,7.981049759665957,26,22,278,371834.0,0.0115152026245848,7.863724134963451,2.1819670075625353,235.67549999999997,1442.2995250825256,7.273994011311538
26161,2021,70.0,2,2994.0,MI,2021,1627.640455554312,7.394886671774831,8.00469951054955,26,22,278,365013.0,-0.0183442073613494,8.20244758405865,2.21946949041767,249.14216666666667,1458.9017832578445,7.285439228407519
26161,2022,174.0,2,3168.0,MI,2022,1789.388844190924,7.489629412708751,8.06117135969092,26,22,278,366504.0,0.0040847860213197,8.64383471940279,2.266318821993175,271.6895,1470.7765170957757,7.2935457832239
26163,2015,796.0,10,19311.0,MI,2015,762.5381875788072,6.636652589298069,9.868481943337313,26,22,279,1764872.0,-0.0038421181263649,10.9418700053035,2.4800507125609057,223.31341666666663,762.5381875788072,6.636652589298069
26163,2016,448.0,6,19759.0,MI,2016,787.3728953312143,6.668701954918948,9.89141497130186,26,22,279,1760612.0,-0.0024137727835219,11.222802071098005,2.503303229511598,223.80733333333333,785.635255236524,6.666492632861891
26163,2017,551.0,4,20310.0,MI,2017,825.879533019406,6.7164489190825645,9.918917890191485,26,22,279,1757217.0,-0.0019283067478808,11.558048892083335,2.5303618059860855,227.24108333333336,811.6049156617497,6.699013664687568
26163,2018,1172.0,12,21482.0,MI,2018,865.7561194540463,6.763603251642241,9.97501720367505,26,22,279,1754453.0,-0.0015729417596119,12.244272146361288,2.583565168126951,231.78858333333335,834.100430034228,6.7263538148141855
26163,2019,826.0,7,22308.0,MI,2019,912.5557130423832,6.816249138981755,10.01274546347265,26,22,279,1749343.0,-0.0029125887099853,12.75221611770819,2.6211999833226964,234.2145,870.0824849792851,6.768588017475432
26163,2020,295.0,3,22603.0,MI,2020,963.1774525493138,6.870237665382426,10.025882160749735,26,22,279,1789586.0,0.0230046365978542,12.630295498511947,2.6122949254816463,235.67549999999997,912.6551032461307,6.816358047172479
26163,2021,343.0,5,22946.0,MI,2021,1078.543992982685,6.983367255894536,10.040942487989975,26,22,279,1774807.0,-0.0082583346092336,12.928729715400042,2.6339535930664835,249.14216666666667,966.7305511576296,6.873919812527224
26163,2022,418.0,5,23364.0,MI,2022,1187.5056988205508,7.079610334904061,10.058994455134526,26,22,279,1758942.0,-0.0089390001279012,13.282984885232146,2.659068960645117,271.6895,976.0625821563026,6.883526705419211
26163,2023,192.0,1,23556.0,MI,2023,1230.016502058574,7.114782864584249,10.067178295192607,26,22,279,1751169.0,-0.004419133774735,13.451585769277552,2.670804150355764,278.4124166666667,986.5910109890888,6.894255577658485
27003,2016,189.0,2,771.0,MN,2016,1083.3389771221212,6.987803196293292,6.648984550024776,27,23,280,346526.0,0.0068279020036261,2.2249412742478194,1.1709147405463802,223.80733333333333,1080.9481744237423,6.985593874236234
27003,2018,439.0,3,1210.0,MN,2018,1188.224995245531,7.080215871927896,7.099201743553092,27,23,280,353441.0,0.0092460658532336,3.423485107839781,1.4869278713344793,231.78858333333335,1144.778485812739,7.0429664350998396
27003,2019,399.0,3,1609.0,MN,2019,1240.0148039474122,7.122878597195085,7.383989457978509,27,23,280,356921.0,0.0098460563432085,4.5080003698297375,1.7062016480105124,234.2145,1182.3005944838744,7.0752174756887625
27003,2020,372.0,2,1981.0,MN,2020,1285.7383466911108,7.159088421181023,7.591861714889934,27,23,280,364499.0,0.021231589063126,5.434857160101948,1.8617296434593706,235.67549999999997,1218.296442094928,7.105208802971076
27003,2022,73.0,1,2054.0,MN,2022,1445.373690574197,7.276123176506795,7.628031126930335,27,23,280,369108.0,0.0035508235409269,5.5647669516780995,1.8817170085227042,271.6895,1188.0155000551488,7.080039547021945
27013,2022,51.0,1,787.0,MN,2022,1035.5942086712394,6.942730655616901,6.669498089857879,27,23,281,69603.0,0.0032141827616027,11.306983894372369,2.5101668975334865,271.6895,851.1999213020281,6.7466470261320515
27019,2020,51.0,1,554.0,MN,2020,1548.1184575374073,7.344795574178922,6.318968113746434,27,23,282,107297.0,0.0210107623062356,5.163238487562561,1.8186023678990324,235.67549999999997,1466.913710408627,7.290915955968974
27019,2022,60.0,1,614.0,MN,2022,1752.034742571591,7.468533101534646,6.421622267806518,27,23,282,110120.0,0.0115837918775663,5.575735561205957,1.8833864442333366,271.6895,1440.0735563294338,7.2724494720497965
27037,2015,50.0,1,2079.0,MN,2015,1100.601857099211,7.003612451975871,7.640123172695364,27,23,283,414131.0,0.0058437063573988,5.020150628665808,1.7951122803807582,223.31341666666663,1100.601857099211,7.003612451975871
27037,2016,200.0,2,2279.0,MN,2016,1141.2648772904124,7.039892467785141,7.731930721948486,27,23,283,417555.0,0.0082679152248925,5.457963621558836,1.865314039238588,223.80733333333333,1138.7462388902331,7.037683145728084
27037,2017,141.0,3,2420.0,MN,2017,1190.8273651811585,7.082403609379051,7.791935956938058,27,23,283,421518.0,0.0094909652620613,5.741154588890629,1.9082312142430702,227.24108333333336,1170.2449384501795,7.064968354984054
27037,2018,163.0,1,2583.0,MN,2018,1248.3149030880911,7.129549843292854,7.857093864902493,27,23,283,425040.0,0.0083555150669722,6.077075098814229,1.956860700710967,231.78858333333335,1202.67125358642,7.092300406464798
27037,2020,301.0,4,2884.0,MN,2020,1351.7801917798604,7.209177663340859,7.9672801789422,27,23,283,440423.0,0.026576787616457,6.548250204916637,2.021315775462023,235.67549999999997,1280.8741392664174,7.1552980451309125
27037,2021,90.0,2,2974.0,MN,2021,1413.8480944740222,7.2540704110349195,7.99799931797973,27,23,283,442730.0,0.0052381460550425,6.717412418403994,2.043479128888448,249.14216666666667,1267.2734320685042,7.144622967667607
27037,2022,736.0,5,3710.0,MN,2022,1490.345505064707,7.306763254652655,8.219056661060598,27,23,283,443272.0,0.0012242224380547,8.36957894926817,2.2374681591967245,271.6895,1224.9797903482047,7.110679625167804
27053,2015,1432.0,9,10555.0,MN,2015,1165.2523433658114,7.060692946292074,9.264449697623215,27,23,284,1222200.0,0.0091818872411402,8.636066110292916,2.2655129454900815,223.31341666666663,1165.2523433658114,7.060692946292074
27053,2016,1532.0,12,12087.0,MN,2016,1215.0203061914867,7.102516068549794,9.399968503952575,27,23,284,1235371.0,0.0107764686630666,9.784105341634213,2.378073322448856,223.80733333333333,1212.3388981668772,7.100306746492736
27053,2017,926.0,13,13013.0,MN,2017,1280.580372551809,7.155068670207765,9.47378098005493,27,23,284,1247847.0,0.010098990505686,10.428361810382203,2.436098143858802,227.24108333333336,1258.4466422884238,7.137633415812768
27053,2018,405.0,4,13418.0,MN,2018,1339.9947327732164,7.200420962170975,9.504426892100957,27,23,284,1257925.0,0.0080763106374419,10.666772661327185,2.4567448580366493,231.78858333333335,1290.9988826351764,7.163171525342919
27053,2019,911.0,8,14329.0,MN,2019,1400.2762946998291,7.244424849488759,9.570110520822217,27,23,284,1265843.0,0.0062944929149193,11.319729223924295,2.511201979286268,234.2145,1335.1030087665752,7.196763727982436
27053,2020,1381.0,14,15710.0,MN,2020,1425.1884562682108,7.262059333971268,9.662116382947598,27,23,284,1281649.0,0.0124865405899468,12.257646204225962,2.5845744580072583,235.67549999999997,1350.431858904071,7.208179715761321
27053,2021,1113.0,10,16823.0,MN,2021,1451.950135004566,7.280662852511675,9.730561717382535,27,23,284,1270055.0,-0.0090461585036152,13.245883052308757,2.6564679563626155,249.14216666666667,1301.4254062874309,7.171215409144363
27053,2022,841.0,10,17664.0,MN,2022,1525.906430463427,7.330343893099064,9.779340559793246,27,23,284,1257066.0,-0.0102271161485132,14.051768164917355,2.7114954703349605,271.6895,1254.208861588045,7.134260263614214
27053,2023,270.0,3,17934.0,MN,2023,1560.4641732413982,7.352738602934882,9.794509389966382,27,23,284,1258713.0,0.0013101937368442,14.247886531719304,2.7244409053652245,278.4124166666667,1251.641684248859,7.132211316009118
27109,2015,49.0,1,1324.0,MN,2015,1100.3405546024114,7.003375005964892,7.1891677384203225,27,23,285,151397.0,0.009024079763801,8.7452195221834,2.2767768593536633,223.31341666666663,1100.3405546024114,7.003375005964892
27109,2016,150.0,1,1474.0,MN,2016,1137.3705364260488,7.03647433021684,7.29641326877392,27,23,285,153272.0,0.012384657555962,9.616890234354612,2.3624461513093102,223.80733333333333,1134.8604923816931,7.034265008159782
27109,2017,123.0,2,1597.0,MN,2017,1172.1206667551571,7.066569922819364,7.37650812632622,27,23,285,154727.0,0.0094929276058248,10.321404796835717,2.4266951637358343,227.24108333333336,1151.8615692161245,7.049134668424368
27109,2018,231.0,3,1828.0,MN,2018,1199.4000326209718,7.089576737932151,7.511524648390866,27,23,285,156358.0,0.0105411466647709,11.691119098479131,2.540902465267417,231.78858333333335,1155.5449167637344,7.052327301104095
27109,2019,323.0,3,2151.0,MN,2019,1251.016698310396,7.131711858347768,7.674152921281675,27,23,285,158293.0,0.0123754460916614,13.588724706714762,2.6802489499901867,234.2145,1192.7904258991096,7.084050736841445
27109,2020,116.0,2,2267.0,MN,2020,1268.227627373595,7.145375635742096,7.7266536648476425,27,23,285,163037.0,0.0299697396599976,13.904819151480952,2.7016845936435394,235.67549999999997,1201.7042271252535,7.091496017532148
27109,2021,76.0,1,2343.0,MN,2021,1331.6215648584405,7.194152700266674,7.759614150696903,27,23,285,163742.0,0.0043241718137601,14.309096016904643,2.7284471626555904,249.14216666666667,1193.5713867071272,7.084705256899362
27123,2015,359.0,4,6277.0,MN,2015,1033.687274157861,6.940887566535962,8.744806737401898,27,23,286,536631.0,0.0071978768609373,11.697050673554081,2.5413697360660716,223.31341666666663,1033.687274157861,6.940887566535962
27123,2016,367.0,6,6644.0,MN,2016,1082.0878416128978,6.986647640596263,8.801619971147346,27,23,286,541502.0,0.0090770007696163,12.269576104982068,2.585473903974222,223.80733333333333,1079.6998000245821,6.984438318539206
27123,2017,540.0,6,7184.0,MN,2017,1137.2362642538612,7.036356268341439,8.879750798513125,27,23,286,544886.0,0.0062492843978416,13.184409215872678,2.6521434188825768,227.24108333333336,1117.5801136066543,7.018921013946443
27123,2018,247.0,3,7431.0,MN,2018,1189.4791751386888,7.081270822350321,8.913550280493675,27,23,286,548872.0,0.0073152916389851,13.53867568394817,2.676812387073363,231.78858333333335,1145.9868076076607,7.044021385522265
27123,2019,778.0,8,8209.0,MN,2019,1238.8259264954045,7.1219193765976785,9.013108202446475,27,23,286,550321.0,0.0026399597720416,14.916748588551044,2.7673719251700573,234.2145,1181.1670511472926,7.0742582550913555
27123,2020,680.0,5,8889.0,MN,2020,1271.0879333650837,7.147628453190568,9.09268232850795,27,23,286,551716.0,0.0025348841857752,16.111550145364642,2.8397536825942384,235.67549999999997,1204.4144991037642,7.09374883498062
27123,2021,1067.0,10,9956.0,MN,2021,1304.024615093736,7.173210618914063,9.206031100388085,27,23,286,544025.0,-0.013940143117111,18.300629566655942,2.9601377154128046,249.14216666666667,1168.835432837946,7.063763175546751
27123,2022,60.0,1,10016.0,MN,2022,1363.40623284718,7.217741430465235,9.212038928611765,27,23,286,537303.0,-0.0123560498138872,18.641250839842698,2.9776319892813303,271.6895,1120.6428815310587,7.021657800980385
27123,2023,306.0,3,10322.0,MN,2023,1391.928665168194,7.238445593294012,9.24212969446559,27,23,286,536075.0,-0.002285488821019,19.254768455906355,3.008390245135666,278.4124166666667,1116.460069189857,7.017918306368248
27137,2015,94.0,2,1297.0,MN,2015,1154.6142383002275,7.051521574354216,7.168579897264035,27,23,287,200296.0,-0.0017692411201538,6.475416383752047,2.0116198212373466,223.31341666666663,1154.6142383002275,7.051521574354216
27137,2017,150.0,1,1447.0,MN,2017,1182.5515848620155,7.075429742976566,7.277938572945661,27,23,287,199778.0,-0.0009451559507318,7.243039774149306,2.1093691805225676,227.24108333333336,1162.1121978755375,7.05799448858157
27137,2018,120.0,3,1567.0,MN,2018,1214.157800646409,7.101805947230245,7.357556200910353,27,23,287,199685.0,-0.0004655167235632,7.847359591356386,2.1801190632450815,231.78858333333335,1169.7630786453103,7.0645565104021895
27137,2019,150.0,2,1717.0,MN,2019,1241.0278663060478,7.123695239671317,7.4489161025442,27,23,287,199070.0,-0.0030798507649547,8.625106746370625,2.2643749706443614,234.2145,1183.2665057173945,7.076034118164994
27137,2021,42.0,1,1759.0,MN,2021,1361.9870102779705,7.216699949423134,7.473069088032197,27,23,287,199521.0,-0.0028088343337514,8.816114594453717,2.284025381592068,249.14216666666667,1220.7888242688423,7.107252506055822
27139,2019,111.0,2,379.0,MN,2019,1261.073615895691,7.1397187132424484,5.940171252720432,27,23,288,149013.0,0.0123784742273644,2.5434022534946616,1.2650873541535923,234.2145,1202.379262743572,7.0920575917361255
27139,2020,48.0,1,427.0,MN,2020,1308.9039880464118,7.176945415661709,6.059123195581797,27,23,288,151347.0,0.0156630629542389,2.8213311132695065,1.3405988208918316,235.67549999999997,1240.2469567658497,7.123065797451762
27139,2022,61.0,1,488.0,MN,2022,1484.2168081456043,7.302642510189336,6.192362489474872,27,23,288,154423.0,0.0052860797729328,3.160151013773855,1.4255513750022384,271.6895,1219.94234779441,7.106558880704485
27145,2016,73.0,2,971.0,MN,2016,785.8137372262684,6.666719788806968,6.879355804460439,27,23,289,157225.0,0.0078331826952045,6.175862617268246,1.97072297982243,223.80733333333333,784.0795380115642,6.664510466749911
27145,2022,23.0,1,994.0,MN,2022,1088.6719269996638,6.992713816754788,6.902742737158593,27,23,289,160242.0,0.0065199366850079,6.20311778435117,1.9745139578978086,271.6895,894.8268065102949,6.796630187269939
27163,2016,354.0,4,1921.0,MN,2016,1244.8426254106816,7.126764395616361,7.561121589530238,27,23,290,252502.0,0.008450951730528,7.607860531797768,2.152675801127132,223.80733333333333,1242.0954030077778,7.124555073559303
27163,2017,226.0,2,2147.0,MN,2017,1302.3985099552883,7.171962851171522,7.672292455628756,27,23,290,255464.0,0.0117306001536621,8.404315285128238,2.2411686568202223,227.24108333333336,1279.8876719534987,7.154527596776526
27163,2019,329.0,3,2476.0,MN,2019,1422.3178448480237,7.260043104970108,7.814803429489359,27,23,290,262440.0,0.0136771482315498,9.434537418076513,2.3451212097024383,234.2145,1356.1186754832943,7.212381983463785
27163,2020,45.0,1,2521.0,MN,2020,1486.5432318902242,7.304208725022464,7.8328075165248645,27,23,290,268389.0,0.0226680384087791,9.393082428862582,2.3411404337653057,235.67549999999997,1408.5683413681734,7.250329106812517
27163,2021,45.0,1,2566.0,MN,2021,1591.2127578800307,7.37225174528039,7.8504931808711405,27,23,290,272865.0,0.0166772855817489,9.403917688234108,2.3421824360051384,249.14216666666667,1426.2505715509644,7.262804301913078
27163,2022,47.0,1,2613.0,MN,2022,1692.355986425586,7.433876911905032,7.868636894184167,27,23,290,276169.0,0.0121085518479835,9.46159778975917,2.3477111993383555,271.6895,1391.0209910393462,7.237793282420182
27163,2023,235.0,1,2848.0,MN,2023,1751.6043005872807,7.46828739015789,7.954723334497908,27,23,290,278936.0,0.0100192273571617,10.210227435684171,2.4168265255209125,278.4124166666667,1404.9543683983416,7.247760103232126
27171,2020,47.0,1,808.0,MN,2020,1155.4647181465386,7.052257895407108,6.695798917058491,27,23,291,141883.0,0.0253365805010947,5.694833066681703,1.9013360448041527,235.67549999999997,1094.8561647141537,6.99837827719716
27171,2021,49.0,1,857.0,MN,2021,1240.497142519603,7.123267499638355,6.754604099487962,27,23,291,145204.0,0.023406609671349,5.902041266080825,1.9318172035163599,249.14216666666667,1111.8938996461434,7.013820056271043
28033,2021,96.0,2,961.0,MS,2021,1408.7006790354924,7.250423054296025,6.8690144506657065,28,24,292,189004.0,0.0154844671774427,5.084548475164547,1.8057525207552645,249.14216666666667,1262.6596529400647,7.140975610928713
28033,2023,152.0,1,1113.0,MS,2023,1607.5450635828936,7.382463489051908,7.01571242048723,28,24,292,193247.0,0.0110021763696479,5.759468452291627,1.9109442556454619,278.4124166666667,1289.4050663844187,7.161936202126144
28035,2022,40.0,1,1650.0,MS,2022,950.0983734970054,6.856565530283026,7.409136443920128,28,24,293,77976.0,0.001374102659595,21.16035703293321,3.0983049733437515,271.6895,780.9271758940223,6.6604819007981755
28047,2022,80.0,1,4036.0,MS,2022,1208.323761089219,7.096989356732089,8.30325712085294,28,24,294,210443.0,0.0045731197937799,19.178589926963596,3.004622137705296,271.6895,993.1738529768375,6.900905727247239
28047,2023,42.0,1,4078.0,MS,2023,1297.02611745869,7.1678293209361295,8.313607139317558,28,24,294,210612.0,0.0008030678140873,19.362619413898546,3.0137008383135977,278.4124166666667,1040.3391388336713,6.947302034010366
28049,2016,6.0,1,6178.0,MS,2016,890.3835224866382,6.791652294047332,8.72891172506098,28,24,295,242176.0,-0.0083532610475972,25.510372621564482,3.2775360760891554,223.80733333333333,888.4185499590106,6.789442971990274
28049,2019,36.0,1,6214.0,MS,2019,944.257377268838,6.8503987743964,8.734721003944811,28,24,295,231840.0,-0.0168939548137594,26.80296756383713,3.3251427619001626,234.2145,900.3086535232013,6.802737652890077
28049,2020,260.0,2,6474.0,MS,2020,980.533652715355,6.888096967041657,8.775703886567738,28,24,295,226765.0,-0.0218900966183575,28.549379313386105,3.3860627390083633,235.67549999999997,929.1009041861063,6.83421734883171
28049,2021,159.0,2,6633.0,MS,2021,1035.871162404346,6.94299805447244,8.799963219506997,28,24,295,222464.0,-0.0189667717681299,29.81606012658228,3.4280359867619903,249.14216666666667,928.4816440264801,6.833550611105128
28049,2022,262.0,3,6895.0,MS,2022,1106.306756535719,7.008782500349088,8.83869681234353,28,24,295,217555.0,-0.022066491657077,31.693135069292826,3.487165119144536,271.6895,909.3216398992581,6.812698870864238
28049,2023,203.0,2,7098.0,MS,2023,1163.0546583572543,7.0588051491419534,8.867709208039386,28,24,295,214870.0,-0.0123417066948587,33.0339274910411,3.527357894461023,278.4124166666667,932.8812006211688,6.83827786221619
28071,2021,46.0,1,323.0,MS,2021,1408.338512826648,7.250165928863134,5.780743515792329,28,24,296,56902.0,0.0176881941587823,5.676426136163931,1.8985828348235771,249.14216666666667,1262.3350327660478,7.140718485495822
28081,2023,48.0,1,1237.0,MS,2023,1039.4579035894767,6.9464546096906306,7.121252453244542,28,24,297,82799.0,-0.0003018448758813,14.939793958864238,2.768818747234878,278.4124166666667,833.7447686812457,6.725927322764867
28089,2019,60.0,1,731.0,MS,2019,1137.1154103630602,7.0362499928764235,6.595780513961311,28,24,298,106272.0,0.0059064061790095,6.878575730201747,2.0641471426352047,234.2145,1084.1904640083926,6.9885888713701005
28089,2020,40.0,1,771.0,MS,2020,1166.3621799947691,7.061644936170038,6.648984550024776,28,24,298,109266.0,0.0281729900632339,7.056174839382791,2.0864388581825906,235.67549999999997,1105.1820129178195,7.00776531796009
28089,2023,36.0,1,807.0,MS,2023,1421.1894856926958,7.2592494659297335,6.694562058521095,28,24,298,112511.0,0.0111439638360399,7.172632009314644,2.100791012353884,278.4124166666667,1139.9300490277892,7.038722179003969
28121,2020,60.0,2,856.0,MS,2020,1201.6026419722837,7.091411479719407,6.75343791859778,28,24,299,157162.0,0.0121787069059902,5.446609231239103,1.8635542919955979,235.67549999999997,1138.5739775858078,7.03753186150946
29001,2023,43.0,1,355.0,MO,2023,885.7735304599079,6.786461308969813,5.87493073085203,29,25,300,25122.0,-0.0011530356645859,14.131040522251412,2.716748297560581,278.4124166666667,710.4751858704735,6.56593402204405
29019,2016,25.0,1,771.0,MO,2016,810.121302030518,6.697183992047467,6.648984550024776,29,25,301,176315.0,0.010957317492718,4.372855400845078,1.6813594992023524,223.80733333333333,808.3334588569493,6.694974669990409
29019,2017,388.0,3,1159.0,MO,2017,823.0936317875868,6.713069963085088,7.05617528410041,29,25,301,178012.0,0.0096248192156085,6.510797024919668,2.016341588629457,227.24108333333336,808.8671663364622,6.695634708690092
29019,2018,183.0,2,1342.0,MO,2018,842.4993435587053,6.736372883067406,7.202661196523238,29,25,301,179061.0,0.0058928611554276,7.494652660266613,2.1394368667384316,231.78858333333335,811.6940197997309,6.6991234462393505
29019,2019,54.0,1,1396.0,MO,2019,864.5492462886817,6.762208268554319,7.242082359256962,29,25,301,180463.0,0.007829734001262,7.735657724852186,2.1674132383874927,234.2145,824.3103909677537,6.714547147047996
29019,2023,34.0,1,1430.0,MO,2023,1181.0343059695058,7.074145864013833,7.266128779556451,29,25,301,189463.0,0.0092797289594663,7.547647825696838,2.145656136993859,278.4124166666667,947.3025995904601,6.853618577088069
29021,2022,98.0,1,1434.0,MO,2022,710.7463708210967,6.566315644392286,7.268920128193722,29,25,302,82891.0,-0.0087535725817059,17.299827484286595,2.9068916327147756,271.6895,584.193354735802,6.370232014907435
29031,2022,25.0,1,621.0,MO,2022,894.3376213485086,6.7960833563958625,6.432940092739179,29,25,303,82931.0,0.0097282423415965,7.488152801726737,2.138671403238093,271.6895,735.0949884955988,6.599999726911012
29037,2016,104.0,2,597.0,MO,2016,1061.1363728199606,6.967095662701214,6.393590753950631,29,25,304,102622.0,0.012660476223369,5.817466040420183,1.9194878544887033,223.80733333333333,1058.794568678264,6.964886340644156
29037,2017,48.0,1,645.0,MO,2017,1085.9372519170631,6.990198719742711,6.470799503782602,29,25,304,103477.0,0.0083315468418077,6.233269228910773,1.9786911094764672,227.24108333333336,1067.1677605738546,6.972763465347715
29047,2016,66.0,2,1982.0,MO,2016,890.9231371121542,6.792258157882304,7.592366128519796,29,25,305,238583.0,0.0145517326427426,8.307381498262659,2.230807794829014,223.80733333333333,888.9569737180204,6.790048835825246
29047,2017,135.0,3,2117.0,MO,2017,927.119030798367,6.83208196163596,7.658227526161352,29,25,305,242527.0,0.016530934727118,8.72892502690422,2.2751034098174596,227.24108333333336,911.0945758015667,6.814646707240963
29047,2018,48.0,1,2165.0,MO,2018,957.255268575444,6.86407009420796,7.680637427560936,29,25,305,246360.0,0.015804425898972,8.787952589706121,2.2811523018525235,231.78858333333335,922.2539849615112,6.826820657379904
29047,2019,34.0,1,2199.0,MO,2019,991.579467545228,6.899299093558221,7.696212639346407,29,25,305,249948.0,0.0145640526059425,8.797829948629314,2.2821609273431043,234.2145,945.4282241024315,6.851637972051898
29047,2020,50.0,1,2249.0,MO,2020,1039.5787607042269,6.946570872301061,7.718685495198466,29,25,305,254137.0,0.0167594859730824,8.849557522123893,2.287426532563204,235.67549999999997,985.04886993752,6.8926912540911145
29047,2021,44.0,1,2293.0,MO,2021,1127.06407469283,7.027371366632004,7.738052297689316,29,25,305,255871.0,0.0068230914821534,8.961547029557863,2.2987323837877414,249.14216666666667,1010.2205206341132,6.917923923264692
29047,2022,32.0,1,2325.0,MO,2022,1232.910965460596,7.117133290873885,7.75190533307861,29,25,305,256930.0,0.0041388043193639,9.049157358035263,2.307488786018283,271.6895,1013.3831456232363,6.921049661389034
29077,2015,85.0,2,2652.0,MO,2015,689.3165688665596,6.535700626838405,7.88344635413774,29,25,306,287312.0,0.0072605270630798,9.230383694381022,2.325362086042287,223.31341666666663,689.3165688665596,6.535700626838405
29077,2016,128.0,4,2780.0,MO,2016,708.075009955695,6.562550034346916,7.930565854233965,29,25,306,287818.0,0.0017611516400288,9.65888165437881,2.366393502763179,223.80733333333333,706.5123710400771,6.560340712289859
29077,2017,36.0,1,2816.0,MO,2017,731.1839268923268,6.59466503807712,7.943427767876373,29,25,306,289512.0,0.0058856638570208,9.726712536958745,2.372737129172759,227.24108333333336,718.5460416352632,6.577229783682124
29077,2018,77.0,2,2893.0,MO,2018,757.4710629058322,6.629985335869476,7.970394907191429,29,25,306,291054.0,0.0053262040951669,9.93973626887107,2.392401689653079,231.78858333333335,729.7747311409842,6.592735899041419
29077,2019,48.0,1,2941.0,MO,2019,803.039370387924,6.688403741870557,7.9868449011613825,29,25,306,293086.0,0.0069815223291898,10.03459735367776,2.4010355509304198,234.2145,765.6633791638694,6.640742620364234
29077,2020,38.0,1,2979.0,MO,2020,856.2298068599072,6.752538806069041,7.9996785794994505,29,25,306,299328.0,0.0212975031219504,9.952293136626043,2.3935488532073976,235.67549999999997,811.3172715098768,6.698659187859094
29077,2022,21.0,1,3000.0,MO,2022,1074.4141638583917,6.979530828162333,8.006700845440367,29,25,306,303197.0,0.0069711522494337,9.894557004191993,2.3882633071010844,271.6895,883.1077308702663,6.783447198677483
29077,2023,39.0,1,3039.0,MO,2023,1120.6628178899664,7.02167559093105,8.019612794400267,29,25,306,304611.0,0.0046636345346424,9.976658754936624,2.395771086942797,278.4124166666667,898.8788854698571,6.801148304005286
29095,2016,150.0,4,13308.0,MO,2016,838.2522279418477,6.731319043191714,9.496195777086555,29,25,307,692430.0,0.0082223933906342,19.219271262077033,3.0066361724916675,223.80733333333333,836.4023030976321,6.729109721134657
29095,2017,311.0,4,13619.0,MO,2017,876.2851000305932,6.775691494642791,9.519294579703503,29,25,307,698072.0,0.0081481160550525,19.50944888206374,3.0208857010291528,227.24108333333336,861.1392658029052,6.758256240247794
29095,2018,283.0,4,13902.0,MO,2018,913.4620576967772,6.817241839867089,9.539859923169542,29,25,307,700784.0,0.0038849860759349,19.837781684513345,3.036767766138553,231.78858333333335,880.0620382854536,6.779992403039033
29095,2019,197.0,3,14099.0,MO,2019,952.9225464368463,6.859533626937747,9.55393007636626,29,25,307,703011.0,0.0031778693577479,20.05516272149369,3.047145789985532,234.2145,908.5705183219333,6.811872505431424
29095,2020,36.0,1,14135.0,MO,2020,1002.7234222597498,6.910474999446995,9.556480013999533,29,25,307,717615.0,0.020773501410362,19.69719139092689,3.0299980094680077,235.67549999999997,950.1267352631795,6.856595381237048
29095,2021,62.0,2,14197.0,MO,2021,1083.5274759860197,6.987977179202209,9.560856388599332,29,25,307,717875.0,0.0003623112671835,19.776423472052933,3.033818856904596,249.14216666666667,971.197392845909,6.878529735834897
29095,2022,141.0,2,14338.0,MO,2022,1182.6556615009908,7.075517749335589,9.57073837671504,29,25,307,716218.0,-0.0023082012885251,20.01904448087035,3.04542890679761,271.6895,972.0761255402324,6.879434119850738
29095,2023,43.0,1,14381.0,MO,2023,1255.1206271741164,7.134986964217128,9.57373270366244,29,25,307,718560.0,0.0032699541201142,20.013638387886886,3.045171673966189,278.4124166666667,1006.7269230978194,6.914459677291364
29097,2023,80.0,2,2310.0,MO,2023,1028.9091097715689,6.9362544032366005,7.745435610274381,29,25,308,125056.0,0.0083860147077796,18.47172466734903,2.9689633962185904,278.4124166666667,825.2836259729103,6.715727116310837
29099,2023,51.0,1,2006.0,MO,2023,1285.27449196959,7.158727586945131,7.604396348796338,29,25,309,231230.0,0.0087688683360962,8.675344894693595,2.2695808863108153,278.4124166666667,1030.9132099516992,6.938200300019367
29101,2021,45.0,1,256.0,MO,2021,799.3893004768225,6.683848061745347,5.54907608489522,29,25,310,54194.0,0.0030167866595103,4.723770159058199,1.744627706984835,249.14216666666667,716.5160290794713,6.574400618378035
29101,2022,56.0,1,312.0,MO,2022,860.6982444412287,6.757743971966151,5.746203190540153,29,25,310,54449.0,0.0047053179318743,5.730132784807802,1.9065948737454743,271.6895,707.4453215349602,6.5616603424813
29101,2023,52.0,1,364.0,MO,2023,914.5054364111652,6.818383412494678,5.8998973535824915,29,25,310,54962.0,0.0094216606365589,6.622757541574178,2.0311381863313707,278.4124166666667,733.5209255761222,6.5978561255689145
29165,2016,48.0,1,481.0,MO,2016,986.7441102042376,6.894410745641674,6.1779441140506,29,25,311,98641.0,0.0227694540930063,4.876268488762279,1.7709219497051831,223.80733333333333,984.566481104662,6.892201423584616
29183,2015,42.0,1,2142.0,MO,2015,1003.252964327524,6.91100296386733,7.669961995473577,29,25,312,384978.0,0.0135160750202714,5.5639543038823,1.8815932115769058,223.31341666666663,1003.252964327524,6.91100296386733
29183,2016,225.0,5,2367.0,MO,2016,1031.301702687104,6.938577072331136,7.769800996003896,29,25,312,390541.0,0.0144501763737148,6.060823319446614,1.9545616621912165,223.80733333333333,1029.0257401807266,6.936367750274079
29183,2017,50.0,1,2417.0,MO,2017,1059.6455580523932,6.965689751993069,7.790696031174738,29,25,312,395130.0,0.0117503667988765,6.116974160402905,1.962482657623864,227.24108333333336,1041.3304960231437,6.9482544975980725
29183,2018,38.0,1,2455.0,MO,2018,1086.456677924077,6.990676925845,7.806289289267033,29,25,312,398780.0,0.0092374661503809,6.156276643763479,1.9679898238935705,231.78858333333335,1046.7312467181846,6.953427489016944
29183,2020,38.0,1,2493.0,MO,2020,1158.765699231563,7.055110665208189,7.821643126239982,29,25,312,406417.0,0.0109322375392391,6.134093800210129,1.9648852351836126,235.67549999999997,1097.9839966884101,7.001231046998242
29189,2015,54.0,1,5847.0,MO,2015,884.0434947696386,6.784506263655351,8.673855001429615,29,25,313,1001109.0,0.0005806933938881,5.840522860148096,1.9228641702550726,223.31341666666663,884.0434947696386,6.784506263655351
29189,2016,446.0,7,6293.0,MO,2016,903.0949983947326,6.8058277509784695,8.747352077624353,29,25,313,997837.0,-0.0032683753717127,6.306641265056317,1.9887836969078954,223.80733333333333,901.1019731231872,6.803618428921412
29189,2017,109.0,3,6402.0,MO,2017,923.2899066611176,6.8279432769102275,8.764521909518802,29,25,313,996227.0,-0.0016134899788241,6.426246227014526,2.0050205126270253,227.24108333333336,907.3316347814535,6.810508022515231
29189,2018,48.0,1,6450.0,MO,2018,946.151136095305,6.852402319605355,8.771990436532242,29,25,313,995219.0,-0.0010118175877585,6.480985592115907,2.0123645469581777,231.78858333333335,911.5558663242653,6.815152882777299
29189,2019,103.0,2,6553.0,MO,2019,980.325577071546,6.887884737992851,8.787830829258759,29,25,313,994205.0,-0.0010188712233186,6.591195980708204,2.0269891522100205,234.2145,934.6981252722123,6.840223616486528
29189,2020,84.0,2,6637.0,MO,2020,1020.7852850213744,6.9283274973429885,8.80056599227992,29,25,313,1003130.0,0.0089770218415718,6.616291009141388,2.0302895069929723,235.67549999999997,967.2411840907531,6.874447879133041
29189,2021,50.0,1,6687.0,MO,2021,1105.0742390716591,7.007667796375298,8.808070154764538,29,25,313,998439.0,-0.0046763629838605,6.697454726828579,2.0408897192569784,249.14216666666667,990.5103872985864,6.898220353007986
29510,2015,198.0,3,8604.0,MO,2015,818.8774383159098,6.707934424688773,9.06009870864564,29,25,314,316010.0,-0.0043761952621148,27.226986487769373,3.340278487993838,223.31341666666663,818.8774383159098,6.707934424688773
29510,2016,240.0,4,8844.0,MO,2016,843.3720234701968,6.737408169633754,9.087607606593886,29,25,314,312633.0,-0.0106863706844719,28.288760303614783,3.3772038350417257,223.80733333333333,841.510799834723,6.735198847576696
29510,2017,99.0,2,8943.0,MO,2017,873.5796548563567,6.772599315864548,9.09873819539488,29,25,314,308233.0,-0.0140740101013009,29.013765560468865,3.40165612843739,227.24108333333336,858.4805819214484,6.755164061469551
29510,2018,161.0,4,9104.0,MO,2018,903.934452902348,6.80675684991197,9.116578992161708,29,25,314,303419.0,-0.0156180551725479,30.004712954693016,3.4341392237261847,231.78858333333335,870.8828028429816,6.769507413083914
29510,2019,79.0,2,9183.0,MO,2019,936.2089202104988,6.8418386569240806,9.125218118559348,29,25,314,300576.0,-0.0093698812533163,30.55134142446503,3.4516161054990726,234.2145,892.6347971027292,6.794177535417758
29510,2020,116.0,3,9299.0,MO,2020,982.3799920713244,6.889978190808572,9.137769679141348,29,25,314,300496.0,-0.0002661556478228,30.94550343432192,3.464031433339173,235.67549999999997,930.8503959657256,6.836098572598624
29510,2022,49.0,1,9348.0,MO,2022,1139.4958722030046,7.038341226215821,9.143024664691316,29,25,314,286193.0,-0.0253012376456804,32.66327268661358,3.516407411802645,271.6895,936.6012175634916,6.8422575967309704
29510,2023,35.0,1,9383.0,MO,2023,1195.382056984981,7.086221126226457,9.146761390333312,29,25,314,281754.0,-0.0155105121369145,33.30210041383618,3.5352065888520037,278.4124166666667,958.8108697283703,6.865693839300693
30013,2017,96.0,1,474.0,MT,2017,778.790767452647,6.657742418590393,6.163314804034641,30,26,315,81633.0,0.0008705034207105,5.80647532247988,1.9178744123823712,227.24108333333336,765.3300389049632,6.640307164195397
30013,2019,32.0,1,506.0,MT,2019,815.1785585973748,6.7034071795476144,6.2285110035911835,30,26,315,81366.0,-0.003941827440995,6.218813755131135,1.976690639562704,234.2145,777.2375711742368,6.6557460580412915
30013,2020,92.0,1,598.0,MT,2020,844.8363695168333,6.739142963063246,6.395261598115449,30,26,315,84407.0,0.0373743332595923,7.0847204615730925,2.0899759174867656,235.67549999999997,800.5214636271762,6.685263344853299
30031,2021,72.0,1,777.0,MT,2021,1794.455894610242,7.492457132191574,6.656726524178391,30,26,316,123098.0,0.0292733095311754,6.312044062454305,1.9895228601805064,249.14216666666667,1608.423344167164,7.383009688824262
30031,2022,402.0,5,1179.0,MT,2022,2027.07463070815,7.614348964081154,7.07326971745971,30,26,316,124938.0,0.0149474402508571,9.436680593574414,2.3453265810903696,271.6895,1666.1408027242805,7.418265334596304
30031,2023,60.0,1,1239.0,MT,2023,2102.8239097936716,7.651036439336076,7.122866658599083,30,26,316,126409.0,0.011773839824553,9.801517297027901,2.3796866147278593,278.4124166666667,1686.6661249042106,7.430509152410313
30063,2016,97.0,2,1096.0,MT,2016,813.5224638336495,6.701373540086872,7.00033446027523,30,26,317,116349.0,0.0195142040973694,9.4199348511805,2.3437207840197347,223.80733333333333,811.727114692892,6.699164218029815
30063,2017,6.0,1,1102.0,MT,2017,844.9186321075009,6.739240329356766,7.005789019253503,30,26,317,117834.0,0.012763324136864,9.352139450413294,2.337193208534631,227.24108333333336,830.3149402983645,6.721805074961769
30063,2021,36.0,1,1138.0,MT,2021,1177.4402783578876,7.071098105587664,7.037905963447182,30,26,317,119841.0,0.0126238941418033,9.495915421266512,2.350986173982005,249.14216666666667,1055.3741865496509,6.961650662220352
30063,2022,202.0,1,1340.0,MT,2022,1324.049132249719,7.188449844758372,7.201170883281678,30,26,317,121011.0,0.0097629358900543,11.073373494971532,2.4910024902563515,271.6895,1088.2935687879724,6.992366215273522
30063,2023,200.0,1,1540.0,MT,2023,1370.5596585061205,7.222974445263217,7.340186835320115,30,26,317,121849.0,0.0069249902901389,12.638593669213535,2.6129035436696992,278.4124166666667,1099.3200797252575,7.0024471583374535
30111,2018,54.0,2,901.0,MT,2018,859.655460688586,6.756531681868779,6.804614520062624,30,26,318,160029.0,0.0047907274622329,5.630229520899337,1.8916394221354167,231.78858333333335,828.2228370430616,6.719282245040723
30111,2019,35.0,1,936.0,MT,2019,886.6038007040037,6.787398209132357,6.842683282238422,30,26,318,161300.0,0.0079423104562297,5.802851828890267,1.9173419108655902,234.2145,845.3384566918933,6.739737087626035
30111,2020,221.0,2,1157.0,MT,2020,933.5147014320984,6.838956711579887,7.05444965813294,30,26,318,165218.0,0.0242901425914445,7.002868936798654,2.079800094491925,235.67549999999997,884.5482771241182,6.78507709336994
30111,2021,54.0,1,1211.0,MT,2021,1044.5635032934715,6.951354376940249,7.10002716662926,30,26,318,167438.0,0.0134367926012903,7.232527861059019,2.1080931195394874,249.14216666666667,936.2728436004128,6.841906933572937
30111,2023,163.0,3,1374.0,MT,2023,1249.154690977889,7.130222354320371,7.226209010100671,30,26,318,170843.0,0.0057279095779125,8.042471743062343,2.2019325599359814,278.4124166666667,1001.941671019102,6.909695067394607
31055,2015,27.0,1,3305.0,NE,2015,842.373082653201,6.736223007143536,8.10349427838097,31,27,319,549029.0,0.0110938204988904,6.019718448387972,1.9487231101661695,223.31341666666663,842.373082653201,6.736223007143536
31055,2016,548.0,6,3853.0,NE,2016,871.7507550013187,6.770503551630887,8.256866848974312,31,27,319,555607.0,0.0119811521795751,6.934757841423885,2.071252835733727,223.80733333333333,869.8269028171136,6.768294229573829
31055,2017,117.0,3,3970.0,NE,2017,907.3100871497954,6.810484273880557,8.286773231131251,31,27,319,560733.0,0.0092259456774301,7.080018475816476,2.0893941591413396,227.24108333333336,891.6280127055304,6.793049019485561
31055,2018,157.0,4,4127.0,NE,2018,935.225151474765,6.840787304016452,8.325548307161398,31,27,319,566391.0,0.0100903638630149,7.286485837522135,2.114625975477501,231.78858333333335,901.0293817106922,6.803537867188396
31055,2019,16.0,1,4143.0,NE,2019,968.136615654848,6.875373209193254,8.329416783939319,31,27,319,571327.0,0.0087148277426725,7.251538961050327,2.1103997236834036,234.2145,923.0764766570283,6.827712087686931
31055,2020,357.0,5,4500.0,NE,2020,1011.6438917830322,6.91933190233126,8.412054873292933,31,27,319,585431.0,0.0246863880054679,7.686644540518012,2.1617867358862064,235.67549999999997,958.5792919672708,6.865452284121313
31055,2021,145.0,5,4645.0,NE,2021,1073.939120107031,6.97908858827316,8.443761913330354,31,27,319,585452.0,3.5871007855847736e-05,7.934040707009284,2.189868779334286,249.14216666666667,962.6030688091527,6.869641144905848
31055,2022,74.0,4,4719.0,NE,2022,1170.3040801083264,7.065018891552774,8.459564078579602,31,27,319,586106.0,0.0011170856022355,8.051444619232697,2.2029243714074433,271.6895,961.9238235851244,6.868935262067923
31055,2023,188.0,4,4907.0,NE,2023,1254.22774295396,7.13427531790411,8.498621805830801,31,27,319,589540.0,0.0058590084387466,8.32343861315602,2.2325315105616625,278.4124166666667,1006.0107444579506,6.913748030978346
31109,2017,70.0,1,1676.0,NE,2017,876.9025904397989,6.776395914868983,7.424761761823209,31,27,320,313772.0,0.0111696196657493,5.341458128832401,1.8471087307805973,227.24108333333336,861.746083421515,6.758960660473987
31109,2018,15.0,1,1691.0,NE,2018,909.2286870692892,6.812596643470614,7.433666540166168,31,27,320,316527.0,0.0087802608263325,5.342356260287432,1.8472503492920291,231.78858333333335,875.9834575147988,6.775347206642558
31109,2023,130.0,2,1821.0,NE,2023,1182.6420234084555,7.075506217516467,7.507690077819904,31,27,320,326716.0,0.0070337880739996,5.57364806131319,1.8830689388703126,278.4124166666667,948.592142918394,6.854978930590703
31153,2023,38.0,1,832.0,NE,2023,1326.633469461534,7.190399786278348,6.725033642166843,31,27,321,199886.0,0.0176095954222179,4.162372552354842,1.6413962707872294,278.4124166666667,1064.0870700982593,6.969872499352585
32003,2015,717.0,7,17062.0,NV,2015,988.8614553127632,6.896554236180647,9.744667655527264,32,28,322,2096717.0,0.0212275477392123,8.137483503973115,2.2123850197635275,223.31341666666663,988.8614553127632,6.896554236180647
32003,2016,408.0,3,17470.0,NV,2016,1029.6169951746622,6.936942162725582,9.768297642474444,32,28,322,2138836.0,0.0200880710176909,8.167994180011933,2.21571852515673,223.80733333333333,1027.344750621162,6.9347328406685245
32003,2017,369.0,3,17839.0,NV,2017,1088.4182300389068,6.992480756161423,9.789198406134,32,28,322,2181635.0,0.0200104168809576,8.176894851796932,2.2166888959742352,227.24108333333336,1069.6058571228464,6.975045501766426
32003,2018,258.0,2,18097.0,NV,2018,1164.4997811493745,7.0600469013891045,9.803556713911078,32,28,322,2226115.0,0.0203883784409399,8.129409307246032,2.2115009945123414,231.78858333333335,1121.920765450638,7.022797464561049
32003,2019,746.0,8,18843.0,NV,2019,1238.8676075940823,7.121953021677757,9.843949839819931,32,28,322,2266715.0,0.0182380514932967,8.312910974692452,2.2314017142425104,234.2145,1181.2067922758572,7.074291900171434
32003,2020,353.0,3,19196.0,NV,2020,1290.571030253622,7.162840058522411,9.86250929580757,32,28,322,2274887.0,0.0036052172416911,8.438221327037343,2.244767543658323,235.67549999999997,1222.8756328806192,7.1089604403124635
32003,2021,243.0,1,19439.0,NV,2021,1509.500308821658,7.319533953732271,9.87508807801443,32,28,322,2295310.0,0.0089775887769369,8.469008543508284,2.248024207261837,249.14216666666667,1353.0093116407547,7.210086510364959
32003,2022,103.0,2,19542.0,NV,2022,1681.256833192009,7.427296907694014,9.880372445030076,32,28,322,2322535.0,0.0118611429392978,8.414082026750942,2.2422066562138756,271.6895,1381.8981142601665,7.231213278209164
32003,2023,99.0,3,19641.0,NV,2023,1671.367019731597,7.421397145250839,9.885425409717719,32,28,322,2336573.0,0.0060442576753418,8.405900436237172,2.2413371983336385,278.4124166666667,1340.5963862851434,7.200869858325075
32031,2015,44.0,1,5050.0,NV,2015,964.5431360109986,6.871654555048144,8.527341522468053,32,28,323,442453.0,0.0140864116321763,11.413641674934965,2.5187960029812637,223.31341666666663,964.5431360109986,6.871654555048144
32031,2016,210.0,3,5260.0,NV,2016,1043.9145440076857,6.950732910693562,8.568076401730806,32,28,323,449723.0,0.0164311237577776,11.696088481131719,2.5412939524130964,223.80733333333333,1041.6107464324148,6.948523588636504
32031,2017,181.0,1,5441.0,NV,2017,1148.3149182625243,7.046050858304933,8.601901919343192,32,28,323,456629.0,0.0153561192111588,11.915581358170419,2.5584344397174617,227.24108333333336,1128.4672826099518,7.028615603909937
32031,2018,230.0,1,5671.0,NV,2018,1271.3440511886192,7.1478299278620305,8.643297068211963,32,28,323,464354.0,0.0169174537753844,12.212665337221171,2.581175864815027,231.78858333333335,1224.8583590568217,7.110580491033974
32031,2019,72.0,1,5743.0,NV,2019,1346.4145358251242,7.205200438885702,8.65591111072806,32,28,323,471519.0,0.0154300382897529,12.179784907925237,2.578684209360409,234.2145,1283.7481464417126,7.157539317379379
32031,2020,692.0,3,6435.0,NV,2020,1406.3820880518117,7.24877579082294,8.769662508112274,32,28,323,487710.0,0.0343379588097192,13.194316294519282,2.6528416235320735,235.67549999999997,1332.61195678656,7.194896172612992
32031,2021,205.0,2,6640.0,NV,2021,1590.5995486438444,7.371866298758279,8.801017833540714,32,28,323,494300.0,0.0135121281089172,13.433137770584665,2.669526796866416,249.14216666666667,1425.7009341632174,7.262418855390967
32031,2022,207.0,1,6847.0,NV,2022,1680.0988326420377,7.426607899620543,8.831711917821577,32,28,323,496980.0,0.005421808618248,13.777214374823936,2.6930864251468436,271.6895,1380.9463032431195,7.230524270135693
32031,2023,40.0,1,6887.0,NV,2023,1695.1124595371682,7.435504365423171,8.837536046107568,32,28,323,498022.0,0.0020966638496517,13.828706362369534,2.6965649212168343,278.4124166666667,1359.6425026786642,7.214977078497407
33001,2023,25.0,1,598.0,NH,2023,1516.742364130041,7.324320132446815,6.395261598115449,33,29,324,65027.0,0.004976431496793,9.196180048287633,2.3220131450758483,278.4124166666667,1216.5726068980646,7.103792845521051
33011,2016,189.0,4,2138.0,NH,2016,1137.5667817600072,7.036646858341352,7.668093709082406,33,29,325,411333.0,0.0057410418475005,5.197735168342924,1.8241839298858573,223.80733333333333,1135.056304625101,7.034437536284295
33011,2017,41.0,1,2179.0,NH,2017,1189.928515548506,7.0816485133336,7.687080155783135,33,29,325,413204.0,0.0045486260523712,5.273424265011956,1.8363223403381574,227.24108333333336,1169.3616246602926,7.0642132589386035
33011,2019,152.0,1,2331.0,NH,2019,1326.27796347876,7.190131774327035,7.754481547470383,33,29,325,417025.0,0.0057762342329306,5.589592950062946,1.8854915787862117,234.2145,1264.5487938370613,7.1424706528207125
33011,2020,45.0,1,2376.0,NH,2020,1401.328417886706,7.245175935629934,7.773594467360194,33,29,325,422913.0,0.014119057610455,5.61817678813373,1.8898199223692422,235.67549999999997,1327.823370992635,7.1912963174199875
33011,2022,35.0,1,2411.0,NH,2022,1782.6600608232009,7.485861943950299,7.788211557847076,33,29,325,427493.0,0.0072570821346189,5.63985843043044,1.8930906425427456,271.6895,1465.2458373902439,7.289778314465449
33011,2023,148.0,2,2559.0,NH,2023,1891.3360258103555,7.5450387502863965,7.847762537473608,33,29,325,427354.0,-0.0003251515229488,5.9880099402369,1.9441958147431653,278.4124166666667,1517.0325915964545,7.324511463360633
33015,2015,84.0,2,1173.0,NH,2015,1353.1807368766806,7.21021320156778,7.068172000388042,33,29,326,302691.0,0.004413311609664,3.8752391052261217,1.5841691504729059,223.31341666666663,1353.1807368766806,7.21021320156778
33015,2017,49.0,2,1222.0,NH,2017,1527.778715490923,7.331570139534186,7.109062135687172,33,29,326,306669.0,0.0075301353255994,3.9847522899282284,1.6063837110915415,227.24108333333336,1501.3723744945878,7.31413488513919
33015,2018,456.0,3,1678.0,NH,2018,1593.4713346640308,7.3736701447806405,7.425953657077541,33,29,326,308287.0,0.0052760468126873,5.442980080249897,1.8629911784630557,231.78858333333335,1535.207312572778,7.336420707952585
33015,2019,43.0,2,1721.0,NH,2019,1675.0372376451076,7.423590675441967,7.451241684987676,33,29,326,309769.0,0.004807208867062,5.555752835177181,1.8803429596183037,234.2145,1597.0757087303484,7.375929553935644
33015,2020,102.0,1,1823.0,NH,2020,1755.0346938176417,7.470243904261632,7.508787170634276,33,29,326,314621.0,0.0156632845765716,5.794273109550856,1.916080067569079,235.67549999999997,1662.9763969736132,7.416364286051684
33015,2022,108.0,2,1931.0,NH,2022,2157.192851432152,7.676563049639739,7.566311014772463,33,29,326,319633.0,0.0043140828253629,6.04130362008929,1.951793326335628,271.6895,1773.0906275812013,7.480479420154889
33017,2016,76.0,3,817.0,NH,2016,1070.815806954257,6.976176073354815,6.706862336602747,33,29,327,128311.0,0.0100206237503739,6.367341849101012,1.9970569693797708,223.80733333333333,1068.4526414310023,6.973966751297758
33017,2017,184.0,1,1001.0,NH,2017,1146.511113311908,7.044478795501663,6.90975328164481,33,29,327,129841.0,0.011924153034424,7.709429224975162,2.164406257715458,227.24108333333336,1126.6946548763854,7.027043541106666
33017,2018,39.0,1,1040.0,NH,2018,1194.4662948397274,7.085454749406458,6.947937068614969,33,29,327,129797.0,-0.000338876009889,8.012511845420155,2.198613816942537,231.78858333333335,1150.7915772117055,7.0482053125784025
33017,2019,34.0,1,1074.0,NH,2019,1268.1479093725018,7.145312775964461,6.980075940561763,33,29,327,130633.0,0.0064408268295876,8.221506051304036,2.2215383703573965,234.2145,1209.1242962355605,7.097651654458138
33017,2020,10.0,1,1084.0,NH,2020,1353.693629493737,7.210592157185053,6.98933526597456,33,29,327,131068.0,0.0033299396017851,8.27051606799524,2.2268390487936025,235.67549999999997,1282.6872098378797,7.156712538975106
33017,2022,159.0,4,1243.0,NH,2022,1699.1272891685364,7.437870038917676,7.126087273299125,33,29,327,132571.0,0.0078838931378959,9.37610789690053,2.3395058456590485,271.6895,1396.5866192686765,7.241786409432826
34001,2015,561.0,7,2924.0,NJ,2015,1079.5292356591758,6.984280332181165,7.981049759665957,34,30,328,270153.0,-0.0088965360373911,10.8234963150511,2.470088764774408,223.31341666666663,1079.5292356591758,6.984280332181165
34001,2016,161.0,2,3085.0,NJ,2016,1101.6529713121909,7.004567032053741,8.034631032923107,34,30,328,267217.0,-0.0108679155885739,11.544924162759106,2.5293161345836213,223.80733333333333,1099.2217517658519,7.002357709996683
34001,2017,211.0,3,3296.0,NJ,2017,1126.8796679472157,7.027207736331445,8.10076824307173,34,30,328,265498.0,-0.0064329739500106,12.414406134886137,2.5963292141601757,227.24108333333336,1107.4025221590643,7.009772481936449
34001,2018,66.0,1,3362.0,NJ,2018,1176.0901516725771,7.069950785105901,8.12058871174027,34,30,328,263989.0,-0.0056836586339633,12.735379125645386,2.619974922052734,231.78858333333335,1133.0873432205483,7.032701348277845
34001,2020,379.0,3,3741.0,NJ,2020,1279.5616599777534,7.154272845120815,8.227375506834035,34,30,328,274190.0,0.0398983577957294,13.643823625952807,2.684018651068606,235.67549999999997,1212.4437462752967,7.100393226910867
34001,2021,60.0,1,3801.0,NJ,2021,1482.5881028427482,7.301544557667793,8.243282523048375,34,30,328,274956.0,0.0027936832123709,13.824030026622442,2.6962495145221865,249.14216666666667,1328.8871136700348,7.192097114300481
34001,2022,310.0,2,4111.0,NJ,2022,1750.4955695382123,7.467654209422202,8.321664807135,34,30,328,275382.0,0.0015493388032994,14.928354068167128,2.7681007958070887,271.6895,1438.808443069904,7.271570579937351
34001,2023,224.0,1,4335.0,NJ,2023,1870.788562393318,7.534115312081341,8.374707543119483,34,30,328,275213.0,-0.0006136929792071,15.751436160355798,2.818483995512297,278.4124166666667,1500.5515584786474,7.313588025155577
34003,2015,104.0,1,977.0,NJ,2015,1746.121265320842,7.465152187207052,6.885509670034818,34,30,329,926391.0,0.0032358569335382,1.0546302803028096,0.7200959195006391,223.31341666666663,1746.121265320842,7.465152187207052
34003,2016,160.0,4,1137.0,NJ,2016,1792.4830808909182,7.491357133595711,7.037027614686276,34,30,329,928120.0,0.0018663825533711,1.2250571046847392,0.7997825803157115,223.80733333333333,1788.5272799116378,7.489147811538653
34003,2018,268.0,1,1405.0,NJ,2018,1914.0742751832904,7.556989377520819,7.2485040723706105,34,30,329,932816.0,0.0004247013148581,1.506192003567692,0.9187644710838712,231.78858333333335,1844.087659530056,7.519739940692762
34003,2019,84.0,1,1489.0,NJ,2019,1979.1452182980568,7.59042032254561,7.306531398939505,34,30,329,932202.0,-0.0006582219859007,1.5972932905099968,0.9544698606551808,234.2145,1887.0295424819335,7.542759201039287
34003,2023,177.0,3,1666.0,NJ,2023,2482.144522413349,7.816878192277796,7.418780882750794,34,30,329,957736.0,0.0044004446588501,1.7395190323847072,1.0077823693657784,278.4124166666667,1990.9175768701998,7.596350905352033
34005,2015,118.0,2,2905.0,NJ,2015,1290.5023416544495,7.162786833689722,7.974532844130228,34,30,330,446832.0,-0.002981024972778,6.501324882729975,2.015079655971972,223.31341666666663,1290.5023416544495,7.162786833689722
34005,2016,120.0,3,3025.0,NJ,2016,1324.099340511769,7.188487764280312,8.014996894348302,34,30,330,445972.0,-0.0019246607225982,6.7829370453750455,2.051933779209479,223.80733333333333,1321.177207787784,7.186278442223254
34005,2018,132.0,2,3157.0,NJ,2018,1387.414109860275,7.235196940901126,8.057694194815587,34,30,330,444745.0,-0.0019411593097102,7.098449673408357,2.091672645014745,231.78858333333335,1336.6844076132882,7.1979475040730705
34005,2020,117.0,2,3274.0,NJ,2020,1498.3276449625473,7.312104861764919,8.094073148069352,34,30,330,461682.0,0.0366746080040596,7.091461222226554,2.090809335554811,235.67549999999997,1419.7346168044908,7.258225243554971
34005,2021,234.0,3,3508.0,NJ,2021,1682.782513926981,7.428203960604012,8.163086375583216,34,30,330,464479.0,0.0060582825407964,7.5525481238118415,2.146229264724513,249.14216666666667,1508.3272242499695,7.3187565172367
34005,2022,189.0,3,3697.0,NJ,2022,1882.042291296752,7.540112791357645,8.21554741194707,34,30,330,466101.0,0.003492084679824,7.931757280074491,2.1896131594119206,271.6895,1546.9324150570394,7.344029161872794
34007,2015,120.0,2,8275.0,NJ,2015,1116.5122809655456,7.017965070741031,9.021115038865434,34,30,331,507638.0,-0.0013338159727414,16.300986135789678,2.8507635019479447,223.31341666666663,1116.5122809655456,7.017965070741031
34007,2017,50.0,1,8325.0,NJ,2017,1178.7135182794484,7.0721788839709046,9.02713842775492,34,30,331,506224.0,-0.0015345107119892,16.44528904200512,2.859069643260727,227.24108333333336,1158.3404689725824,7.054743629575908
34007,2019,316.0,2,8641.0,NJ,2019,1258.6666911258765,7.137808258029916,9.064389316491878,34,30,331,506471.0,0.0002330390063849,17.06119402690381,2.8937656602498767,234.2145,1200.0843638623887,7.090147136523593
34007,2020,315.0,4,8956.0,NJ,2020,1321.7959717344177,7.186746675471123,9.100190628475195,34,30,331,523122.0,0.0328765121793745,17.120289339771602,2.8970322684659116,235.67549999999997,1252.4627064936728,7.132867057261175
34007,2021,123.0,1,9079.0,NJ,2021,1493.9981182432527,7.3092111061493,9.11382947159534,34,30,331,524093.0,0.0018561635717864,17.32326132957319,2.9081713635754824,249.14216666666667,1339.1142444580357,7.199763662781988
34007,2022,391.0,1,9470.0,NJ,2022,1683.5480897175294,7.428658803513926,9.155989777226102,34,30,331,524649.0,0.0010608804162619,18.050163061399143,2.9470756611895745,271.6895,1383.7813976523246,7.232575174029075
34007,2023,74.0,1,9544.0,NJ,2023,1758.6739780777025,7.472315382520785,9.163772736159848,34,30,331,527196.0,0.0048546742679391,18.103324000940827,2.9498623513737363,278.4124166666667,1410.6249266802579,7.251788095595021
34011,2023,359.0,3,2632.0,NJ,2023,1474.5204022411076,7.296088064877887,7.87587915949631,34,30,332,152326.0,0.0064685788287841,17.278731142418234,2.9057381512764966,278.4124166666667,1182.7065506327788,7.0755607779521235
34013,2015,686.0,8,9828.0,NJ,2015,1244.264482379738,7.126299857116164,9.19309247856663,34,30,333,790439.0,0.0021718568932684,12.433597026462511,2.5977588098533437,223.31341666666663,1244.264482379738,7.126299857116164
34013,2016,1092.0,7,10920.0,NJ,2016,1302.0207391472218,7.171672751326157,9.298442820197728,34,30,333,792689.0,0.0028465194657651,13.775894455454788,2.6929970999000408,223.80733333333333,1299.1473313199067,7.169463429269099
34013,2017,581.0,5,11501.0,NJ,2017,1374.9853287136184,7.226198340017287,9.3502762122737,34,30,333,796349.0,0.0046171953944107,14.442160409569171,2.737101457707892,227.24108333333336,1351.219889984291,7.208763085622291
34013,2018,88.0,1,11589.0,NJ,2018,1445.7750287152703,7.276400808813271,9.357897936333798,34,30,333,798570.0,0.0027889781992569,14.512190540591307,2.741626201296531,231.78858333333335,1392.9114055175496,7.239151371985216
34013,2019,777.0,6,12366.0,NJ,2019,1520.269376620943,7.3266428195996,9.422786913742057,34,30,333,798975.0,0.0005071565423193,15.477330329484653,2.8019855167886822,234.2145,1449.5112332794347,7.278981698093278
34013,2020,751.0,10,13117.0,NJ,2020,1582.4676154590418,7.366740689644035,9.481740611853681,34,30,333,859974.0,0.0763465690415845,15.252786712156414,2.7882643840518773,235.67549999999997,1499.4611233348883,7.312861071434088
34013,2021,224.0,1,13341.0,NJ,2021,1684.938404879523,7.429484287150671,9.498672233269462,34,30,333,854233.0,-0.0066757832213532,15.61751887365625,2.810457492702851,249.14216666666667,1510.2596124161887,7.320036843783359
34013,2022,759.0,4,14100.0,NJ,2022,1863.7101008434463,7.530324457851643,9.55400099583723,34,30,333,849724.0,-0.0052784193539702,16.593623341226092,2.867536526236315,271.6895,1531.8643903998047,7.334240828366792
34013,2023,173.0,3,14273.0,NJ,2023,1994.7638632770472,7.598280958046204,9.566194979531012,34,30,333,851117.0,0.0016393558378955,16.76972731128623,2.8774962965950315,278.4124166666667,1599.9916206500495,7.37775367112044
34015,2015,227.0,1,2327.0,NJ,2015,1362.691268716378,7.217216897394218,7.752764808851328,34,30,334,290943.0,0.0009047750103206,7.99813021794647,2.1970168021909555,223.31341666666663,1362.691268716378,7.217216897394218
34015,2017,80.0,1,2407.0,NJ,2017,1441.0736632819153,7.273143714250155,7.786551806428712,34,30,334,290961.0,0.0006878501587215,8.27258636037132,2.22706234393989,227.24108333333336,1416.16594453468,7.255708459855159
34015,2020,63.0,1,2470.0,NJ,2020,1615.9589551071365,7.387683839691113,7.81237820598861,34,30,334,302563.0,0.0374679394862087,8.163589070705935,2.215237921890712,235.67549999999997,1531.1957138441257,7.333804221481166
34015,2023,122.0,2,2592.0,NJ,2023,2142.3962220700428,7.669680211525179,7.860570785538664,34,30,334,308423.0,0.0053982338387115,8.404042500072952,2.241139650028835,278.4124166666667,1718.406908471407,7.4491529245994155
34017,2015,240.0,3,4704.0,NJ,2015,1924.6714248900496,7.562510543784161,8.45638105201948,34,30,335,664492.0,0.0064400823942809,7.0790919980977955,2.08927948974525,223.31341666666663,1924.6714248900496,7.562510543784161
34017,2016,320.0,4,5024.0,NJ,2016,2001.9608785362311,7.601882418493541,8.522180732927277,34,30,335,668588.0,0.0061641073180715,7.514343661567363,2.141752230881615,223.80733333333333,1997.542784503311,7.599673096436483
34017,2017,99.0,1,5123.0,NJ,2017,2072.8196548091983,7.636665111453619,8.541690663016626,34,30,335,672826.0,0.0063387317750243,7.614152841893744,2.153406529903081,227.24108333333336,2036.9927499873115,7.619229857058622
34017,2020,250.0,2,5373.0,NJ,2020,2180.7986224908213,7.687446429288924,8.589327789175437,34,30,335,721879.0,0.0736000333139497,7.443075640100349,2.133346654559982,235.67549999999997,2066.407375609198,7.6335668110789765
34017,2022,111.0,1,5484.0,NJ,2022,2527.0001884013495,7.834788181943534,8.609772372709331,34,30,335,702381.0,-0.0015168143203193,7.8077282842218105,2.1756295501958873,271.6895,2077.0513619010508,7.638704552458683
34019,2017,84.0,1,535.0,NJ,2017,1598.911942350869,7.377078640867784,6.284134161070802,34,30,336,124712.0,-0.0005049088359045,4.289883892488293,1.6657962971394107,227.24108333333336,1571.2761247126693,7.359643386472786
34019,2022,100.0,1,635.0,NJ,2022,2153.314334619931,7.674763485137695,6.455198563340122,34,30,336,129805.0,0.001033384488436,4.891953314587266,1.7735875750434096,271.6895,1769.9027059245445,7.478679855652844
34021,2015,335.0,1,3882.0,NJ,2015,1532.6307545560792,7.334740985251369,8.264363329731667,34,30,337,368124.0,-0.0021278960394026,10.545359715747955,2.446283600029855,223.31341666666663,1532.6307545560792,7.334740985251369
34021,2016,706.0,3,4588.0,NJ,2016,1575.5866365370412,7.362382949553447,8.431417414394833,34,30,337,367699.0,-0.0011545022872727,12.477597165072519,2.6010288377461923,223.80733333333333,1572.1095006989408,7.360173627496389
34021,2020,149.0,2,4737.0,NJ,2020,1768.2198140703806,7.477728564694679,8.463370384718731,34,30,337,386466.0,0.0518085077429715,12.257223145114965,2.5845425469232954,235.67549999999997,1675.4699071297389,7.423848946484732
34021,2021,114.0,2,4851.0,NJ,2021,1910.4469891675,7.55509251940307,8.48714627006394,34,30,337,382172.0,-0.0111109386077947,12.693237599824162,2.6169021051183563,249.14216666666667,1712.3895574141698,7.445645076035758
34021,2023,162.0,3,5013.0,NJ,2023,2302.064892964459,7.741561778703989,8.519989278718239,34,30,337,381671.0,0.0023425661604237,13.134348692984272,2.6486079124740627,278.4124166666667,1846.4764710970835,7.5210344917782255
34023,2015,228.0,4,3788.0,NJ,2015,1578.8785449553243,7.364470092332898,8.239857411018601,34,30,338,825546.0,0.0016817122888759,4.588478413074498,1.7207070520955299,223.31341666666663,1578.8785449553243,7.364470092332898
34023,2016,70.0,1,3858.0,NJ,2016,1634.847409609162,7.399304751519906,8.258163361537619,34,30,338,825457.0,-0.0001078074389555,4.673774648467456,1.7358546190782789,223.80733333333333,1631.23949216054,7.397095429462848
34023,2017,142.0,2,4000.0,NJ,2017,1681.6043039986491,7.427503559585782,8.294299608857235,34,30,338,827363.0,0.0023090239709639,4.834637275295124,1.7638121001893363,227.24108333333336,1652.5392200162319,7.410068305190785
34023,2018,84.0,1,4084.0,NJ,2018,1721.9197149214435,7.451195060742504,8.315077007294104,34,30,338,826172.0,-0.0014395132487191,4.943280575957549,1.7822612664357769,231.78858333333335,1658.959079152806,7.413945623914448
34023,2019,124.0,2,4208.0,NJ,2019,1756.4038869173871,7.471023751687498,8.344980368770571,34,30,338,825062.0,-0.0013435458960119,5.100222771137199,1.808325290370989,234.2145,1674.6552968929561,7.423362630181175
34023,2020,450.0,4,4658.0,NJ,2020,1794.4548098461526,7.492456527682752,8.446556111816797,34,30,338,861408.0,0.0440524469676217,5.40742598164865,1.8574576273592687,235.67549999999997,1700.3287768167586,7.438576909472806
34023,2021,102.0,2,4760.0,NJ,2021,1905.0341947640036,7.552255237407053,8.46821300919452,34,30,338,862364.0,0.0011098109142242,5.519710934129903,1.8748300396995752,249.14216666666667,1707.5379113514773,7.442807794039741
34023,2022,88.0,1,4848.0,NJ,2022,2173.8022893865223,7.684233120301097,8.486527777105353,34,30,338,861094.0,-0.0014726959845262,5.630047358360412,1.891611947213046,271.6895,1786.7426470317264,7.488149490816247
34023,2023,206.0,1,5054.0,NJ,2023,2297.6151106197126,7.739626955529577,8.528133131454572,34,30,338,863623.0,0.0029369615860754,5.852090553401195,1.924553795990601,278.4124166666667,1842.9073195817687,7.519099668603813
34025,2015,316.0,5,4018.0,NJ,2015,1596.101477878642,7.375319358619192,8.2987883944492,34,30,339,624079.0,-0.0022909232756526,6.438287460401648,2.006640642295964,223.31341666666663,1596.101477878642,7.375319358619192
34025,2016,262.0,2,4280.0,NJ,2016,1655.816527696357,7.412049536353377,8.361941906144946,34,30,339,622971.0,-0.0017754162533909,6.870303754107335,2.063096658140312,223.80733333333333,1652.1623338511831,7.409840214296319
34025,2017,109.0,1,4389.0,NJ,2017,1730.1479344147283,7.455962195058334,8.387084506069217,34,30,339,621990.0,-0.0015747121455091,7.05638354314378,2.0864647639085523,227.24108333333336,1700.2438155348027,7.438526940663338
34025,2018,168.0,3,4557.0,NJ,2018,1820.9705911787848,7.50712492977775,8.42463920980563,34,30,339,620459.0,-0.002461454364218,7.344562654421969,2.1216101476424196,231.78858333333335,1754.3882382716758,7.4698754929496936
34025,2019,100.0,1,4657.0,NJ,2019,1888.9801723940627,7.543792371096005,8.446341450444287,34,30,339,618795.0,-0.0026818855073421,7.525917307024136,2.143110619377867,234.2145,1801.0610628842667,7.496131249589683
34025,2020,597.0,7,5254.0,NJ,2020,1990.2142701859495,7.5959975853824435,8.566935283311052,34,30,339,642836.0,0.0388513158638967,8.17315769496419,2.216281577589191,235.67549999999997,1885.819903103975,7.542117967172496
34025,2021,112.0,2,5366.0,NJ,2021,2232.9851965645103,7.711094622424771,8.588024372176829,34,30,339,646517.0,0.0057261883279717,8.29985909109892,2.2299992485496856,249.14216666666667,2001.489993775611,7.601647179057459
34025,2023,24.0,1,5390.0,NJ,2023,2602.070568641656,7.864062779627689,8.592486175451668,34,30,339,642799.0,-0.0022181587885033,8.385202839456813,2.2391342829596064,278.4124166666667,2087.1097490843863,7.643535492701925
34027,2021,251.0,1,1121.0,NJ,2021,2267.616847849812,7.726484712238129,7.022868086082641,34,30,340,510613.0,0.0042758324990805,2.1954004304629926,1.1617124103246608,249.14216666666667,2032.531356531665,7.617037268870817
34029,2015,148.0,2,2152.0,NJ,2015,1548.3516276901637,7.34494617802574,7.674617497364363,34,30,341,587091.0,0.0045239345911605,3.6655305565917375,1.5402015591489482,223.31341666666663,1548.3516276901637,7.34494617802574
34029,2016,200.0,3,2352.0,NJ,2016,1597.8003082418934,7.376383154964366,7.763446388727362,34,30,341,590897.0,0.0064828110122621,3.9803891371931144,1.6055080279824083,223.80733333333333,1594.2741494226445,7.374173832907308
34029,2017,251.0,3,2603.0,NJ,2017,1660.4615505303582,7.4148508851921076,7.86480400332846,34,30,341,595424.0,0.0076612336837045,4.37167463857688,1.6811397106646278,227.24108333333336,1631.761900855949,7.397415630797111
34029,2019,160.0,2,2763.0,NJ,2019,1790.7823945479402,7.490407895264174,7.92443418488756,34,30,341,607186.0,0.0094899564073831,4.550500176222772,1.7138880455395549,234.2145,1707.4337200857126,7.442746773757851
34029,2020,231.0,4,2994.0,NJ,2020,1894.7820406831368,7.546859092792274,8.00469951054955,34,30,341,638465.0,0.0515146923677423,4.689372166054522,1.7385999021653769,235.67549999999997,1795.393459836047,7.492979474582326
34029,2021,36.0,1,3030.0,NJ,2021,2148.181348156823,7.672376878581249,8.016647877057803,34,30,341,649825.0,0.0177926746180292,4.662793829107836,1.7339173798130645,249.14216666666667,1925.4778221397269,7.562929435213937
34031,2015,360.0,3,3060.0,NJ,2015,1325.9729406013475,7.189901763751273,8.026496938945412,34,30,342,504629.0,0.0001625220247072,6.063860776927208,1.9549917542919235,223.31341666666663,1325.9729406013475,7.189901763751273
34031,2016,130.0,1,3190.0,NJ,2016,1369.214784521596,7.221992704524695,8.068089626278244,34,30,342,504147.0,-0.0009551571550584,6.3275195528288375,1.9916370620167965,223.80733333333333,1366.1930872775897,7.219783382467637
34031,2017,113.0,2,3303.0,NJ,2017,1421.447743992114,7.259431169242018,8.102889134640868,34,30,342,504402.0,0.0005058048545365,6.54834834120404,2.02132877657444,227.24108333333336,1396.8792423787988,7.241995914847021
34031,2023,203.0,3,3506.0,NJ,2023,2027.065970112253,7.614344691611721,8.162516250140179,34,30,342,513395.0,-0.0004653118757714,6.8290497570097095,2.057841143380062,278.4124166666667,1625.9010033179134,7.393817404685957
34035,2016,40.0,1,967.0,NJ,2016,1647.006733686517,7.40671481862497,6.875232087276577,34,30,343,329875.0,0.000755401576332,2.9314134141720345,1.368999008595575,223.80733333333333,1643.3719820286324,7.4045054965679125
34035,2018,53.0,1,1020.0,NJ,2018,1747.8190482581438,7.466124031553867,6.928537818164665,34,30,343,330181.0,-0.0011858197735447,3.0892147034505317,1.408352947573249,231.78858333333335,1683.9114238008165,7.42887459472581
34035,2021,86.0,1,1106.0,NJ,2021,1948.009010029864,7.574563109463788,7.009408932708637,34,30,343,346498.0,0.00505867952221,3.191937615801534,1.4331630651812737,249.14216666666667,1746.057496197498,7.465115666096476
34035,2022,144.0,2,1250.0,NJ,2022,2158.7660502327694,7.677292064399211,7.1316985104669115,34,30,343,347047.0,0.0015844247297243,3.601817621244385,1.5264513605028796,271.6895,1774.3837080987103,7.48120843491436
34035,2023,255.0,4,1505.0,NJ,2023,2295.099116859433,7.738531309736108,7.317212408359839,34,30,343,348842.0,0.0051722101041069,4.314274083969247,1.6703964237209823,278.4124166666667,1840.8892516750027,7.518004022810344
34039,2015,71.0,1,3199.0,NJ,2015,1494.9547231678964,7.3098511998597475,8.070906088787819,34,30,344,549905.0,0.0034506417719255,5.81736845455124,1.9194735402894396,223.31341666666663,1494.9547231678964,7.3098511998597475
34039,2017,95.0,1,3294.0,NJ,2017,1619.313024158576,7.389757279126544,8.100161446936607,34,30,344,554738.0,0.0035402808707245,5.93793826995807,1.9370046511251668,227.24108333333336,1591.3245913690812,7.372322024731547
34039,2018,117.0,2,3411.0,NJ,2018,1693.1016713407814,7.434317434281995,8.13505390861157,34,30,344,556402.0,0.0029996142323043,6.130459631705134,1.9643756968232329,231.78858333333335,1631.19474459802,7.39706799745394
34039,2019,59.0,1,3470.0,NJ,2019,1764.9874148646088,7.475898838953652,8.152198015861787,34,30,344,556341.0,-0.0001096329632171,6.237181872268986,1.97923188646071,234.2145,1682.8393203114374,7.428237717447329
34039,2021,196.0,2,3666.0,NJ,2021,1950.3271586143155,7.575752411133735,8.207129168071326,34,30,344,572833.0,-0.0014416204720566,6.399770962915894,2.0014490487738215,249.14216666666667,1748.135320628669,7.466304967766423
34039,2022,302.0,2,3968.0,NJ,2022,2128.1594431564963,7.663012773950046,8.286269452783065,34,30,344,570417.0,-0.0042176341097667,6.956314415594206,2.0739658795163143,271.6895,1749.2268065667163,7.466929144465196
36001,2015,329.0,3,2396.0,NY,2015,1037.8840120934285,6.944939315761095,7.781973234434385,36,31,345,307433.0,0.0009181151941553,7.793568029456825,2.1740205484987882,223.31341666666663,1037.8840120934285,6.944939315761095
36001,2016,47.0,1,2443.0,NY,2016,1072.3882733701182,6.977643471361807,7.8013913202914855,36,31,345,307597.0,0.0005334495646205,7.942210099578344,2.1907827733508354,223.80733333333333,1070.0216375969885,6.975434149304749
36001,2017,157.0,2,2600.0,NY,2017,1105.5709209650108,7.008117151080149,7.8636512654486515,36,31,345,307717.0,0.0003901208399301,8.449321941914162,2.245942986752945,227.24108333333336,1086.4620785399784,6.990681896685152
36001,2018,64.0,1,2664.0,NY,2018,1145.0136223555369,7.043171813171313,7.887959336599945,36,31,345,306585.0,-0.003678704783941,8.689270512255982,2.27101914053588,231.78858333333335,1103.147102678373,7.005922376343256
36001,2019,54.0,1,2718.0,NY,2019,1172.2008157692635,7.066638299972187,7.908019444632471,36,31,345,305506.0,-0.0035194154965181,8.896715612786656,2.2922029458130777,234.2145,1117.64288371936,7.018977178465864
36001,2020,187.0,1,2905.0,NY,2020,1216.1797038355046,7.103469834366777,7.974532844130228,36,31,345,314018.0,0.0278619732509344,9.251062041029495,2.3273813139758577,235.67549999999997,1152.3864166795502,7.04959021615683
36001,2022,40.0,1,2945.0,NY,2022,1386.5762679398406,7.234592871072611,7.988203597022576,36,31,345,315921.0,-0.0008128332774576,9.32195074084977,2.3342727674665307,271.6895,1139.6873411102056,7.03850924158776
36001,2023,432.0,2,3377.0,NY,2023,1456.2050565836269,7.283589054405912,8.125039097367745,36,31,345,316659.0,0.0023360270447359,10.664468718716348,2.4565473595340364,278.4124166666667,1168.0158896875096,7.063061767480148
36005,2015,2581.0,23,44652.0,NY,2015,1626.5896573412792,7.394240867260031,10.706676773297268,36,31,346,1440005.0,0.0063335900406864,31.008225665883106,3.465992921826354,223.31341666666663,1626.5896573412792,7.394240867260031
36005,2016,3506.0,25,48158.0,NY,2016,1742.6169773156437,7.463143272269896,10.782263315647524,36,31,346,1444417.0,0.0030638782504226,33.34078732111295,3.5363337824375165,223.80733333333333,1738.77122500765,7.460933950212838
36005,2017,2669.0,25,50827.0,NY,2017,1848.2879661389763,7.522015065894825,10.836202662824425,36,31,346,1440625.0,-0.0026252806495631,35.2812147505423,3.5913001073364126,227.24108333333336,1816.3418984274585,7.504579811499829
36005,2018,2677.0,29,53504.0,NY,2018,1934.202975388668,7.567450621586233,10.887530386461101,36,31,346,1432087.0,-0.0059265943600868,37.36085866291643,3.6470376340951716,231.78858333333335,1863.480369694118,7.530201184758178
36005,2019,2802.0,23,56306.0,NY,2019,2009.3352445058415,7.60555922222539,10.93857414032436,36,31,346,1418207.0,-0.0096921485915311,39.70224374862062,3.706283219887742,234.2145,1915.8144294198328,7.557898100719067
36005,2020,2355.0,18,58661.0,NY,2020,2074.2851215215874,7.637371853555603,10.979547436733727,36,31,346,1461151.0,0.0302804879682585,40.14711689620032,3.7171538613927204,235.67549999999997,1965.480916038441,7.5834922353456555
36005,2021,1913.0,14,60574.0,NY,2021,2109.156821538203,7.654043535959099,11.011637545684726,36,31,346,1424084.0,-0.0253683568638696,42.53541223691861,3.7735746813277102,249.14216666666667,1890.4989966378082,7.544596092591787
36005,2022,1606.0,13,62180.0,NY,2022,2259.931759875966,7.7230898970653135,11.037804765825014,36,31,346,1381808.0,-0.0296864510801329,44.999015782221555,3.8286200002215347,271.6895,1857.5362048640625,7.527006267580463
36005,2023,637.0,4,62817.0,NY,2023,2414.093601507901,7.789079175349802,11.047996935591241,36,31,346,1356476.0,-0.0183325035026573,46.308965289470656,3.8566998185408687,278.4124166666667,1936.3342223034272,7.568551888424039
36007,2018,57.0,2,686.0,NY,2018,664.25274279966,6.498662713799121,6.532334292222349,36,31,347,191925.0,-0.0060849300880372,3.5743128826364465,1.520456497860237,231.78858333333335,639.9648653595461,6.461413276971065
36007,2020,141.0,2,827.0,NY,2020,754.5200700012809,6.626081878253431,6.71901315438526,36,31,347,198156.0,0.0402545042207382,4.173479480813096,1.6435454758451056,235.67549999999997,714.94260020901,6.5722022600434835
36007,2021,80.0,2,907.0,NY,2021,844.7385161456817,6.739027131119848,6.811244378601294,36,31,347,198562.0,0.0020488907729263,4.567842789657639,1.7170076880174292,249.14216666666667,757.1638585081836,6.629579687752536
36007,2023,23.0,1,930.0,NY,2023,1046.3033441842604,6.953018606582085,6.836259277277067,36,31,347,196077.0,-0.0059870829066501,4.743034624152757,1.7479877507953379,278.4124166666667,839.2354675017658,6.732491319656321
36027,2016,81.0,1,1804.0,NY,2016,1073.3427140577294,6.97853308963749,7.498315870766981,36,31,348,293029.0,-0.0034349184972061,6.156387251773715,1.9680052798577496,223.80733333333333,1070.973971945384,6.976323767580433
36027,2017,89.0,1,1893.0,NY,2017,1130.8136256118305,7.030692675279765,7.546446273746024,36,31,348,293545.0,0.001760917861372,6.44875572740125,2.0080470019864585,227.24108333333336,1111.268484749194,7.013257420884768
36027,2018,128.0,2,2021.0,NY,2018,1203.2685230018178,7.09279690220711,7.611842399580417,36,31,348,293939.0,0.0013422132892741,6.875576224999064,2.063766353463251,231.78858333333335,1159.2719588460725,7.055547465379053
36027,2019,118.0,2,2139.0,NY,2019,1270.1091193577984,7.146858096515833,7.668561108015897,36,31,348,294218.0,0.0009491765298241,7.270119435248693,2.1126489509202746,234.2145,1210.9942253074896,7.09919697500951
36027,2022,53.0,1,2192.0,NY,2022,1752.1740671024406,7.468612619930091,7.693025748417888,36,31,348,297609.0,-0.0039059362197766,7.3653686548457875,2.124100404578956,271.6895,1440.1880732209936,7.27252899044524
36029,2015,190.0,3,5416.0,NY,2015,852.7763651145533,6.748497338574611,8.597297435657898,36,31,349,920644.0,-0.0012053094368894,5.882838534764796,1.9290311445859054,223.31341666666663,852.7763651145533,6.748497338574611
36029,2016,234.0,4,5650.0,NY,2016,877.6232002239217,6.777217344600568,8.639587799629844,36,31,349,918678.0,-0.0021354616985501,6.150141834244425,1.9671321934664288,223.80733333333333,875.6863882384164,6.77500802254351
36029,2017,160.0,4,5810.0,NY,2017,917.2254736079368,6.821353323829586,8.667507952075105,36,31,349,919034.0,0.0003875133615913,6.321855339410729,1.9908637575253707,227.24108333333336,901.3720202373461,6.803918069434589
36029,2018,62.0,2,5872.0,NY,2018,950.7253695844104,6.857225240171886,8.67812085552252,36,31,349,919717.0,0.000743171634564,6.38457264571602,1.9993930464302625,231.78858333333335,915.9628465749457,6.819975803343829
36029,2019,355.0,4,6227.0,NY,2019,987.270564317154,6.894944129848177,8.73681053295389,36,31,349,918702.0,-0.0011036003466283,6.778041192900418,2.0513045317982685,234.2145,941.3198708538187,6.847283008341854
36029,2020,408.0,3,6635.0,NY,2020,1037.4139177617574,6.944486277830542,8.800264651310336,36,31,349,952342.0,0.0366168790315031,6.967034951729525,2.0753123974514307,235.67549999999997,982.9975813053559,6.8906066596205955
36029,2021,350.0,5,6985.0,NY,2021,1124.0431035604272,7.024687378081726,8.851663425366777,36,31,349,952912.0,0.0005985244796511,7.330162701277768,2.1198829879541234,249.14216666666667,1007.5127357807735,6.915239934714414
36029,2022,170.0,3,7155.0,NY,2022,1226.7599466784388,7.112131783091566,8.87570644462861,36,31,349,948423.0,-0.0047108232449586,7.544102156948956,2.145241238718101,271.6895,1008.32735575935,6.916048153606715
36029,2023,157.0,3,7312.0,NY,2023,1299.3615462962202,7.169628304577891,8.89740886527095,36,31,349,946147.0,-0.0023997730970253,7.728186000695452,2.166557559107485,278.4124166666667,1042.2123763829693,6.9491010176521275
36047,2015,935.0,10,30684.0,NY,2015,2277.950868805447,7.731031576085976,10.331529214823197,36,31,350,2608794.0,0.0027987559547077,11.761756581776867,2.5464529315905993,223.31341666666663,2277.950868805447,7.731031576085976
36047,2016,2354.0,23,33038.0,NY,2016,2346.1240552516733,7.760519907291767,10.405443960833054,36,31,350,2608423.0,-0.0001422113053004,12.665890463318258,2.6149029810563236,223.80733333333333,2340.9464332510993,7.758310585234709
36047,2017,2980.0,21,36018.0,NY,2017,2386.201666815275,7.777458119964327,10.491801855990317,36,31,350,2594676.0,-0.0052702341606403,13.881501967875758,2.7001189630123057,227.24108333333336,2344.958223467722,7.76002286556933
36047,2018,994.0,13,37012.0,NY,2018,2426.203776280704,7.7940830827945575,10.51902448126828,36,31,350,2578074.0,-0.0063984867474783,14.356453693726403,2.731535821748107,231.78858333333335,2337.4915494938286,7.756833645966501
36047,2019,1812.0,11,38824.0,NY,2019,2520.178264634309,7.832084917937768,10.566819648016887,36,31,350,2559903.0,-0.0070482848824354,15.16619965678387,2.782922621648839,234.2145,2402.8812002867385,7.784423796431445
36047,2020,1810.0,11,40634.0,NY,2020,2494.6128050105067,7.821888807770115,10.612385043187306,36,31,350,2718447.0,0.0619335967026875,14.947504954115345,2.7693023877854595,235.67549999999997,2363.7608013871336,7.768009189560168
36047,2021,2556.0,15,43190.0,NY,2021,2509.066355946856,7.8276659931856365,10.673387419194466,36,31,350,2637522.0,-0.0297688349267063,16.37521886073367,2.8550449876727417,249.14216666666667,2248.949618149243,7.7182185498183244
36047,2022,1216.0,8,44406.0,NY,2022,2932.513604424404,7.983615219706778,10.701152393651311,36,31,350,2589531.0,-0.0181954880376353,17.14827897406905,2.8985757338495937,271.6895,2410.3604755630795,7.787531590221927
36047,2023,314.0,2,44720.0,NY,2023,3096.080565020638,8.03789225666453,10.70819846893854,36,31,350,2561225.0,-0.0109309369148312,17.46039492820818,2.9156276225732842,278.4124166666667,2483.353068544377,7.817364969738768
36055,2015,268.0,6,8639.0,NY,2015,874.5672530976543,6.773729196130183,9.064157861798101,36,31,351,745577.0,-0.0023910704823887,11.58699906247108,2.5326644608254596,223.31341666666663,874.5672530976543,6.773729196130183
36055,2016,274.0,4,8913.0,NY,2016,903.6863231716542,6.80648231253606,9.0953783535065,36,31,351,743770.0,-0.0024236262652952,11.983543299675974,2.5636826555083294,223.80733333333333,901.6919929153329,6.804272990479002
36055,2017,194.0,4,9107.0,NY,2017,931.5293723030612,6.836827721807595,9.11690842718363,36,31,351,742724.0,-0.0014063487368406,12.26162073663972,2.584874204787769,227.24108333333336,915.4286883468558,6.819392467412597
36055,2018,570.0,5,9677.0,NY,2018,964.8574798136766,6.871980401119593,9.177610547353265,36,31,351,742864.0,0.0001884953226232,13.026610523595167,2.6409562771579327,231.78858333333335,929.578227344019,6.834730964291537
36055,2019,251.0,2,9928.0,NY,2019,999.2871965696507,6.907042221386636,9.203215047033595,36,31,351,741770.0,-0.0014726787137349,13.384202650417246,2.6661305662296626,234.2145,952.777211048947,6.859381099880313
36055,2020,325.0,5,10253.0,NY,2020,1044.29581905617,6.951098079892475,9.235423152343646,36,31,351,757551.0,0.0212747886811275,13.534402304267303,2.6765184120279017,235.67549999999997,989.5185004981361,6.897218461682527
36055,2021,533.0,6,10786.0,NY,2021,1136.9203324203163,7.036078423063731,9.28609698437543,36,31,351,755813.0,-0.0022942349755989,14.270725695377031,2.7259376423565076,249.14216666666667,1019.0549729394792,6.926630979696419
36055,2022,831.0,7,11617.0,NY,2022,1249.622602732109,7.130596866895675,9.360310898552477,36,31,351,750887.0,-0.006517485145135,15.471036254456395,2.8016034599065125,271.6895,1027.1191671374854,6.934513237410824
36059,2016,109.0,2,2776.0,NY,2016,2259.225861194161,7.722777494291728,7.9291264873067995,36,31,352,1355952.0,0.0008207611230846,2.047270109856396,1.1142461438778026,223.80733333333333,2254.2400133669753,7.72056817223467
36059,2017,29.0,1,2805.0,NY,2017,2347.909132786645,7.761280480363799,7.939515260662406,36,31,352,1357293.0,0.0009889730609933,2.0666134725516154,1.120573849329361,227.24108333333336,2307.327542952903,7.743845225968802
36059,2019,100.0,1,2905.0,NY,2019,2526.442432745066,7.834567439095395,7.974532844130228,36,31,352,1356924.0,-0.0004493441784882,2.140871559497805,1.1445003281246933,234.2145,2408.853814208539,7.7869063175890725
36059,2020,125.0,2,3030.0,NY,2020,2615.040788355784,7.8690349742189785,8.016647877057803,36,31,352,1390491.0,0.0247375682057358,2.179086380278621,1.1565938537138412,235.67549999999997,2477.871875398265,7.815155356009031
36059,2022,411.0,2,3441.0,NY,2022,2989.995562738683,8.003027182349745,8.143807976771484,36,31,352,1385294.0,-0.0046809583786281,2.483949255537092,1.248166493883351,271.6895,2457.607397169739,7.806943552864896
36059,2023,79.0,2,3520.0,NY,2023,3134.847301362792,8.050335744181494,8.166500319155052,36,31,352,1381715.0,-0.0025835670983921,2.5475586499386633,1.266259662667662,278.4124166666667,2514.4477030769567,7.82980845725573
36061,2015,1097.0,9,39048.0,NY,2015,3151.291825909233,8.055567751213486,10.572572546745315,36,31,353,1636063.0,0.0033023073837998,23.86705157441981,3.2135436972858766,223.31341666666663,3151.291825909233,8.055567751213486
36061,2016,1743.0,15,40791.0,NY,2016,3191.5245743555897,8.068254004605553,10.616241262734992,36,31,353,1635443.0,-0.0003789585119888,24.94186590422289,3.255858107844251,223.80733333333333,3184.481252066401,8.066044682548496
36061,2017,654.0,9,41445.0,NY,2017,3208.4743253550237,8.073550815087499,10.632146654097433,36,31,353,1630698.0,-0.0029013545565329,25.41549692217688,3.2739508425603585,227.24108333333336,3153.0186063727842,8.056115560692502
36061,2018,2271.0,10,43716.0,NY,2018,3254.0440812260968,8.087653834468448,10.685492321454875,36,31,353,1629055.0,-0.0010075440087619,26.835189726559264,3.3263010377271782,231.78858333333335,3135.0625268610524,8.050404397640392
36061,2019,233.0,3,43949.0,NY,2019,3341.2619812800835,8.114103853314289,10.690807903113322,36,31,353,1628706.0,-0.0002142346329621,26.983998339786307,3.331632858948997,234.2145,3185.749084783783,8.066442731807966
36061,2020,1817.0,12,45766.0,NY,2020,3140.9471588793913,8.05227967637243,10.731318586382624,36,31,353,1677232.0,0.0297942047244867,27.286624629150886,3.3423890649802024,235.67549999999997,2976.192440957233,7.998400058162482
36061,2021,569.0,4,46335.0,NY,2021,3158.270500137403,8.057779846669023,10.743674475745388,36,31,353,1578055.0,-0.059131354517443,29.362094477061955,3.4131949381933824,249.14216666666667,2830.8502955537115,7.948332403301711
36061,2022,641.0,3,46976.0,NY,2022,3804.651649646869,8.243979715420632,10.757413399213553,36,31,353,1594543.0,0.0104483050337282,29.46047864497853,3.416430061229914,271.6895,3127.208666912456,8.047896085935783
36063,2017,51.0,1,2010.0,NY,2017,593.3104782533567,6.3857178340784015,7.606387389772652,36,31,354,210848.0,-0.0033372094122541,9.532933677341022,2.3545068891803536,227.24108333333336,583.0556169657896,6.368282579683405
36063,2020,52.0,1,2062.0,NY,2020,687.4337133850837,6.532965407997895,7.631916513071252,36,31,354,212126.0,0.0135941628719282,9.720637734176858,2.372170644001627,235.67549999999997,651.3751801433629,6.4790857897879475
36065,2022,156.0,1,1878.0,NY,2022,1094.910568587049,6.998427966391977,7.538494999413465,36,31,355,228358.0,-0.0054960369305809,8.223929093791329,2.2218010957940337,271.6895,899.9546173687851,6.802344336907126
36067,2016,301.0,1,2742.0,NY,2016,990.4125634268194,6.898121587054661,7.916807490937603,36,31,356,464109.0,-0.0046495966989579,5.908094865645786,1.932693892912459,223.80733333333333,988.2268384790848,6.895912264997603
36067,2017,202.0,3,2944.0,NY,2017,1027.4830933439052,6.934867492068503,7.987864096085687,36,31,356,461795.0,-0.0049858977093742,6.375123160709839,1.9981126018437103,227.24108333333336,1009.7239318529755,6.9174322376735065
36067,2018,158.0,3,3102.0,NY,2018,1061.5141480067923,6.967451609369885,8.04012466444838,36,31,356,461649.0,-0.0003161576023993,6.719390705925931,2.0437354368191554,231.78858333333335,1022.7007207274837,6.930202172541829
36067,2019,101.0,2,3203.0,NY,2019,1089.9059672881992,6.993846702958908,8.07215530818825,36,31,356,460528.0,-0.002428251767035,6.9550602786366955,2.0738082392138,234.2145,1039.1782976737818,6.9461855814525855
36067,2020,57.0,1,3260.0,NY,2020,1143.2509741146062,7.041631214595188,8.089789175789319,36,31,356,474192.0,0.0296702914915054,6.874852380470358,2.0636744391989033,235.67549999999997,1083.28307837271,6.98775159638524
36067,2021,114.0,2,3374.0,NY,2021,1251.3319792366108,7.131963846354646,8.12415060330663,36,31,356,471887.0,-0.0048609002260687,7.150016847253686,2.098019994398326,249.14216666666667,1121.605480943972,7.022516402987334
36067,2022,150.0,2,3524.0,NY,2022,1386.6761535193998,7.234664906044133,8.16763571524637,36,31,356,469728.0,-0.0045752478877358,7.502214047278425,2.140326605728651,271.6895,1139.769441412378,7.038581276559283
36069,2020,245.0,2,1331.0,NY,2020,1261.4438851880782,7.140012284482202,7.194436851100335,36,31,357,112363.0,0.0235568470626816,11.845536342034299,2.5529963846168995,235.67549999999997,1195.276318219858,7.086132666272254
36071,2015,74.0,1,4052.0,NY,2015,1212.380577413632,7.100341125106162,8.307212626628308,36,31,358,375803.0,0.0025557230321866,10.782244952807721,2.4665937333101065,223.31341666666663,1212.380577413632,7.100341125106162
36071,2016,218.0,3,4270.0,NY,2016,1261.1367991666878,7.139768814749153,8.359603270841466,36,31,358,377799.0,0.0053112934170296,11.302306252795798,2.509786745029702,223.80733333333333,1258.3536174238116,7.1375594926920956
36071,2018,126.0,2,4396.0,NY,2018,1375.6033643743156,7.226647724305567,8.388677769180811,36,31,358,382126.0,0.006235550008163,11.504058870634292,2.5260533012522295,231.78858333333335,1325.3055127172568,7.189398287477512
36071,2022,51.0,1,4447.0,NY,2022,1900.879788232997,7.550072104420032,8.400209835930418,36,31,358,406491.0,0.0032677883440654,10.939971610687568,2.4798917302972714,271.6895,1562.4157730899437,7.353988474935182
36075,2022,214.0,3,944.0,NY,2022,930.6092893591532,6.8358395214788805,6.851184927493743,36,31,359,118239.0,0.0021613100081367,7.983829362562268,2.1954262237742705,271.6895,764.9082500005745,6.63975589199403
36081,2015,291.0,4,5176.0,NY,2015,2041.5900454840892,7.62148421729811,8.551981016901902,36,31,360,2305838.0,0.0030895239818753,2.244737054381097,1.177034315865498,223.31341666666663,2041.5900454840892,7.62148421729811
36081,2016,67.0,2,5243.0,NY,2016,2124.4641538397555,7.661274886661169,8.56483984488359,36,31,360,2306830.0,0.0004302123566355,2.2728159422237444,1.1856507587479737,223.80733333333333,2119.7757093742,7.659065564604111
36081,2017,295.0,3,5538.0,NY,2017,2170.460691251365,7.682694724117861,8.619569258033104,36,31,360,2295808.0,-0.004777985373868,2.4122226248884924,1.2273638751235523,227.24108333333336,2132.9461450993667,7.665259469722865
36081,2018,764.0,8,6302.0,NY,2018,2198.8661375564384,7.695697114466488,8.74878098951311,36,31,360,2274605.0,-0.0092355284065566,2.7705909377672167,1.3272317365946862,231.78858333333335,2118.466332158428,7.658447677638431
36081,2019,1785.0,6,8087.0,NY,2019,2273.9936175792327,7.729292867613153,8.998136760700307,36,31,360,2253858.0,-0.0091211441107357,3.588069878404052,1.5234594298407749,234.2145,2168.154765054306,7.681631746106831
36081,2020,311.0,3,8398.0,NY,2020,2265.7537140490977,7.7256627481475375,9.035867930125628,36,31,360,2388864.0,0.0598999582049979,3.5154784868456304,1.5075111584067304,235.67549999999997,2146.906246977279,7.67178312993759
36081,2021,1344.0,10,9742.0,NY,2021,2257.573782682596,7.722045968115898,9.184304357425342,36,31,360,2329008.0,-0.0250562610512778,4.182896752608836,1.6453641186172663,249.14216666666667,2023.5294632499968,7.612598524748585
36081,2022,2017.0,10,11759.0,NY,2022,2503.6607209858134,7.825509228225766,9.372459221452617,36,31,360,2278558.0,-0.0216615829572075,5.160720069447431,1.8181936651046282,271.6895,2057.867638526597,7.629425598740915
36083,2018,41.0,1,542.0,NY,2018,988.8492932938848,6.89654193709304,6.297109319933935,36,31,361,159283.0,0.0005213567839195,3.40274856701594,1.4822290202182309,231.78858333333335,952.6927990940427,6.859292500264984
36083,2020,37.0,1,579.0,NY,2020,1064.2457291455974,6.9700215916822135,6.363028103540465,36,31,361,160871.0,0.0135904835112214,3.5991570885989392,1.5258730450953282,235.67549999999997,1008.4219613341703,6.916141973472266
36083,2022,51.0,1,630.0,NY,2022,1232.0218475936035,7.116411877372596,6.447305862541213,36,31,361,159421.0,-0.0074771824532131,3.951800578342878,1.599751263639024,271.6895,1012.6523409778692,6.9203282478877455
36085,2015,1042.0,2,4016.0,NY,2015,1471.0081335011105,7.293703249818721,8.298290634359283,36,31,362,472349.0,0.0008729978789541,8.502188000821427,2.251522087963805,223.31341666666663,1471.0081335011105,7.293703249818721
36085,2016,396.0,3,4412.0,NY,2016,1562.6873967112297,7.354162308314249,8.392310009269547,36,31,362,474040.0,0.0035799800571187,9.30723145726099,2.3328457321196785,223.80733333333333,1559.2387279901018,7.351952986257191
36085,2017,67.0,1,4479.0,NY,2017,1664.2947126582374,7.4171567166713555,8.40737832540903,36,31,362,475671.0,0.0034406379208504,9.41617210214623,2.343359608193214,227.24108333333336,1635.5288100734972,7.399721462276359
36085,2018,160.0,1,4639.0,NY,2018,1740.6361648752716,7.462005937386077,8.442469645220301,36,31,362,476260.0,0.0012382508078061,9.740477890228028,2.3740195843876246,231.78858333333335,1676.9911768814904,7.424756500558021
36085,2022,47.0,1,4686.0,NY,2022,2101.022795570068,7.650179550652903,8.452547997922705,36,31,362,491358.0,-0.0044352412232269,9.536834650092192,2.3548771801807216,271.6895,1726.922015658696,7.4540959211680535
36087,2017,33.0,1,1693.0,NY,2017,1813.0536921712055,7.502767825413523,7.434847875211999,36,31,363,324622.0,0.0042195398103064,5.215296560307065,1.8270134406878276,227.24108333333336,1781.7166185788735,7.485332571018526
36087,2021,92.0,1,1785.0,NY,2021,2218.4484409568827,7.704563330051664,7.487733761436444,36,31,363,339786.0,0.0071702330103418,5.2533064929102435,1.833110362722225,249.14216666666667,1988.4602742166137,7.595115886684352
36087,2023,218.0,1,2003.0,NY,2023,2627.617850004316,7.8738329542683125,7.602900462204755,36,31,363,340807.0,0.0013221411635429,5.8772267001558065,1.9282154747726716,278.4124166666667,2107.6011149363294,7.653305667342549
36091,2015,55.0,1,928.0,NY,2015,1047.7877240269754,6.9544362909549005,6.834108738813838,36,31,364,226078.0,0.0069706431253424,4.104777996974495,1.6301769633007017,223.31341666666663,1047.7877240269754,6.9544362909549005
36091,2018,60.0,1,988.0,NY,2018,1155.0916194881277,7.0519349440420385,6.8966943316227125,36,31,364,230170.0,0.0038992306216087,4.2924794716948345,1.6662868452654325,231.78858333333335,1112.8566057974251,7.014685507213982
36091,2021,63.0,1,1051.0,NY,2021,1330.1147484565963,7.193020494529185,6.9584483932976555,36,31,364,237846.0,0.0087067894297117,4.418825626665994,1.6898791179274777,249.14216666666667,1192.2207830598713,7.083573051161872
36091,2023,60.0,1,1111.0,NY,2023,1557.2940014683488,7.350704979614563,7.013915474810528,36,31,364,238711.0,0.0010190046463256,4.654163402608175,1.732392159208969,278.4124166666667,1249.0989029371065,7.130177692688799
36093,2017,51.0,1,255.0,NY,2017,990.5705673456796,6.89828110776611,5.545177444479562,36,31,365,154710.0,0.0015212817608027,1.648245103742486,0.9738971956274656,227.24108333333336,973.4494071167533,6.880845853371113
36093,2018,58.0,1,313.0,NY,2018,1006.332770700165,6.914068081946322,5.749392985908253,36,31,365,155079.0,0.0023851076207097,2.0183261434494675,1.1047024205935743,231.78858333333335,969.537006943556,6.876818645118266
36093,2021,183.0,3,496.0,NY,2021,1167.1354051494593,7.062307653961487,6.208590026096629,36,31,365,160046.0,0.0047523683367967,3.0991090061607287,1.410769634523258,249.14216666666667,1046.1376270572155,6.952860210594175
36103,2015,486.0,4,2552.0,NY,2015,3244.6488938431817,8.084762424160417,7.845024417241484,36,31,366,1491967.0,-0.0023790976412965,1.7104935967082382,0.9971307573130445,223.31341666666663,3244.6488938431817,8.084762424160417
36103,2016,275.0,4,2827.0,NY,2016,3382.7408740025407,8.126441569335825,7.947325027016463,36,31,366,1486406.0,-0.0037272942364007,1.9019029794013211,1.0653667215810427,223.80733333333333,3375.275559654703,8.124232247278767
36103,2017,181.0,2,3008.0,NY,2017,3548.022368721353,8.174145648009752,8.009363076630045,36,31,366,1483358.0,-0.0020505837570623,2.027831447297281,1.1078466693287985,227.24108333333336,3486.6978538677895,8.156710393614755
36103,2018,40.0,1,3048.0,NY,2018,3593.5051836034822,8.186883379401817,8.022568946988255,36,31,366,1480830.0,-0.0017042413227286,2.0583051396851766,1.1178608865984825,231.78858333333335,3462.111501867344,8.149633942573761
36103,2019,59.0,1,3107.0,NY,2019,3801.78146899029,8.243225043487538,8.041734711487537,36,31,366,1476601.0,-0.002855830851617,2.104156776271992,1.1327421088650804,234.2145,3624.834539536367,8.195563921981215
36103,2020,228.0,4,3335.0,NY,2020,4014.030397583352,8.29755110221833,8.112527763478637,36,31,366,1522064.0,0.0307889538202941,2.1911036592416613,1.1603668316452191,235.67549999999997,3803.4791172107275,8.243671484008383
36103,2021,140.0,2,3475.0,NY,2021,4427.756057361638,8.395648201380894,8.153637486385282,36,31,366,1533815.0,0.007720437511169,2.2655926562199484,1.1834412642406686,249.14216666666667,3968.7273598245038,8.286200758013582
36103,2022,60.0,1,3535.0,NY,2022,4809.2645239238545,8.478299445779413,8.170751423757535,36,31,366,1527974.0,-0.0038081515697786,2.313521041588404,1.1980113827865533,271.6895,3952.9436820017913,8.282215816294563
36103,2023,40.0,1,3575.0,NY,2023,5014.851491027827,8.520159087001996,8.182000136293405,36,31,366,1523170.0,-0.0031440325555277,2.3470787896295224,1.2080879623254455,278.4124166666667,4022.3910770407506,8.299631800076233
36109,2019,56.0,1,788.0,NY,2019,1406.691820030035,7.248995999740014,6.670766320845874,36,31,367,102180.0,-0.0023335513918315,7.711880994323742,2.1646877255653387,234.2145,1341.2199352642933,7.201334878233692
36109,2021,200.0,3,988.0,NY,2021,1505.6263374305884,7.316964261658049,6.8966943316227125,36,31,367,105966.0,0.0620815459247083,9.323745352282808,2.334446615946084,249.14216666666667,1349.5369576872542,7.2075168182907365
36109,2022,60.0,1,1048.0,NY,2022,1704.3268086549672,7.440925478116845,6.955592608396297,36,31,367,104299.0,-0.0157314610346714,10.048034976366026,2.4022525819569784,271.6895,1400.860330477758,7.244841848631994
36109,2023,42.0,1,1090.0,NY,2023,1796.1213834209584,7.493384832002049,6.994849985833071,36,31,367,103558.0,-0.0071045743487473,10.525502616891018,2.4445621989418465,278.4124166666667,1440.661331423356,7.272857545076286
36111,2016,82.0,1,1254.0,NY,2016,1171.5031824052442,7.0660429744659226,7.134890851565884,36,31,368,179042.0,-0.0034287368221843,7.003943208856022,2.0799343213509904,223.80733333333333,1168.917811594444,7.063833652408865
36111,2020,47.0,1,1301.0,NY,2020,1577.821736386287,7.36380052695492,7.171656822768514,36,31,368,181271.0,0.0208252380711031,7.1770994808877315,2.1013375010453896,235.67549999999997,1495.0589384274328,7.309920908744973
36111,2021,66.0,1,1367.0,NY,2021,1817.4193554092128,7.505172837259126,7.221105098182496,36,31,368,183489.0,0.0122358237114597,7.450037876929952,2.1341709238359536,249.14216666666667,1629.0061662487035,7.395725393891814
36119,2015,617.0,6,7424.0,NY,2015,1962.4526526297389,7.581950323316985,8.9126079636709,36,31,369,968773.0,0.0017879227832446,7.663301929347742,2.159095935047716,223.31341666666663,1962.4526526297389,7.581950323316985
36119,2016,118.0,3,7542.0,NY,2016,2016.9596946218976,7.609346554919598,8.928375259853631,36,31,369,970267.0,0.0015421569345965,7.7731181210945035,2.1716922872177515,223.80733333333333,2012.5084999522169,7.607137232862541
36119,2017,70.0,3,7612.0,NY,2017,2095.2316753736823,7.647419411146084,8.937612591306213,36,31,369,969689.0,-0.0005957123142392,7.8499395166904025,2.1804106247242134,227.24108333333336,2059.0173980537747,7.629984156751087
36119,2018,92.0,2,7704.0,NY,2018,2146.846975087256,7.671755521508805,8.949624747754216,36,31,369,968213.0,-0.0015221375100676,7.9569268332484695,2.192427180792559,231.78858333333335,2068.349209321425,7.634506084680749
36119,2019,1544.0,5,9248.0,NY,2019,2220.757107336213,7.705603456066264,9.13227071655426,36,31,369,967506.0,-0.0007302112241831,9.558597052628096,2.3569404145873625,234.2145,2117.396050312995,7.657942334559941
36119,2020,448.0,5,9696.0,NY,2020,2282.982203962008,7.733237851476202,9.179571838304547,36,31,369,1001453.0,0.0350871209067438,9.681932152582299,2.3685537303323727,235.67549999999997,2163.2310365564213,7.679358233266255
36119,2021,351.0,5,10047.0,NY,2021,2383.827191041625,7.776462538578748,9.21512888870798,36,31,369,999856.0,-0.0015946829257089,10.048446976364596,2.4022898729609943,249.14216666666667,2136.694088747487,7.667015095211436
36119,2022,475.0,5,10522.0,NY,2022,2570.066797130889,7.851687168653016,9.261318616740812,36,31,369,991736.0,-0.0081211694484005,10.609678382150088,2.45183909353024,271.6895,2112.4496807158744,7.655603539168165
36119,2023,151.0,2,10673.0,NY,2023,2683.464388541684,7.894863921002161,9.27556615689389,36,31,369,990817.0,-0.0009266579008929,10.771918527841166,2.4657169095046987,278.4124166666667,2152.395386251885,7.674336634076396
37001,2017,133.0,1,700.0,NC,2017,743.1173910526012,6.610854028270811,6.55250788703459,37,32,370,163276.0,0.018673221739049,4.287219187143242,1.6652924341475563,227.24108333333336,730.2732461319564,6.593418773875815
37001,2019,56.0,1,756.0,NC,2019,851.5404912986879,6.747047051877234,6.6293632534374485,37,32,370,169509.0,0.0179864756116603,4.459940180167425,1.697437833683504,234.2145,811.9071045640723,6.699385930370911
37001,2023,80.0,1,836.0,NC,2023,1236.6921417656793,7.120195466531721,6.729824070489475,37,32,370,179165.0,0.0144209536966786,4.6660899171155075,1.7344992708756812,278.4124166666667,991.9455132389443,6.899668179605956
37019,2015,72.0,1,524.0,NC,2015,946.5355497898952,6.852808529151544,6.263398262591624,37,32,371,122211.0,0.0330163560289082,4.287666413007012,1.6653770167862623,223.31341666666663,946.5355497898952,6.852808529151544
37019,2016,72.0,1,596.0,NC,2016,997.9746168341056,6.905727841954051,6.391917113392602,37,32,371,126304.0,0.0334912569244993,4.718773752216873,1.7437544034261836,223.80733333333333,995.7722033169822,6.903518519896994
37019,2017,62.0,1,658.0,NC,2017,1040.620581496899,6.947572527150808,6.490723534502507,37,32,371,130859.0,0.0360637826197112,5.028312916956419,1.7964671899936535,227.24108333333336,1022.6343498233008,6.930137272755812
37019,2020,72.0,1,730.0,NC,2020,1254.847948016866,7.134769687267115,6.594413459749778,37,32,371,138168.0,-0.0325724688418989,5.283423079150021,1.8379149082777562,235.67549999999997,1189.0263632358988,7.080890069057167
37019,2021,60.0,1,790.0,NC,2021,1422.0413652485431,7.259848699425709,6.673297967767654,37,32,371,144843.0,0.0483107521278443,5.454181424024633,1.864728203557681,249.14216666666667,1274.6173004903492,7.150401256058397
37019,2022,60.0,1,850.0,NC,2022,1630.322603745021,7.396533190625928,6.7464121285733745,37,32,371,152908.0,0.0556809787148844,5.558898160985691,1.8808226255842124,271.6895,1340.0330557905133,7.2004495611410775
37021,2015,132.0,2,1644.0,NC,2015,980.3643325376676,6.887924270471635,7.405495663199472,37,32,372,251954.0,0.0115222174045703,6.52500059534677,2.018230889750786,223.31341666666663,980.3643325376676,6.887924270471635
37021,2016,294.0,2,1938.0,NC,2016,1032.176050507779,6.939424523069725,7.569927655242652,37,32,372,254955.0,0.0119109043714329,7.601341413190562,2.1519181693740874,223.80733333333333,1029.8981584177968,6.937215201012667
37021,2017,60.0,1,1998.0,NC,2017,1099.8103532185244,7.002893037757833,7.6004023345004,37,32,372,257071.0,0.0082995038340099,7.772171890256,2.1715844256960772,227.24108333333336,1080.8010772521052,6.985457783362836
37021,2019,32.0,1,2030.0,NC,2019,1206.3718361148815,7.095372651585694,7.616283561580385,37,32,372,261191.0,0.0074520074520074,7.772090156245812,2.171575108232627,234.2145,1150.2234767414238,7.047711530079371
37021,2020,95.0,1,2125.0,NC,2020,1249.2330731418108,7.130285100516196,7.661997558901893,37,32,372,269702.0,0.0325853494186247,7.879066525276046,2.183696430451004,235.67549999999997,1183.7060100701926,7.076405482306249
37021,2021,70.0,1,2195.0,NC,2021,1411.1454941069808,7.252157060716204,7.694392802629421,37,32,372,271945.0,0.0083165864546796,8.071485042931476,2.2051359820290006,249.14216666666667,1264.8510122512434,7.142709617348892
37021,2022,84.0,1,2279.0,NC,2022,1628.236056508768,7.395252533906821,7.731930721948486,37,32,372,273790.0,0.0067844600930335,8.323897877935645,2.2325807685111756,271.6895,1338.318031866644,7.199168904421971
37025,2015,183.0,2,1237.0,NC,2015,989.5897918382752,6.897290505582749,7.121252453244542,37,32,373,196396.0,0.0246035058430718,6.2984989510988,1.9876687038738592,223.31341666666663,989.5897918382752,6.897290505582749
37025,2016,64.0,1,1301.0,NC,2016,1042.0007182860174,6.948897911647064,7.171656822768514,37,32,373,201639.0,0.026696063056274,6.4521248369611035,2.0084992047408816,223.80733333333333,1039.7011443007734,6.946688589590007
37025,2017,60.0,1,1361.0,NC,2017,1087.2690395824895,6.991424363012155,7.216709486709457,37,32,373,206988.0,0.0265276062666448,6.575260401569174,2.024887727249352,227.24108333333336,1068.4765294350057,6.973989108617158
37025,2020,78.0,1,1439.0,NC,2020,1264.3143775353203,7.142285260186531,7.272398392570047,37,32,373,227219.0,0.0497382803657144,6.3330971441648805,1.99239795655765,235.67549999999997,1197.996242240718,7.088405641976584
37025,2021,80.0,1,1519.0,NC,2021,1410.4180961018274,7.251641461476271,7.326465613840322,37,32,373,231788.0,0.0201083536147945,6.55340224688077,2.021998090484231,249.14216666666667,1264.1990241274318,7.142194018108959
37025,2023,270.0,2,1789.0,NC,2023,1649.8185424811293,7.408420586593153,7.489970898834801,37,32,373,240016.0,0.0174092552636822,7.453669755349644,2.134600637666148,278.4124166666667,1323.312444224013,7.187893299667389
37031,2022,60.0,1,532.0,NC,2022,1497.907408922764,7.311824352368973,6.278521424165844,37,32,374,69326.0,0.008686289630287,7.673888584369501,2.1603172005496676,271.6895,1231.195248019729,7.115740722884122
37035,2021,50.0,1,1008.0,NC,2021,1215.547054916561,7.102949505402234,6.9167150203536085,37,32,375,161675.0,0.0048916016110587,6.234730168548013,1.9788930640939746,249.14216666666667,1089.530405809219,6.9935020620349215
37035,2022,72.0,1,1080.0,NC,2022,1309.5806593958785,7.177462257618519,6.985641817639208,37,32,375,163167.0,0.0092283902891603,6.618985456618066,2.0306432186582417,271.6895,1076.4013016707668,6.981378628133668
37049,2021,84.0,1,1277.0,NC,2021,1147.767586238811,7.045574105372051,7.15305163493748,37,32,376,100396.0,0.000887276062488,12.719630264153949,2.6188276732577913,249.14216666666667,1028.7776840488334,6.936126662004739
37051,2016,96.0,1,2362.0,NC,2016,775.2290807583931,6.653158573751145,7.767687277186908,37,32,377,333167.0,0.0059298979779771,7.089537679301971,2.0905715822559756,223.80733333333333,773.518240645299,6.650949251694087
37051,2017,88.0,1,2450.0,NC,2017,792.8467965222015,6.6756300081685644,7.804251383528112,37,32,377,330994.0,-0.0065222546050479,7.401946863085132,2.128463448409783,227.24108333333336,779.1431216021789,6.658194753773568
37051,2019,56.0,1,2506.0,NC,2019,856.5564610764304,6.752920236287859,7.826842098158293,37,32,377,335509.0,0.0062351917943797,7.46924821688837,2.1364417463880345,234.2145,816.6896152496379,6.705259114781536
37051,2021,72.0,1,2578.0,NC,2021,1078.8407233378043,6.983642339290414,7.8551570058813445,37,32,377,337888.0,0.0072077980147255,7.629747135145373,2.1552152039876593,249.14216666666667,966.9965192605684,6.874194895923102
37051,2022,80.0,1,2658.0,NC,2022,1234.154501659394,7.118141400565895,7.88570539124302,37,32,377,336781.0,-0.0032762335448432,7.8923692251047415,2.1851935185310136,271.6895,1014.405262110264,6.922057771081045
37051,2023,136.0,2,2794.0,NC,2023,1303.020177265533,7.172440062243272,7.9355873855892,37,32,377,337890.0,0.0032929411100981,8.268963272070792,2.2266715364379857,278.4124166666667,1045.1469487409897,6.951912775317508
37057,2021,52.0,1,643.0,NC,2021,1065.060745370939,6.970787114423911,6.467698726104354,37,32,378,170717.0,0.0089478318942335,3.766467311398396,1.5616054249396016,249.14216666666667,954.6451216527552,6.861339671056599
37057,2023,87.0,1,730.0,NC,2023,1274.0173083721209,7.14993042188921,6.594413459749778,37,32,378,174804.0,0.0140619561434041,4.1761058099357,1.6440529994038175,278.4124166666667,1021.8838708105338,6.929403134963446
37063,2017,137.0,2,2957.0,NC,2017,1131.9820516362986,7.031725403192463,7.992268643270745,37,32,379,312153.0,0.0140566423888819,9.472918728956634,2.348792756707107,227.24108333333336,1112.4167155348368,7.014290148797467
37063,2022,177.0,1,3134.0,NC,2022,1565.392152524347,7.355891648278031,8.050384453067021,37,32,379,333292.0,0.0104381095592225,9.40316599258308,2.3421101821839985,271.6895,1286.6638939060936,7.159808018793181
37063,2023,192.0,2,3326.0,NC,2023,1612.1050698436422,7.385296100746211,8.109826276018477,37,32,379,336892.0,0.0108013393660812,9.87260012110706,2.3862458741027694,278.4124166666667,1293.0626280345098,7.164768813820447
37065,2023,50.0,1,578.0,NC,2023,972.3379158691952,6.879703394115344,6.361302477572996,37,32,380,48832.0,0.0091549732377194,11.836500655307995,2.5522927264841693,278.4124166666667,779.908111667538,6.659176107189579
37067,2015,64.0,1,2489.0,NC,2015,787.1303432736414,6.668393855127796,7.820037989458753,37,32,381,367365.0,0.0080287784787029,6.7752779932764415,2.050949212188355,223.31341666666663,787.1303432736414,6.668393855127796
37067,2016,180.0,2,2669.0,NC,2016,811.1875245904963,6.698499253762172,7.8898337513942955,37,32,381,371260.0,0.0106025342642874,7.189031945267468,2.1027956912778127,223.80733333333333,809.3973283881644,6.696289931705115
37067,2019,96.0,1,2765.0,NC,2019,934.9736027350218,6.840518296521186,7.925157512224703,37,32,381,382295.0,0.0081193831483903,7.2326344838410135,2.1081060708581276,234.2145,891.4569752081975,6.792857175014863
37067,2020,168.0,2,2933.0,NC,2020,991.9162133994704,6.899638641418811,7.984121958702927,37,32,381,383202.0,0.0023725133731804,7.653926649652142,2.158013165877258,235.67549999999997,939.8864059323017,6.845759023208863
37067,2021,136.0,2,3069.0,NC,2021,1119.5481353707123,7.020680432319201,8.029432840581244,37,32,381,386376.0,0.0082828377722454,7.943039940368967,2.190875569458171,249.14216666666667,1003.4837642193428,6.911232988951889
37067,2022,168.0,1,3237.0,NC,2022,1260.204104692078,7.139028974677764,8.08271113423758,37,32,381,389661.0,0.0085020808745885,8.307220892006129,2.230790538886269,271.6895,1035.816563820632,6.942945345192914
37067,2023,123.0,2,3360.0,NC,2023,1331.1251120275665,7.19377981249561,8.119993827725105,37,32,381,392921.0,0.0083662465579055,8.551337291720218,2.256681175235897,278.4124166666667,1067.6897975192387,6.973252525569846
37071,2017,60.0,1,1161.0,NC,2017,984.0064756121476,6.891632477937254,7.057897937411856,37,32,382,219656.0,0.0140059643064878,5.285537385730414,1.8382513412876689,227.24108333333336,966.998770062809,6.874197223542257
37071,2019,399.0,3,1560.0,NC,2019,1095.6975953241244,6.999146512760883,7.353081920515432,37,32,382,224529.0,0.0085298477294164,6.9478775570193605,2.0729049190625197,234.2145,1044.7003650298375,6.95148539125456
37071,2020,80.0,1,1640.0,NC,2020,1168.7456150701094,7.063686328784187,7.403061091090091,37,32,382,228532.0,0.0178284319620183,7.176237901037929,2.1012321305230945,235.67549999999997,1107.4404276876085,7.0098067105742405
37071,2021,84.0,1,1724.0,NC,2021,1314.1092148830903,7.180914311939968,7.45298232946546,37,32,382,231277.0,0.0120114469746031,7.454264799353157,2.1346710240284605,249.14216666666667,1177.8745548172042,7.071466868572656
37071,2022,139.0,1,1863.0,NC,2022,1465.902547886816,7.2902264053985855,7.530479995245536,37,32,382,233970.0,0.0116440458843725,7.962559302474676,2.1930558226374246,271.6895,1204.8890607438886,7.094142775913736
37071,2023,120.0,1,1983.0,NC,2023,1543.7527868833242,7.341971605643208,7.592870287844818,37,32,382,237242.0,0.0139846988930205,8.358553713086216,2.236290760717721,278.4124166666667,1238.2375522437615,7.121444318717444
37081,2015,58.0,1,2869.0,NC,2015,796.7318899571534,6.680518223145366,7.962067308753666,37,32,383,517053.0,0.0094097803148176,5.5487541896091885,1.8792748314971695,223.31341666666663,796.7318899571534,6.680518223145366
37081,2016,400.0,3,3269.0,NC,2016,819.7066192337323,6.708946494816978,8.0925452638913,37,32,383,524265.0,0.0139482799635626,6.235396221376594,1.9789851231142075,223.80733333333333,817.8976223836892,6.7067371727599205
37081,2017,156.0,2,3425.0,NC,2017,848.7205571352512,6.743729988592562,8.139148678884066,37,32,383,528243.0,0.0075877657291636,6.483758421786943,2.0127351285999606,227.24108333333336,834.0511523221912,6.726294734197565
37081,2018,84.0,1,3509.0,NC,2018,883.2339554514492,6.783590120720681,8.163371316459912,37,32,383,532607.0,0.0082613494168404,6.5883475057594065,2.026613847776818,231.78858333333335,850.9392027485285,6.746340683892625
37081,2019,60.0,1,3569.0,NC,2019,929.114511677094,6.834231994594383,8.180320874773685,37,32,383,537174.0,0.0085748028095762,6.644029681257842,2.0339249093189236,234.2145,885.8705847724773,6.78657087308806
37081,2020,204.0,3,3773.0,NC,2020,981.8193412949586,6.889407321261812,8.235890725928495,37,32,383,539321.0,0.0039968427362455,6.99583365008965,2.0789206122808803,235.67549999999997,930.3191534715883,6.835527703051865
37081,2022,140.0,2,3913.0,NC,2022,1237.254907617348,7.120650420376845,8.272315147956022,37,32,383,546457.0,0.0073032931179088,7.160673209419954,2.099326666727389,271.6895,1016.9536206133506,6.924566790891994
37081,2023,228.0,2,4141.0,NC,2023,1309.1515034023823,7.177134499015761,8.328934041955529,37,32,383,549866.0,0.0062383682522137,7.53092571644728,2.14369788040386,278.4124166666667,1050.0648593884764,6.956607212089997
37085,2021,80.0,1,471.0,NC,2021,1360.298498367009,7.2154594387403765,6.156978985585555,37,32,384,135586.0,0.0136740507038883,3.4738099803814553,1.4982403901904426,249.14216666666667,1219.275361618324,7.1060119953730645
37097,2016,80.0,1,860.0,NC,2016,1046.121517223431,6.952844811131037,6.7580945044277305,37,32,385,172466.0,0.0177807415625572,4.986490090800506,1.7895052789158126,223.80733333333333,1043.8128491158236,6.950635489073979
37097,2020,148.0,2,1008.0,NC,2020,1242.4395438094052,7.12483209989316,6.9167150203536085,37,32,385,187683.0,0.0323256658196098,5.3707581400553055,1.851718479779206,235.67549999999997,1177.2688273912772,7.0709524816832126
37097,2021,68.0,1,1076.0,NC,2021,1410.3246797149525,7.251575226165692,6.981934677156389,37,32,385,192186.0,0.023992583238759,5.59874288449731,1.8868791588444138,249.14216666666667,1264.1152922854687,7.14212778279838
37097,2022,84.0,1,1160.0,NC,2022,1555.3789703078744,7.349474505729602,7.057036981697891,37,32,385,195874.0,0.0191897432695409,5.922174459091049,1.9347299484625877,271.6895,1278.4336239381103,7.153390876244751
37097,2023,144.0,2,1304.0,NC,2023,1615.5958278095952,7.387459101245712,7.173958319756794,37,32,385,199710.0,0.0195840182974769,6.529467728205899,2.018824352488125,278.4124166666667,1295.8625501696877,7.166931814319948
37101,2015,60.0,1,835.0,NC,2015,1055.9685263248548,6.962213659205426,6.728628613084702,37,32,386,185104.0,0.0243152011510154,4.510977612585358,1.7067420325784501,223.31341666666663,1055.9685263248548,6.962213659205426
37101,2017,152.0,2,987.0,NC,2017,1141.709957076218,7.04028237991623,6.895682697747868,37,32,386,196374.0,0.0289819380328333,5.026123621253323,1.7961039551431106,227.24108333333336,1121.976482496571,7.022847125521234
37101,2022,148.0,2,1135.0,NC,2022,1640.680971574993,7.402866661205666,7.035268599281097,37,32,386,234902.0,0.0334356934826793,4.831802198363572,1.7633260775268502,271.6895,1348.5470488274218,7.206783031720815
37101,2023,72.0,1,1207.0,NC,2023,1701.6970320344433,7.439381286257896,7.0967213784947605,37,32,386,241955.0,0.0300252871410204,4.988530925172036,1.789846127485275,278.4124166666667,1364.9239603063832,7.218853999332132
37119,2015,164.0,2,5128.0,NC,2015,1029.7448271167566,6.937066309867551,8.542665987389269,37,32,387,1033238.0,0.0227760240499925,4.963038525489771,1.7855801708763905,223.31341666666663,1029.7448271167566,6.937066309867551
37119,2016,274.0,3,5402.0,NC,2016,1082.505587902145,6.987033621897636,8.594709633844065,37,32,387,1056901.0,0.0229017902942012,5.111169352664063,1.8101181382867748,223.80733333333333,1080.1166243965192,6.984824299840578
37119,2017,130.0,1,5532.0,NC,2017,1146.08024118526,7.044102913309771,8.618485442898109,37,32,387,1078128.0,0.0200841895314698,5.131116156894172,1.813376814432784,227.24108333333336,1126.2712300038368,7.026667658914774
37119,2018,399.0,4,5931.0,NC,2018,1200.9307263566477,7.090852140446945,8.688116703257823,37,32,387,1093750.0,0.0144899306946855,5.422628571428572,1.8598274687082712,231.78858333333335,1157.0196418906942,7.053602703618888
37119,2020,315.0,4,6246.0,NC,2020,1296.4218846234403,7.16736335219822,8.73985662749357,37,32,387,1117423.0,0.0063646253994213,5.589646892895528,1.8854997648171552,235.67549999999997,1228.4195875120647,7.113483733988272
37119,2021,432.0,5,6678.0,NC,2021,1435.4052299009725,7.269202478504014,8.806723554725636,37,32,387,1126283.0,0.0079289579684684,5.9292380334249914,1.9357498552699344,249.14216666666667,1286.595723554309,7.159755035136702
37119,2022,346.0,3,7024.0,NC,2022,1628.7992302298444,7.395598353756537,8.857230494201946,37,32,387,1144075.0,0.0157970954014221,6.1394576404518935,1.965636812745308,271.6895,1338.7809288421638,7.199514724271687
37119,2023,722.0,6,7746.0,NC,2023,1689.0690739844329,7.431932812350745,8.955060950631902,37,32,387,1163701.0,0.0171544697681533,6.656349010613551,2.0355352396598874,278.4124166666667,1354.7951288001093,7.211405525424981
37125,2018,56.0,1,454.0,NC,2018,1189.4221646704043,7.081222892268193,6.12029741895095,37,32,388,98805.0,0.014758442198669,4.594909164515966,1.7218571065143078,231.78858333333335,1145.9318816821674,7.043973455440137
37129,2015,137.0,2,1682.0,NC,2015,902.2874940961896,6.804933198875799,7.428333194190806,37,32,389,219422.0,0.0160166324787116,7.665594151908195,2.159360489992598,223.31341666666663,902.2874940961896,6.804933198875799
37129,2019,80.0,1,1762.0,NC,2019,1131.3180202463209,7.031138621601034,7.47477218239787,37,32,389,234473.0,0.0095455015155689,7.514724509858278,2.141796960080787,234.2145,1078.6629027569816,6.983477500094711
37129,2020,72.0,1,1834.0,NC,2020,1189.1199777527484,7.080968798036359,7.51479976048867,37,32,389,226326.0,-0.0347460048704968,8.103355336991772,2.2086430639136423,235.67549999999997,1126.7460769513882,7.027089179826413
37129,2023,72.0,1,1906.0,NC,2023,1615.6267017795128,7.38747821102205,7.553286605600419,37,32,389,238852.0,0.0130119092050351,7.979836886440139,2.1949817180556135,278.4124166666667,1295.8873140498008,7.166950924096286
37133,2021,80.0,1,816.0,NC,2021,1093.8058493056094,6.997418498590465,6.705639094860003,37,32,390,206018.0,-0.0083703557521527,3.9608189575668145,1.6015708395199462,249.14216666666667,980.4101997122956,6.887971055223153
37133,2022,80.0,1,896.0,NC,2022,1286.5861462490868,7.1597475911970925,6.799055862058796,37,32,390,209031.0,0.0146249356852314,4.286445551138348,1.665146101532437,271.6895,1057.501111212922,6.963663961712243
37133,2023,72.0,1,968.0,NC,2023,1350.1643823549084,7.207981628727095,6.876264611890766,37,32,390,213676.0,0.0222215843583009,4.530223328778151,1.7102281996696342,278.4124166666667,1082.9611153668525,6.987454341801331
37135,2017,80.0,1,549.0,NC,2017,1083.9149977442669,6.9883347635598785,6.309918278226516,37,32,391,143626.0,0.0057843137254902,3.8224276941500843,1.5732774722483478,227.24108333333336,1065.180459325017,6.970899509164882
37135,2019,69.0,1,618.0,NC,2019,1189.8464540635307,7.081579547581749,6.428105272684596,37,32,391,148476.0,0.0033518042978781,4.162288854764406,1.6413800576472266,234.2145,1134.4672382181507,7.033918426075426
37135,2023,48.0,1,666.0,NC,2023,1590.6901346576722,7.371923247997658,6.502790045915623,37,32,391,150626.0,0.0024824795511571,4.4215474088138835,1.690381274485407,278.4124166666667,1275.8857994960047,7.151395961071894
37147,2015,64.0,1,863.0,NC,2015,737.676951658197,6.603505993886101,6.761572768804055,37,32,392,176071.0,0.0062695028975734,4.901431808758966,1.7751950009204513,223.31341666666663,737.676951658197,6.603505993886101
37147,2016,98.0,1,961.0,NC,2016,761.0639429898406,6.634717379285585,6.8690144506657065,37,32,392,177171.0,0.0062474797098897,5.424138261905165,1.8600624991253605,223.80733333333333,759.3843636827501,6.632508057228528
37147,2020,60.0,1,1021.0,NC,2020,913.5066802110354,6.817290688556551,6.92951677076365,37,32,392,170390.0,-0.0572750107888592,5.992135688714127,1.9447860444455594,235.67549999999997,865.5897533080458,6.763411070346604
37147,2021,80.0,1,1101.0,NC,2021,996.4125279289592,6.904161356501436,7.004881989712859,37,32,392,172235.0,0.0108281002406245,6.392428948819926,2.000456361446352,249.14216666666667,893.1137149456953,6.794713913134124
37147,2022,72.0,1,1173.0,NC,2022,1126.42721163837,7.026806143171609,7.068172000388042,37,32,392,173610.0,0.0079832786599702,6.756523241748747,2.0485341979399534,271.6895,925.8595170489502,6.830722513686759
37147,2023,180.0,1,1353.0,NC,2023,1216.491242986984,7.103725963666623,7.21081845347222,37,32,392,175119.0,0.0086918956281321,7.726174772583215,2.166327103446889,278.4124166666667,975.7424581452881,6.883198676740859
37159,2021,164.0,2,1027.0,NC,2021,1035.9294742242082,6.943054345429057,6.93537044601511,37,32,393,147937.0,0.0052321512295554,6.942144291150963,2.0721833006567087,249.14216666666667,928.533910617478,6.833606902061745
37179,2022,99.0,1,179.0,NC,2022,1824.7986477816564,7.509224929947138,5.19295685089021,37,32,394,249172.0,0.0201138954961741,0.7183792721493587,0.541381562962963,271.6895,1499.8813747488764,7.313141300462288
37183,2015,365.0,5,6162.0,NC,2015,1071.2933700385397,6.976621954542688,8.726318950962243,37,32,395,1022319.0,0.0245853828669015,6.027472833821928,1.949827158095159,223.31341666666663,1071.2933700385397,6.976621954542688
37183,2016,202.0,3,6364.0,NC,2016,1108.6227663140178,7.01087377286903,8.758569510991506,37,32,395,1048335.0,0.0254480255184537,6.070578584135796,1.9559423130714848,223.80733333333333,1106.176165243475,7.008664450811973
37183,2017,491.0,5,6855.0,NC,2017,1148.4531798616376,7.046171254960907,8.832879460277615,37,32,395,1071706.0,0.0222934462743302,6.396343773385611,2.0009857934324495,227.24108333333336,1128.6031544762486,7.02873600056591
37183,2018,50.0,1,6905.0,NC,2018,1191.8214160144355,7.083238017621505,8.840145877949938,37,32,395,1091273.0,0.0182578057788236,6.327472593933873,1.9916306534299484,231.78858333333335,1148.2434062938312,7.045988580793448
37183,2019,619.0,3,7524.0,NC,2019,1232.7879275848484,7.117033491278567,8.925986089617076,37,32,395,1111761.0,0.0187744038384529,6.7676416064244025,2.049966592749646,234.2145,1175.4100797960489,7.069372369772245
37183,2020,216.0,2,7740.0,NC,2020,1271.462128660799,7.147922799645339,8.954286157204713,37,32,395,1130483.0,0.0168399503130618,6.846631041775948,2.0600842730232065,235.67549999999997,1204.7690664219062,7.094043181435391
37183,2021,249.0,4,7989.0,NC,2021,1403.3437143701012,7.24661303539433,8.98594603876032,37,32,395,1152301.0,0.0192997152544531,6.93308432432151,2.0710419038261496,249.14216666666667,1257.858048705838,7.137165592027018
37183,2022,724.0,5,8713.0,NC,2022,1587.6132053371994,7.369987038673007,9.072686206677387,37,32,395,1170778.0,0.0160348728327059,7.442059895214977,2.133226342243333,271.6895,1304.9283436752914,7.173903409188156
37183,2023,140.0,2,8853.0,NC,2023,1630.7623980086582,7.396802913289438,9.088624613292087,37,32,395,1190275.0,0.0166530290114779,7.437776984310348,2.132718883429944,278.4124166666667,1308.0275916962753,7.176275626363674
37191,2023,80.0,1,967.0,NC,2023,1259.2145026571818,7.138243394954805,6.875232087276577,37,32,396,118686.0,0.0105322310109068,8.147548994826685,2.2134859739861605,278.4124166666667,1010.0106032313307,6.917716108029041
38015,2023,120.0,1,878.0,ND,2023,1128.645414197799,7.028773444135167,6.778784897685177,38,33,397,100012.0,0.0061974324922531,8.77894652641683,2.2802317611095253,278.4124166666667,905.2816920569896,6.808246157209402
38017,2016,60.0,2,1909.0,ND,2016,820.0188740387075,6.709327357113784,7.554858521040676,38,33,398,174189.0,0.0203078689331193,10.95936023514688,2.48151425504716,223.80733333333333,818.2091880787494,6.707118035056726
38017,2017,39.0,1,1948.0,ND,2017,822.6784360583368,6.712565402646653,7.575071699507561,38,33,398,177745.0,0.0204146071221489,10.959520661621987,2.4815276692596226,227.24108333333336,808.4591469082667,6.695130148251656
38017,2019,424.0,6,2372.0,ND,2019,837.5604977501224,6.730493497209868,7.771910256435763,38,33,398,181923.0,0.0090352424373523,13.038483314369266,2.641802366720357,234.2145,798.5777841150474,6.682832375703545
38017,2021,124.0,3,2496.0,ND,2021,890.6394885222957,6.791939731139204,7.822845290279774,38,33,398,189377.0,0.0243460481620112,13.180058824461259,2.651836669505903,249.14216666666667,798.3062436246222,6.6824922877718915
38017,2022,122.0,3,2618.0,ND,2022,942.2468772207444,6.8482673179690225,7.870547844507712,38,33,398,192713.0,0.0176156555442319,13.584968320767151,2.679991431275307,271.6895,774.4736896187064,6.652183688484172
38035,2018,42.0,1,559.0,ND,2018,854.166273741032,6.750125874767949,6.327936783729195,38,33,399,70355.0,-0.0019010058306969,7.945419657451496,2.19114163117059,231.78858333333335,822.9343578852356,6.712876437939893
38035,2023,222.0,2,781.0,ND,2023,990.8540484727678,6.898567246463247,6.661854740545311,38,33,399,72708.0,0.0039629389265545,10.741596523078616,2.463137795194911,278.4124166666667,794.7598229692917,6.678039959537482
38093,2022,33.0,1,179.0,ND,2022,846.1202090600523,6.740661440599773,5.19295685089021,38,33,400,21476.0,-0.0047731590898558,8.334885453529521,2.233758506273465,271.6895,695.463000211324,6.544577811114923
38101,2022,54.0,1,633.0,ND,2022,810.4253656442366,6.697559252597937,6.452048954437226,38,33,401,68788.0,-0.0083040193760451,9.202186427865326,2.322602052992402,271.6895,666.123855928724,6.501475623113087
39017,2015,84.0,2,2675.0,OH,2015,921.2001315061271,6.82567731070176,7.892078421248119,39,34,402,375998.0,0.0060147157190635,7.114399544678429,2.0936402049668636,223.31341666666663,921.2001315061271,6.82567731070176
39017,2019,168.0,1,2843.0,OH,2019,1041.4402281125228,6.948359868859737,7.952966790923131,39,34,402,383134.0,0.0029685863874344,7.420380336905626,2.1306549978879468,234.2145,992.968307230851,6.900698747353414
39017,2020,30.0,1,2873.0,OH,2020,1084.788140606108,6.989139984794245,7.96346006663897,39,34,402,390878.0,0.0202122495001748,7.350119474618679,2.122275847097967,235.67549999999997,1027.8868445732815,6.935260366584298
39025,2023,50.0,1,1993.0,OH,2023,1418.3169018999106,7.257226167242818,7.597897950521784,39,34,403,211972.0,0.0061372989239554,9.402185194270942,2.3420158989100415,278.4124166666667,1137.6259617708038,7.036698880317053
39035,2015,265.0,4,16240.0,OH,2015,801.0718389798727,6.685950629663325,9.695294188174604,39,34,404,1258739.0,-0.0035322961270612,12.90180092934278,2.632018395006122,223.31341666666663,801.0718389798727,6.685950629663325
39035,2016,231.0,4,16471.0,OH,2016,818.6189293928215,6.707618687896517,9.709417248707625,39,34,404,1254144.0,-0.0036504787728035,13.133260614411105,2.648530928349804,223.80733333333333,816.8123329473253,6.70540936583946
39035,2017,426.0,4,16897.0,OH,2017,843.2097420417599,6.737215731375193,9.73495055071279,39,34,404,1247581.0,-0.0052330513880384,13.543809981075377,2.677165472242195,227.24108333333336,828.635586927528,6.719780476980197
39035,2018,341.0,4,17238.0,OH,2018,872.2652287287477,6.771093539047461,9.754929537894979,39,34,404,1241718.0,-0.0046994944616822,13.8823790909047,2.7001779017661236,231.78858333333335,840.3715388640356,6.733844102219406
39035,2019,508.0,6,17746.0,OH,2019,913.308054565311,6.817073232847742,9.783971766534565,39,34,404,1235072.0,-0.0053522619467544,14.368393097730335,2.732313004116887,234.2145,870.7998101490983,6.769412111341419
39035,2020,892.0,8,18638.0,OH,2020,964.7609463678654,6.871880346679211,9.833011438731804,39,34,404,1262573.0,0.0222667180536844,14.76191871677915,2.7575968230078165,235.67549999999997,914.1555367442725,6.818000728469263
39035,2022,628.0,5,19266.0,OH,2022,1133.0684052837478,7.0326846345662535,9.86614906688076,39,34,404,1236994.0,-0.0084184638668179,15.574853232917864,2.807886681306802,271.6895,931.3182029521384,6.836601005081403
39035,2023,342.0,8,19608.0,OH,2023,1196.011508987889,7.08674755736385,9.883743923499516,39,34,404,1233088.0,-0.0031576547663125,15.90154149582187,2.827404830539921,278.4124166666667,959.3157505058873,6.866220270438086
39041,2018,23.0,1,831.0,OH,2018,1152.3056472605554,7.049520124867593,6.723832440821209,39,34,405,205091.0,0.0210135908796733,4.051859906090467,1.6197564737178571,231.78858333333335,1110.1725004462012,7.0122706880395365
39041,2020,32.0,1,863.0,OH,2020,1205.5087276623328,7.0946569374642285,6.761572768804055,39,34,405,215166.0,0.0286312548702774,4.010856733870593,1.6116069052417148,235.67549999999997,1142.275174109153,7.040777319254281
39045,2020,92.0,1,777.0,OH,2020,1180.714121060978,7.073874721747514,6.656726524178391,39,34,406,159448.0,0.0118928249584322,4.873062064121218,1.7703761441877999,235.67549999999997,1118.7811396632544,7.019995103537567
39049,2015,547.0,8,15574.0,OH,2015,869.5546585103706,6.767981193820181,9.653422343655654,39,34,407,1257386.0,0.0153622284921532,12.386013523293563,2.594210394934444,223.31341666666663,869.5546585103706,6.767981193820181
39049,2016,310.0,5,15884.0,OH,2016,902.2665633967888,6.804910001233905,9.673130546703616,39,34,407,1274450.0,0.0135710116066187,12.463415591039272,2.599976050646354,223.80733333333333,900.2753663846067,6.802700679176848
39049,2018,317.0,6,16201.0,OH,2018,999.0745846703344,6.906829435191349,9.692889970390437,39,34,407,1307698.0,0.0094078779785566,12.388946071646512,2.594429446496728,231.78858333333335,962.5442107591433,6.869579998363292
39049,2019,775.0,6,16976.0,OH,2019,1043.8395353720969,6.9506610548783945,9.739614765810634,39,34,407,1316756.0,0.0069266757309409,12.892289839575442,2.631333998440128,234.2145,995.2559431448043,6.9029999333720715
39049,2020,688.0,9,17664.0,OH,2020,1094.3582066418533,6.997923357763592,9.779340559793246,39,34,407,1324441.0,0.0058363128780123,13.33694743669216,2.662839941987769,235.67549999999997,1036.9549239628145,6.944043739553645
39049,2022,674.0,7,18338.0,OH,2022,1283.7540092171917,7.157543884289257,9.816785218696834,39,34,407,1321730.0,0.0033279032236026,13.874240578635577,2.699630896591313,271.6895,1055.1732546080084,6.9614602548044076
39049,2023,680.0,9,19018.0,OH,2023,1349.6849631918378,7.2076264836010155,9.85319375848166,39,34,407,1326063.0,0.0032782792249552,14.341701714021129,2.7305747229039006,278.4124166666667,1082.576575292805,6.987099196675251
39061,2015,210.0,3,8614.0,OH,2015,828.7408970656721,6.719907557506924,9.06126014896203,39,34,408,809527.0,0.0023649824112172,10.640781592213724,2.4545145871464253,223.31341666666663,828.7408970656721,6.719907557506924
39061,2016,231.0,5,8845.0,OH,2016,855.9651712784375,6.752229687555138,9.087720658428273,39,34,408,811332.0,0.0022296970947233,10.901825639812062,2.4766918034608465,223.80733333333333,854.0761560353535,6.750020365498081
39061,2017,140.0,1,8985.0,OH,2017,905.7471991487186,6.808760237469791,9.103423089630105,39,34,408,814170.0,0.003497951516765,11.035778768561848,2.4878837777881224,227.24108333333336,890.0921378792524,6.791324983074794
39061,2019,444.0,6,9429.0,OH,2019,1012.223702670452,6.919904875489061,9.151651375627504,39,34,408,817473.0,0.0024869856336111,11.534325904341793,2.5284709530873766,234.2145,965.1116112551645,6.872243753982738
39061,2020,749.0,6,10178.0,OH,2020,1064.5865438387254,6.970341781018278,9.22808205345234,39,34,408,830377.0,0.0157852308271955,12.25708322846129,2.5845319928735906,235.67549999999997,1008.7448989902807,6.9164621628083305
39061,2022,427.0,5,10605.0,OH,2022,1260.546262878696,7.139300447960578,9.269175157697076,39,34,408,824721.0,-0.0032739929661723,12.85889409873157,2.628927199721989,271.6895,1036.097798515731,6.943216818475728
39061,2023,115.0,3,10720.0,OH,2023,1344.27188489451,7.203607795932573,9.27995971385624,39,34,408,827058.0,0.0028336855736668,12.961606078412881,2.6363111393135554,278.4124166666667,1078.234768186164,6.983080509006809
39085,2016,50.0,1,803.0,OH,2016,826.5074199341583,6.717208894757572,6.6895992691789665,39,34,409,229525.0,-0.0013531387598113,3.498529571942054,1.5037505815873529,223.80733333333333,824.6834145106131,6.714999572700515
39093,2018,122.0,2,1743.0,OH,2018,751.2401076864753,6.621725317957696,7.463936604468925,39,34,410,309052.0,0.0052400297943344,5.639827601827524,1.8930859995710907,231.78858333333335,723.771605882953,6.584475881129641
39093,2019,46.0,1,1789.0,OH,2019,785.0585658141116,6.665758321132135,7.489970898834801,39,34,410,309833.0,0.0025270828210139,5.774078293790526,1.913103312313807,234.2145,748.5194580838609,6.618097199625812
39093,2022,62.0,1,1851.0,OH,2022,1009.6324972381524,6.917341679500052,7.524021415206125,39,34,410,316031.0,0.0057762812842121,5.857020355598027,1.925272996884379,271.6895,829.8608615200463,6.721258050015202
39095,2015,143.0,2,4803.0,OH,2015,645.5602471629468,6.470118540033504,8.477204183199873,39,34,411,433633.0,-0.0021905956257118,11.07618654484322,2.491235459294278,223.31341666666663,645.5602471629468,6.470118540033504
39095,2016,250.0,1,5053.0,OH,2016,668.8280803943062,6.5055270471246,8.52793528794814,39,34,411,432879.0,-0.0017387975546141,11.673007930622646,2.5394743718886246,223.80733333333333,667.3520548721691,6.503317725067543
39095,2017,55.0,1,5108.0,OH,2017,688.2690191934445,6.534179777775946,8.538758969330798,39,34,411,431039.0,-0.0042506104477232,11.850435807432738,2.5533777257414396,227.24108333333336,676.372881203202,6.516744523380949
39095,2018,70.0,1,5178.0,OH,2018,709.7486778881163,6.564910932566022,8.552367266423891,39,34,411,429612.0,-0.0033106053048563,12.05273595709617,2.5689977636795813,231.78858333333335,683.7972774781242,6.5276614957379655
39095,2019,184.0,4,5362.0,OH,2019,734.0398420102316,6.598563307809264,8.587278798982926,39,34,411,428348.0,-0.0029421896967496,12.517859310653956,2.6040117230677047,234.2145,699.8753069889567,6.550902186302941
39095,2020,182.0,2,5544.0,OH,2020,764.563550009247,6.63930514815271,8.620651899784468,39,34,411,430859.0,0.0058620560852391,12.867318542725114,2.629534887786835,235.67549999999997,724.4592611932968,6.585425529942762
39095,2022,58.0,1,5602.0,OH,2022,932.9760359353784,6.838379515560757,8.631057447565285,39,34,411,426719.0,-0.0064333313153985,13.128077259273667,2.6481641123682875,271.6895,766.8535819487028,6.642295886075908
39095,2023,96.0,2,5698.0,OH,2023,979.9089210507772,6.887459629642353,8.648045999835,39,34,411,425484.0,-0.0028941762611929,13.39180791757152,2.666659150086927,278.4124166666667,785.9807827608116,6.666932342716589
39099,2016,173.0,1,1694.0,OH,2016,591.1204515118009,6.382019806304368,7.43543801981455,39,34,412,230269.0,-0.0068019288665752,7.356613352209807,2.123053243610557,223.80733333333333,589.8159176582368,6.37981048424731
39099,2019,100.0,1,1794.0,OH,2019,643.5341273490075,6.466975059583323,7.492760300922379,39,34,412,228683.0,-0.0023253176043557,7.844920698084248,2.1798433618377233,234.2145,613.5820144350952,6.419313938077
39103,2018,40.0,1,643.0,OH,2018,1132.4356900844316,7.032126069947403,6.467698726104354,39,34,413,178978.0,0.0045011673850574,3.592620322050755,1.5244507374483702,231.78858333333335,1091.0290725766783,6.994876633119347
39103,2019,134.0,2,777.0,OH,2019,1170.1365176979934,7.064875702778168,6.656726524178391,39,34,413,179746.0,0.0042910301824805,4.322766570605188,1.6719932002523807,234.2145,1115.6746646069066,7.017214581271845
39109,2018,43.0,1,862.0,OH,2018,887.5610896317257,6.788477352368522,6.760414691083428,39,34,414,106042.0,0.0080038022813688,8.128854604779239,2.2114402327148737,231.78858333333335,855.1081186816442,6.751227915540466
39113,2015,55.0,1,7083.0,OH,2015,708.1437610905035,6.56264712546909,8.865593998902725,39,34,415,531777.0,-0.0013352413575516,13.319492945351152,2.6616217520613983,223.31341666666663,708.1437610905035,6.56264712546909
39113,2016,30.0,1,7113.0,OH,2016,735.925632081285,6.601129070255832,8.8698199525084,39,34,415,531818.0,7.709998740068613e-05,13.3748763674791,2.665481986123236,223.80733333333333,734.3015300927643,6.5989197481987745
39113,2017,40.0,1,7153.0,OH,2017,762.8781672981187,6.637098342647774,8.875426919818963,39,34,415,531467.0,-0.000660000225641,13.458972993619547,2.67131519025391,227.24108333333336,749.6924743570697,6.619663088252778
39113,2018,123.0,3,7276.0,OH,2018,798.2687769616097,6.682445353976064,8.892473968347087,39,34,415,531600.0,0.0002502507211172,13.686982693754704,2.6869615704333656,231.78858333333335,769.080708972012,6.6451959171480075
39113,2019,61.0,1,7337.0,OH,2019,837.5527746542126,6.730484276226383,8.900821604915228,39,34,415,531687.0,0.0001636568848757,13.799472245889028,2.694591521072718,234.2145,798.5704204764389,6.68282315472006
39113,2020,440.0,7,7777.0,OH,2020,888.6083332843646,6.789656568450593,8.959054514715692,39,34,415,537119.0,0.0102165371731863,14.479100534518421,2.73949076146815,235.67549999999997,841.9974201145368,6.735776950240646
39113,2022,42.0,2,7819.0,OH,2022,1066.160167824186,6.971818844681403,8.964439833539357,39,34,415,533474.0,-0.005000419654764,14.656759279739969,2.7509027266017534,271.6895,876.3234125379362,6.775735215196553
39113,2023,193.0,4,8012.0,OH,2023,1133.0830512460773,7.032697560412218,8.98882050177807,39,34,415,533796.0,0.0006035908029258,15.009479276727438,2.7731810016031906,278.4124166666667,908.8411018816026,6.812170273486454
39133,2019,45.0,1,1031.0,OH,2019,961.7901577823842,6.868796295668292,6.939253946041508,39,34,416,162466.0,-0.0002215357349447,6.345943151182402,1.9941482086229632,234.2145,917.025402999202,6.821135174161969
39133,2020,30.0,1,1061.0,OH,2020,1010.3873525464852,6.918089053684073,6.967909201801884,39,34,416,161853.0,-0.0037730971403246,6.555331072022144,2.0222534163426125,235.67549999999997,957.3886630300709,6.864209435474126
39133,2023,30.0,1,1091.0,OH,2023,1299.0697911114137,7.169403742025992,6.9957661563048505,39,34,416,162665.0,0.0057066191836381,6.707035932745213,2.0421336691367733,278.4124166666667,1041.9783607886598,6.948876455100228
39151,2015,40.0,1,1122.0,OH,2015,606.6630507385534,6.407973531063902,7.023758954738443,39,34,417,374715.0,-0.0022127781949481,2.994275649493615,1.3848622485093856,223.31341666666663,606.6630507385534,6.407973531063902
39151,2016,49.0,1,1171.0,OH,2016,615.5213500628571,6.422469632371181,7.066466970136958,39,34,417,373447.0,-0.0033839051012102,3.1356524486741093,1.419645102890554,223.80733333333333,614.1629662737413,6.420260310314124
39151,2019,60.0,1,1231.0,OH,2019,679.0633012742104,6.520714350421279,7.116394144093465,39,34,417,370606.0,-0.0017293022453993,3.321586806473721,1.4636226511252584,234.2145,647.4575482751492,6.473053228914956
39151,2020,25.0,1,1256.0,OH,2020,717.7546778217344,6.576127836321258,7.136483208590247,39,34,417,374522.0,0.0105664776069465,3.3536080657478067,1.4710049417067894,235.67549999999997,680.1056937732351,6.522248218111311
39151,2022,134.0,1,1390.0,OH,2022,862.9853879408284,6.7603977592376845,7.237778191923443,39,34,417,372785.0,-0.0026940116428387,3.7286908003272665,1.553648377791261,271.6895,709.3252242522259,6.564314129752835
39151,2023,40.0,1,1430.0,OH,2023,924.3436368054136,6.829083903808096,7.266128779556451,39,34,417,372716.0,-0.0001850932843328,3.8367014026765687,1.5762329600098963,278.4124166666667,741.4121043180579,6.608556616882331
39153,2015,40.0,1,4420.0,OH,2015,704.4352333019375,6.557396394255217,8.394121193826242,39,34,418,541788.0,-0.0012111827005503,8.158172569344467,2.2146466576197668,223.31341666666663,704.4352333019375,6.557396394255217
39153,2016,110.0,2,4530.0,OH,2016,722.1239687789388,6.582196826063628,8.418697944667139,39,34,418,541003.0,-0.0014489062142387,8.373336192220744,2.237869083276521,223.80733333333333,720.5303254506917,6.579987504006571
39153,2018,114.0,2,4644.0,OH,2018,759.3008692943954,6.632398101081427,8.443546651247939,39,34,418,541353.0,-0.0002973145661977,8.578506076441803,2.2595216379062597,231.78858333333335,731.5376321026804,6.5951486642533705
39153,2019,180.0,3,4824.0,OH,2019,789.2689644054755,6.671107155537737,8.481566013773087,39,34,418,541013.0,-0.0006280560004285,8.916606440140995,2.294210770041994,234.2145,752.5338914129928,6.623446034031414
39153,2020,281.0,3,5105.0,OH,2020,827.6408126438896,6.718579259111596,8.53817159780143,39,34,418,539821.0,-0.0022032742281609,9.456838470530046,2.3472561634788844,235.67549999999997,784.2278796238197,6.664699640901649
39153,2023,55.0,2,5160.0,OH,2023,1083.4518583279992,6.987907388358472,8.548885638148727,39,34,418,535733.0,-6.719313734093735e-05,9.631663533887217,2.363836674360823,278.4124166666667,869.0321328834701,6.767380101432709
39155,2016,60.0,1,1368.0,OH,2016,624.8035158978597,6.437437225746935,7.221835825288449,39,34,419,201715.0,-0.0079329949638022,6.7818456733510155,2.05179354313352,223.80733333333333,623.4246474519617,6.435227903689877
39165,2018,33.0,1,968.0,OH,2018,1216.4598827599764,7.103700184088335,6.876264611890766,39,34,420,231945.0,0.0141489840802067,4.173403177477419,1.6435307267968755,231.78858333333335,1171.980986942755,7.066450747260278
39165,2019,118.0,1,1086.0,OH,2019,1264.6038217979328,7.1425141677597,6.99117688712121,39,34,420,234602.0,0.0114553019034684,4.629116546321003,1.7279525108902207,234.2145,1205.7451617018621,7.094853046253377
40017,2019,87.0,1,750.0,OK,2019,1220.3737095815989,7.1069124101502945,6.621405651764134,40,35,421,148306.0,0.0268649689114148,5.057111647539546,1.801233060640476,234.2145,1163.573658748033,7.0592512886439716
40017,2021,152.0,2,902.0,OK,2021,1351.5760561682523,7.209026639507319,6.805722553416985,40,35,421,161999.0,0.0422365762960483,5.567935604540769,1.8821995676776981,249.14216666666667,1211.4571813594684,7.099579196140007
40027,2016,82.0,2,989.0,OK,2016,911.5142318728604,6.815107207680709,6.897704943128636,40,35,422,277809.0,0.0144901603485234,3.5599998560161836,1.517322591950896,223.80733333333333,909.5026263355414,6.812897885623652
40047,2022,98.0,1,447.0,OK,2022,987.845442525766,6.895526250820165,6.104793232414985,40,35,423,61951.0,-0.0002097992382673,7.215379897015383,2.1060079947310593,271.6895,811.9531336655411,6.699442621335315
40109,2016,201.0,3,4282.0,OK,2016,890.443635680802,6.791719805589832,8.36240897761537,40,35,424,784611.0,0.0093108456300901,5.457481478082769,1.8652393777038796,223.80733333333333,888.4785304903701,6.789510483532775
40109,2017,111.0,2,4393.0,OK,2017,901.3118011837928,6.803851258990228,8.387995252944556,40,35,424,786068.0,0.0018569711615055,5.588575034220958,1.8853370936035632,227.24108333333336,885.7334019530949,6.786416004595232
40109,2019,205.0,1,4598.0,OK,2019,956.0229740736266,6.862781944220419,8.433594167539924,40,35,424,797434.0,0.0086529984454706,5.765994427125004,1.9119092466994432,234.2145,911.5266422540433,6.815120822714096
40109,2020,220.0,3,4818.0,OK,2020,988.4909887689382,6.8961795265033015,8.480321716640333,40,35,424,798241.0,0.0010119959770964,6.035771151820064,1.9510073010223132,235.67549999999997,936.6408474627326,6.842299908293354
40109,2021,244.0,3,5062.0,OK,2021,1078.6730367612083,6.983486895019295,8.529714471969909,40,35,424,799845.0,0.0020094182082854,6.328726190699448,1.9918017205377372,249.14216666666667,966.8462168735828,6.874039451651983
40109,2022,96.0,1,5158.0,OK,2022,1183.1051038308835,7.0758977051974705,8.54849804124465,40,35,424,803103.0,0.0040732891997825,6.422588385300515,2.004527835338403,271.6895,972.4455417388083,6.879814075712621
40119,2020,18.0,1,776.0,OK,2020,935.1011080858716,6.840654660432541,6.655440350367647,40,35,425,81648.0,-0.001662916951971,9.504213207916912,2.3517764345779053,235.67549999999997,886.0514706681091,6.786775042222594
40131,2016,39.0,1,452.0,OK,2016,894.0952599734994,6.795812324277158,6.115892125483034,40,35,426,90992.0,0.0101243339253995,4.967469667663091,1.7863229962959513,223.80733333333333,892.122096074393,6.7936030022201
40131,2020,55.0,1,507.0,OK,2020,978.9030859920329,6.886432644772409,6.230481447578482,40,35,426,95386.0,0.031657275116538,5.315245423856751,1.8429666186825562,235.67549999999997,927.5558669374825,6.832553026562461
40131,2021,135.0,2,642.0,OK,2021,1070.917612650813,6.9762711418593275,6.466144724237619,40,35,426,96871.0,0.01556832239532,6.627370420456071,2.0317431489958238,249.14216666666667,959.8948032330786,6.8668236984920155
40143,2016,48.0,1,2863.0,OK,2016,838.5881829765109,6.7317197432666545,7.9599745280805365,40,35,427,645951.0,0.0085577778818679,4.43222473531274,1.6923487618808317,223.80733333333333,836.7375167187392,6.729510421209596
40143,2018,282.0,2,3145.0,OK,2018,864.8050595901194,6.7625041168977535,8.053887083618223,40,35,427,647683.0,0.001927488680258,4.85577049266385,1.7674275840644624,231.78858333333335,833.1841449238323,6.725254680069698
40143,2019,48.0,1,3193.0,OK,2019,890.2535157745398,6.791506271349235,8.069029328774958,40,35,427,651552.0,0.0059736012833437,4.900606551741074,1.775055151007406,234.2145,848.8183024839396,6.743845149842913
40143,2020,132.0,1,3325.0,OK,2020,931.6688060064788,6.8369773931686995,8.109525659752872,40,35,427,670702.0,0.029391360935121,4.957492299113467,1.784649637352655,235.67549999999997,882.7992059890004,6.783097774958752
40143,2022,198.0,3,3523.0,OK,2022,1154.196377661198,7.051159603874089,8.16735198705607,40,35,427,677061.0,0.0044655374741673,5.203371631211959,1.825092955724965,271.6895,948.6842023700306,6.855075974389238
40143,2023,184.0,3,3707.0,OK,2023,1199.362173153753,7.089545172096129,8.218247926685745,40,35,427,682868.0,0.0085767752093237,5.428574775798544,1.8607528613946445,278.4124166666667,962.0033039991552,6.869017885170365
41003,2015,35.0,1,187.0,OR,2015,1137.6808536934502,7.036747130445154,5.236441962829949,41,36,428,88333.0,0.0128188958321389,2.1169891207136633,1.1368675104722956,223.31341666666663,1137.6808536934502,7.036747130445154
41005,2015,35.0,1,2092.0,OR,2015,1139.1562755270477,7.038043158185727,7.646353722445999,41,36,429,399647.0,0.0159363258748583,5.234619551754424,1.8301175591074328,223.31341666666663,1139.1562755270477,7.038043158185727
41005,2016,268.0,2,2360.0,OR,2016,1232.5195562254853,7.116815772911033,7.766840537085513,41,36,429,406625.0,0.0174604088107754,5.803873347679065,1.9174920599686935,223.80733333333333,1229.7995293981885,7.114606450853976
41005,2018,58.0,1,2418.0,OR,2018,1344.0572595144836,7.203448123980998,7.791109510610028,41,36,429,415416.0,0.0072107108393422,5.8206713270552894,1.9199579020630542,231.78858333333335,1294.9128662915132,7.166198687152942
41005,2021,212.0,1,2630.0,OR,2021,1601.4687169171918,7.378676435244437,7.875119281040293,41,36,429,423804.0,0.0031623696942726,6.205698860794141,1.9748722213880237,249.14216666666667,1435.443287839918,7.269228991877125
41007,2023,42.0,1,359.0,OR,2023,1586.8019274109893,7.369475903292191,5.886104031450156,41,36,430,41102.0,-0.0132046480361086,8.734368157267287,2.27566273248228,278.4124166666667,1272.7670849811832,7.148948616366427
41017,2015,50.0,1,1061.0,OR,2015,1151.3019215123174,7.048648686671814,6.967909201801884,41,36,431,174246.0,0.0279272263910519,6.089092432537907,1.9585573256562496,223.31341666666663,1151.3019215123174,7.048648686671814
41017,2018,200.0,3,1261.0,OR,2018,1369.6029475707871,7.222276157525047,7.140453043101158,41,36,431,191905.0,0.0276367647688815,6.570959589380162,2.024319821553122,231.78858333333335,1319.524496419776,7.1850267206969916
41017,2022,47.0,1,1308.0,OR,2022,1987.0246439150017,7.594393645049139,7.1770187659099,41,36,431,206483.0,0.0058455887725725,6.334661933427933,1.9926113210205798,271.6895,1633.2219766811952,7.398310015564289
41017,2023,288.0,2,1596.0,OR,2023,2020.1898033407604,7.610946748030975,7.3758821482150125,41,36,431,208513.0,0.0098313178324607,7.654199018766216,2.158044638853514,278.4124166666667,1620.385659161585,7.390419461105211
41019,2023,144.0,1,977.0,OR,2023,1213.548171303514,7.101303720549788,6.885509670034818,41,36,432,112435.0,0.0012912993142755,8.689465024236224,2.2710392153214496,278.4124166666667,973.3818328506287,6.880776433624025
41039,2015,95.0,2,2229.0,OR,2015,1014.6814552706836,6.922330005046956,7.709756864454165,41,36,433,361946.0,0.0109461018303089,6.158377216490858,1.9682833095430263,223.31341666666663,1014.6814552706836,6.922330005046956
41039,2016,87.0,2,2316.0,OR,2016,1076.709759669675,6.981665151208634,7.748028524432376,41,36,433,368874.0,0.0191409768307979,6.2785666650400955,1.984933956153553,223.80733333333333,1074.3335868805934,6.979455829151576
41039,2018,65.0,2,2381.0,OR,2018,1217.0947170158431,7.10422191823831,7.775695749915245,41,36,433,378549.0,0.0087538372985418,6.289806603636518,1.9864770166750478,231.78858333333335,1172.592608984945,7.066972481410255
41039,2020,101.0,2,2482.0,OR,2020,1346.1870036407531,7.205031433422712,7.817222785508166,41,36,433,383308.0,0.0032481214027906,6.47521053565279,2.0115922841848364,235.67549999999997,1275.5743352842321,7.151151815212764
41039,2023,98.0,1,2580.0,OR,2023,1718.5660834660112,7.449245549705921,7.855932199718614,41,36,433,381181.0,-0.0026165612628571,6.768438091090585,2.050069126295095,278.4124166666667,1378.4545547971431,7.228718262780157
41043,2021,31.0,1,628.0,OR,2021,1232.8597024468588,7.117091711164618,6.444131256700441,41,36,434,130120.0,0.0088307580186228,4.826314171533968,1.7623845828529487,249.14216666666667,1105.0482385521173,7.007644267797306
41043,2023,116.0,1,744.0,OR,2023,1495.981724957994,7.310537942522638,6.61338421837956,41,36,434,131496.0,0.0066910627612499,5.657966782259536,1.8958141499934267,278.4124166666667,1199.92058641277,7.090010655596874
41047,2015,20.0,1,1918.0,OR,2015,868.555630787308,6.766831637501195,7.5595594960077,41,36,435,329060.0,0.0142618044403621,5.828724244818574,1.9211378691400187,223.31341666666663,868.555630787308,6.766831637501195
41047,2019,177.0,1,2095.0,OR,2019,1164.46577773707,7.060017700946722,7.647786045440933,41,36,435,347818.0,0.0069655947100852,6.023265040912201,1.9492282154527112,234.2145,1110.2678588126369,7.012356579440399
41047,2023,94.0,1,2189.0,OR,2023,1576.5900685692568,7.363019609334914,7.691656822810547,41,36,435,346741.0,6.345195965606898e-05,6.313069409155537,1.9896630774451318,278.4124166666667,1264.576196385883,7.14249232240915
41051,2015,112.0,2,13824.0,OR,2015,1176.7674438822032,7.070526503950606,9.534233826390535,41,36,436,790008.0,0.014873527484809,17.49855697663821,2.917692727779223,223.31341666666663,1176.7674438822032,7.070526503950606
41051,2016,907.0,7,14731.0,OR,2016,1256.3820410250933,7.135991473567659,9.597777277564957,41,36,436,803212.0,0.0167137547974198,18.340114440521308,2.962181407304503,223.80733333333333,1253.609352478562,7.133782151510601
41051,2018,735.0,7,15466.0,OR,2018,1336.5927374935663,7.197878921494623,9.64646400103814,41,36,436,809072.0,0.0014692685221286,19.11572764846639,3.001501979167875,231.78858333333335,1287.7212786287273,7.1606294846665675
41051,2019,241.0,3,15707.0,OR,2019,1383.624880262055,7.23246205916648,9.661925415697901,41,36,436,812855.0,0.0046757272529516,19.32324953404974,3.0117655279390174,234.2145,1319.2266038026125,7.184800937660157
41051,2020,476.0,3,16183.0,OR,2020,1405.3432778788872,7.248036877817582,9.691778378847582,41,36,436,816514.0,0.0045014178420506,19.819623423480795,3.0358959757744857,235.67549999999997,1331.627636189027,7.1941572596076355
41051,2021,224.0,1,16407.0,OR,2021,1472.2962134989343,7.294578511040938,9.705524299752216,41,36,436,805319.0,-0.0137107263316978,20.373293067716023,3.0621421551530035,249.14216666666667,1319.6621919955062,7.185131067673626
41051,2022,274.0,4,16681.0,OR,2022,1585.374030277356,7.3685756397197295,9.722085572801557,41,36,436,794563.0,-0.0133561979786891,20.99392999674035,3.090766506049284,271.6895,1303.0878683049575,7.172492010234879
41051,2023,139.0,3,16820.0,OR,2023,1612.4278447699096,7.385496300239218,9.730383384791782,41,36,436,789698.0,-0.0061228625042948,21.29928149748385,3.1045544581032294,278.4124166666667,1293.321524431668,7.1649690133134545
41053,2021,54.0,1,201.0,OR,2021,1394.9328462750518,7.240601554225822,5.308267697401205,41,36,437,89373.0,0.0161103278912182,2.2490013762545735,1.1783476802801556,249.14216666666667,1250.3191414362743,7.13115411085851
41067,2015,57.0,1,3932.0,OR,2015,1180.4761815357813,7.073673179732252,8.27715777243181,41,36,438,572664.0,0.0184024640949216,6.866155372085551,2.062569426177313,223.31341666666663,1180.4761815357813,7.073673179732252
41067,2016,58.0,1,3990.0,OR,2016,1277.292980579124,7.15249825851897,8.291797105048733,41,36,438,584910.0,0.0213842672142827,6.82156229163461,2.056884316142498,223.80733333333333,1274.4741440292742,7.150288936461912
41067,2018,288.0,2,4278.0,OR,2018,1364.0565300602257,7.218218281870294,8.361474616416817,41,36,438,596904.0,0.0094159665570843,7.16698162518596,2.1000993944882103,231.78858333333335,1314.1808792893235,7.180968845042238
41067,2019,44.0,1,4322.0,OR,2019,1411.416414896422,7.252349028721873,8.371704884667631,41,36,438,601592.0,0.007853859247048,7.184271067434408,2.1022141497325864,234.2145,1345.7246325481024,7.20468790721555
41067,2021,264.0,1,4586.0,OR,2021,1581.7952639972443,7.36631572402169,8.430981494597171,41,36,438,602453.0,0.0022008550563106,7.612212072974987,2.1531812044863075,249.14216666666667,1417.8093961227353,7.256868280654378
41067,2022,36.0,1,4622.0,OR,2022,1781.057466713418,7.484962549312296,8.438799123988225,41,36,438,600086.0,-0.0039289371951006,7.702229347126912,2.163579239631132,271.6895,1463.928595589639,7.288878919827446
41067,2023,202.0,2,4824.0,OR,2023,1800.9145301968854,7.4960498871908126,8.481566013773087,41,36,438,598865.0,-0.0020347083584686,8.055237824885408,2.2033433554725703,278.4124166666667,1444.5058940902525,7.275522600265049
42003,2015,282.0,6,5163.0,PA,2015,974.6477044632062,6.882076076947198,8.549466751966532,42,37,439,1228827.0,-0.0034062514446155,4.201567836644215,1.6489600871902306,223.31341666666663,974.6477044632062,6.882076076947198
42003,2016,480.0,10,5643.0,PA,2016,996.1708745270234,6.9039188036398365,8.638348312972704,42,37,439,1226426.0,-0.0019538958698009,4.6011744695562555,1.7229763024580065,223.80733333333333,993.9724416586776,6.901709481582778
42003,2017,92.0,2,5735.0,PA,2017,1017.4485340563198,6.92505333525747,8.654517382279456,42,37,439,1220141.0,-0.0051246467377566,4.700276443460223,1.7405146725171439,227.24108333333336,999.8628112915676,6.907618080862473
42003,2018,632.0,9,6367.0,PA,2018,1050.291669060424,6.956823184635379,8.75904072752422,42,37,439,1217281.0,-0.0023439913911589,5.2305096358195025,1.8294581329559656,231.78858333333335,1011.88858286917,6.9195737478073225
42003,2019,483.0,5,6850.0,PA,2019,1091.739441441528,6.995527521095206,8.832149906002899,42,37,439,1216045.0,-0.0010153777147593,5.633015225587869,1.8920594859708868,234.2145,1040.9264361432183,6.947866399588883
42003,2020,74.0,2,6924.0,PA,2020,1129.1008642026784,7.029176899576918,8.842893331055539,42,37,439,1249565.0,0.0275647693958693,5.541128312652803,1.8781096754588624,235.67549999999997,1069.8751959638832,6.975297281366971
42003,2021,35.0,1,6959.0,PA,2021,1189.218943803416,7.081052020868755,8.847934753328465,42,37,439,1245220.0,-0.003477210069104,5.588570694335138,1.8853364349046446,249.14216666666667,1065.931749163826,6.971604577501443
42003,2022,0.0,1,6959.0,PA,2022,1279.5383088669348,7.1542545956494354,8.847934753328465,42,37,439,1232605.0,-0.0101307399495671,5.645766486425091,1.893980033357415,271.6895,1051.7081871362852,6.958170966164586
42011,2015,76.0,2,634.0,PA,2015,803.0912109888471,6.688468295278035,6.453624998892692,42,37,440,415138.0,0.0013966648896779,1.5272030023751137,0.9271131585293734,223.31341666666663,803.0912109888471,6.688468295278035
42011,2016,46.0,1,680.0,PA,2016,828.3744894834167,6.719465334121395,6.523562306149512,42,37,440,415784.0,0.0015561090528932,1.6354645681411502,0.9690594731480605,223.80733333333333,826.5463636552607,6.717256012064337
42011,2017,58.0,1,738.0,PA,2017,853.9485932583989,6.749870996728987,6.6052979209482015,42,37,440,417511.0,0.0041535989840879,1.7676180986848251,1.0179870581083548,227.24108333333336,839.1888263377842,6.7324357423339904
42011,2020,57.0,2,795.0,PA,2020,972.1591052653883,6.879519479609569,6.679599185844383,42,37,440,428671.0,0.0178244104434377,1.854569121774041,1.0489209111488056,235.67549999999997,921.1656338500334,6.825639861399622
42017,2019,351.0,1,642.0,PA,2019,1516.624686931895,7.324242543947814,6.466144724237619,42,37,441,628270.0,0.0007295177537225,1.0218536616422875,0.7040147449041914,234.2145,1446.0361789717335,7.276581422441491
42017,2020,40.0,1,682.0,PA,2020,1578.7219331604265,7.364370895619373,6.52649485957079,42,37,441,646173.0,0.0284957104429623,1.0554449040736769,0.7204923228485054,235.67549999999997,1495.9119164302604,7.310491277409426
42017,2022,0.0,1,682.0,PA,2022,1925.1566184773783,7.562762603660308,6.52649485957079,42,37,441,645557.0,-0.0028421509521977,1.056452025150374,0.7209821800186491,271.6895,1582.369955742234,7.366678974175458
42019,2021,0.0,1,498.0,PA,2021,1391.374249916343,7.238047206717992,6.212606095751519,42,37,442,196759.0,0.0138192573050901,2.5310150996904843,1.2615853932583985,249.14216666666667,1247.1294673556758,7.12859976335068
42021,2019,43.0,1,186.0,PA,2019,538.6550302344393,6.289075347892047,5.231108616854587,42,37,443,130192.0,-0.0095626440672808,1.4286592110114293,0.8873393400582509,234.2145,513.5843220908152,6.241414226385724
42027,2020,50.0,1,832.0,PA,2020,1210.6694354674744,7.098928738055531,6.725033642166843,42,37,444,157979.0,-0.0271330480032022,5.266522765684047,1.8352216179813834,235.67549999999997,1147.1651830086123,7.045049119845584
42027,2022,18.0,1,850.0,PA,2022,1354.6625431939262,7.211307656683454,6.7464121285733745,42,37,444,157533.0,-0.0028547194652622,5.395694870281148,1.8556250874986944,271.6895,1113.4560627149428,7.015224027198604
42029,2015,118.0,2,1035.0,PA,2015,1338.1527294673,7.199045381757766,6.943122422819428,42,37,445,515055.0,0.0044561889346099,2.0094941316946735,1.1017720020767807,223.31341666666663,1338.1527294673,7.199045381757766
42029,2016,35.0,1,1070.0,PA,2016,1366.4854863366209,7.219997384262777,6.976348070447749,42,37,445,516767.0,0.0033239168632475,2.0705656514444613,1.1218617959117634,223.80733333333333,1363.4698123352036,7.217788062205719
42029,2017,80.0,2,1150.0,PA,2017,1408.6176667397324,7.250364124288411,7.048386408721883,42,37,445,518901.0,0.0041295206543761,2.2162223622617803,1.1682074914208225,227.24108333333336,1384.2709219760843,7.232928869893414
42029,2018,48.0,1,1198.0,PA,2018,1451.5452894431653,7.280383984798907,7.089243155027514,42,37,445,522086.0,0.006137972368525,2.2946411127668624,1.192297243286996,231.78858333333335,1398.4706812147078,7.24313454797085
42041,2015,101.0,3,661.0,PA,2015,965.4128273304042,6.872555810200897,6.495265555937008,42,37,446,245744.0,0.0101282472870767,2.6897910020183606,1.3055698174289716,223.31341666666663,965.4128273304042,6.872555810200897
42041,2018,52.0,1,713.0,PA,2018,1056.9357668585053,6.96312921473185,6.570882962339584,42,37,446,251131.0,0.0084610318684141,2.839155659795087,1.3452524621607305,231.78858333333335,1018.289744473507,6.925879777903795
42041,2020,42.0,1,755.0,PA,2020,1141.548053855298,7.0401405621975,6.628041376179533,42,37,446,260258.0,0.027185538935154,2.9009675014793013,1.3612245996719,235.67549999999997,1081.669482808398,6.986260943987553
42043,2015,100.0,1,1032.0,PA,2015,804.8494632982183,6.690655257817474,6.940222469119639,42,37,447,273085.0,0.0031665215650404,3.779043155061611,1.5642403496999684,223.31341666666663,804.8494632982183,6.690655257817474
42043,2017,63.0,2,1095.0,PA,2017,843.6406794744629,6.737726668725158,6.999422467507961,42,37,447,275714.0,0.0055361857941034,3.971506706224566,1.6037229543709175,227.24108333333336,829.0590759773726,6.720291414330162
42043,2018,70.0,2,1165.0,PA,2018,880.1358628909142,6.780076285204163,7.061334366910438,42,37,447,276864.0,0.0041709887782266,4.207842117429496,1.6501655890530254,231.78858333333335,847.9543894980513,6.742826848376107
42043,2019,37.0,1,1202.0,PA,2019,917.2232248116236,6.8213508720888365,7.0925737159746784,42,37,447,278299.0,0.0051830501618121,4.319095648924358,1.6713032980997866,234.2145,874.5327559937652,6.7736897505825135
42043,2020,43.0,1,1245.0,PA,2020,974.361957022833,6.881782853729204,7.1276936993473985,42,37,447,286710.0,0.0302228897696361,4.342366851522444,1.6756687853966068,235.67549999999997,923.2529375891371,6.827903235519257
42045,2015,84.0,2,1307.0,PA,2015,984.7027153294202,6.8923397837694225,7.176254532017144,42,37,448,563225.0,0.0009401168659453,2.3205646056194236,1.200134830403067,223.31341666666663,984.7027153294202,6.8923397837694225
42045,2016,50.0,1,1357.0,PA,2016,1013.4648922420484,6.9211303251756915,7.213768308118642,42,37,448,563708.0,0.0008575613653514,2.407274688313808,1.2259127601173598,223.80733333333333,1011.2282934947929,6.918921003118634
42045,2017,109.0,2,1466.0,PA,2017,1045.5090038948213,6.952259130878302,7.2909747781429814,42,37,448,563858.0,0.0002660952124149,2.599945376318151,1.2809186721019914,227.24108333333336,1027.4382800447943,6.934823876483305
42045,2020,41.0,1,1507.0,PA,2020,1175.251123822627,7.069237126145116,7.318539548567902,42,37,448,576356.0,0.0169546552518142,2.6147034124742348,1.2850098086693778,235.67549999999997,1113.604697570051,7.015357507935168
42049,2016,66.0,2,637.0,PA,2016,642.6961217935374,6.465672018118389,6.45833828334479,42,37,449,276170.0,-0.0072041240374729,2.306550313212876,1.1959054444731472,223.80733333333333,641.2777664544694,6.463462696061332
42049,2017,45.0,1,682.0,PA,2017,657.0777700500195,6.487802382940479,6.52649485957079,42,37,449,273558.0,-0.0094579425716044,2.493072767018329,1.2507817978488545,227.24108333333336,645.7207459724344,6.470367128545482
42049,2018,30.0,1,712.0,PA,2018,671.6721582567051,6.509770361743823,6.569481420414296,42,37,449,271544.0,-0.0073622412797286,2.6220428365200483,1.2870381861499962,231.78858333333335,647.1129957443783,6.472520924915767
42049,2019,40.0,1,752.0,PA,2019,693.8300456930557,6.542227039583928,6.6240652277998935,42,37,449,269728.0,-0.0066876822908994,2.7879938308221615,1.3318365467116717,234.2145,661.5370017215232,6.494565918077605
42049,2020,25.0,1,777.0,PA,2020,713.0510131305327,6.569552965022567,6.656726524178391,42,37,449,270578.0,0.0031513228140942,2.8716303616702024,1.3536757004126314,235.67549999999997,675.648754324516,6.51567334681262
42055,2015,40.0,1,517.0,PA,2015,693.3270314129854,6.541501794677752,6.249975242259483,42,37,450,153048.0,0.0028897756983623,3.378025194710156,1.4765977539288258,223.31341666666663,693.3270314129854,6.541501794677752
42055,2016,64.0,1,581.0,PA,2016,715.641535957574,6.573179393490592,6.366470447731438,42,37,450,153705.0,0.0042927708954054,3.779968120750789,1.5644338771821267,223.80733333333333,714.062198602073,6.570970071433535
42055,2017,54.0,1,635.0,PA,2017,730.0928519401926,6.59317172049253,6.455198563340122,42,37,450,154376.0,0.0043655053511597,4.113333678810178,1.6318515748349183,227.24108333333336,717.4738249752014,6.575736466097534
42055,2020,40.0,1,675.0,PA,2020,816.8404214119629,6.705443753152878,6.516193076042964,42,37,450,155949.0,0.0059473511065815,4.328338110536137,1.6730393904093495,235.67549999999997,773.9940103105553,6.65156413494293
42055,2022,0.0,1,675.0,PA,2022,992.2141096420202,6.899938920328244,6.516193076042964,42,37,450,156951.0,0.0024142093464389,4.30070531567177,1.6678398901325635,271.6895,815.5439311752352,6.703855290843394
42069,2015,58.0,1,848.0,PA,2015,733.8881700245394,6.598356660092225,6.744059186311348,42,37,451,211863.0,-0.0045388551372228,4.002586577174873,1.6099550941075746,223.31341666666663,733.8881700245394,6.598356660092225
42069,2016,31.0,1,879.0,PA,2016,756.998404367611,6.6293611455985175,6.779921907472252,42,37,451,211004.0,-0.0040545069219259,4.165797804780952,1.6420595542988767,223.80733333333333,755.3277972298172,6.62715182354146
42069,2018,48.0,1,927.0,PA,2018,802.3979809192219,6.6876047203424935,6.833031732786201,42,37,451,210269.0,-0.0008648093855576,4.408638458355726,1.6879973899002585,231.78858333333335,773.0589318448868,6.650355283514437
42069,2020,0.0,1,927.0,PA,2020,891.2983741091119,6.792679246955845,6.833031732786201,42,37,451,215539.0,0.0279719946202199,4.300845786609384,1.6678663902052917,235.67549999999997,844.5463579869382,6.738799628745897
42071,2015,97.0,2,1294.0,PA,2015,837.5608021813564,6.730493860683526,7.166265974133638,42,37,452,535811.0,0.0047291431100209,2.415030673129144,1.2281864748650355,223.31341666666663,837.5608021813564,6.730493860683526
42071,2016,161.0,4,1455.0,PA,2016,865.3338790311215,6.763115419777153,7.283448228756631,42,37,452,538160.0,0.0043840085403248,2.703656905009663,1.3093206842565408,223.80733333333333,863.4241881433422,6.760906097720095
42071,2018,258.0,2,1713.0,PA,2018,950.84106952745,6.857346929260211,7.446585099157725,42,37,452,543969.0,0.004871317417038,3.1490765098746434,1.4228857817385856,231.78858333333335,916.0743160408563,6.820097492432154
42071,2020,52.0,1,1765.0,PA,2020,1040.8377563812328,6.947781202848198,7.476472381163905,42,37,452,552821.0,0.0130047423239585,3.1927151826721487,1.4333485390205687,235.67549999999997,986.2418264654609,6.89390158463825
42071,2022,64.0,1,1829.0,PA,2022,1266.301666120822,7.1438558571951125,7.512071245835466,42,37,452,556660.0,0.0006615230849984,3.2856680918334353,1.4552764539765544,271.6895,1040.8284147607221,6.947772227710263
42075,2021,51.0,1,559.0,PA,2021,1041.1068253363817,6.948039681348548,6.327936783729195,42,37,453,143759.0,0.0033571099540752,3.888452201253487,1.5868757301216747,249.14216666666667,933.1745219664565,6.838592237981236
42077,2015,56.0,1,751.0,PA,2015,1015.9484097435668,6.92357784903774,6.62273632394984,42,37,454,359710.0,0.0057991924750304,2.087792944316255,1.1274565782034058,223.31341666666663,1015.9484097435668,6.92357784903774
42077,2017,61.0,1,812.0,PA,2017,1076.471282038328,6.981443639289568,6.70073110954781,42,37,454,365577.0,0.0090505605882449,2.221146297496834,1.1697372892172784,227.24108333333336,1057.8654018424304,6.964008384894571
42077,2021,210.0,1,1022.0,PA,2021,1388.0863086986055,7.23568132119304,6.930494765951626,42,37,454,375889.0,0.0037062651368087,2.718887756757979,1.3134246334597754,249.14216666666667,1244.1823894003232,7.126233877825728
42079,2016,246.0,2,369.0,PA,2016,697.1078763507654,6.546940171167248,5.91350300563827,42,37,455,317172.0,-0.0027887907589472,1.1634066058794597,0.7716841116805282,223.80733333333333,695.5694406191647,6.5447308491101905
42079,2017,56.0,1,425.0,PA,2017,733.9810148651867,6.598483162973718,6.054439346269371,42,37,455,317808.0,0.002005221141841,1.3372854050244174,0.8489901726291895,227.24108333333336,721.2947843483946,6.5810479085787215
42079,2020,35.0,1,460.0,PA,2020,869.2165307095875,6.767592266505142,6.133398042996649,42,37,455,325217.0,0.0245733530340215,1.414440204540353,0.8814674608727389,235.67549999999997,823.6227919147497,6.7137126482951945
42089,2017,40.0,1,394.0,PA,2017,1032.888154357574,6.940114190612596,5.978885764901122,42,37,456,167895.0,0.0100770063770905,2.346704785729176,1.2079762156887264,227.24108333333336,1015.0355710361227,6.9226789362176
42091,2015,62.0,1,722.0,PA,2015,1213.3496155766882,7.101140091303973,6.583409222158765,42,37,457,817180.0,0.00174930401727,0.8835262732812844,0.6331456972330703,223.31341666666663,1213.3496155766882,7.101140091303973
42091,2016,162.0,3,884.0,PA,2016,1243.0568604287776,7.125328834976754,6.785587645007929,42,37,457,819791.0,0.0031951344868939,1.0783236215084089,0.7315616175620702,223.80733333333333,1240.3135790007925,7.123119512919696
42091,2017,84.0,2,968.0,PA,2017,1291.782593564919,7.1637783989487716,6.876264611890766,42,37,457,824303.0,0.0055038418328574,1.1743254604192874,0.7767184832988621,227.24108333333336,1269.455242546781,7.146343144553775
42091,2018,98.0,2,1066.0,PA,2018,1337.240594918647,7.198363512235494,6.9726062513017535,42,37,457,826924.0,0.0031796560245442,1.289114840057853,0.8281652101172899,231.78858333333335,1288.3454476582242,7.161114075407437
42091,2020,234.0,2,1300.0,PA,2020,1453.7984561333149,7.281935035097375,7.170888478512505,42,37,457,856998.0,0.0313906957992093,1.516923026658172,0.9230371343022341,235.67549999999997,1377.5411546124042,7.228055416887427
42091,2021,122.0,4,1422.0,PA,2021,1574.670268096036,7.361801175752393,7.260522598089852,42,37,457,864249.0,0.0084609298971525,1.645359149967197,0.9728068405790367,249.14216666666667,1411.423053739498,7.252353732385081
42101,2015,927.0,8,8843.0,PA,2015,1193.7506140541009,7.084855406185677,9.087494541977337,42,37,458,1571065.0,0.0035804172575473,5.628665904975287,1.891403562981079,223.31341666666663,1193.7506140541009,7.084855406185677
42101,2016,1077.0,12,9920.0,PA,2016,1231.3867206297864,7.115896228457444,9.202409001649903,42,37,458,1576051.0,0.0031736433565765,6.294212560380343,1.9870812337743697,223.80733333333333,1228.669193838449,7.113686906400386
42101,2017,1061.0,16,10981.0,PA,2017,1270.9937461567872,7.147554350765694,9.304012847838818,42,37,458,1580601.0,0.0028869624142873,6.947357365963959,2.0728394666098686,227.24108333333336,1249.0257124848158,7.130119096370698
42101,2018,348.0,7,11329.0,PA,2018,1313.7483373260563,7.180639656596492,9.335209354022052,42,37,458,1583592.0,0.0018923181751751,7.153989158823737,2.0985072748430427,231.78858333333335,1265.7121659289407,7.1433902197684365
42101,2019,755.0,7,12084.0,PA,2019,1364.526973421188,7.2185631079421535,9.399720293137584,42,37,458,1584064.0,0.0002980565701267,7.62847965738758,2.1550683200956686,234.2145,1301.0175739269398,7.1709019864358305
42101,2020,732.0,7,12816.0,PA,2020,1393.075483014764,7.23926915968772,9.458527693729824,42,37,458,1600684.0,0.0104920003232191,8.006577188252022,2.1979551091275495,235.67549999999997,1320.003334188721,7.185389541477773
42101,2021,237.0,6,13053.0,PA,2021,1451.4727788212467,7.280334029462613,9.476849879195163,42,37,458,1589623.0,-0.0069101709019394,8.211380937492727,2.2204397779517904,249.14216666666667,1300.9975379675466,7.170886586095301
42125,2017,48.0,1,344.0,PA,2017,907.3713997012223,6.810551847779221,5.84354441703136,42,37,459,207075.0,-0.0014996190678252,1.6612338524689123,0.9787898695580739,227.24108333333336,891.6882655222432,6.793116593384225
42125,2018,24.0,1,368.0,PA,2018,942.7745856892652,6.8488272144929505,5.910796644040527,42,37,459,207018.0,-0.0002752625860195,1.7776232018471823,1.0215955986485965,231.78858333333335,908.3027768196989,6.811577777664894
42125,2020,101.0,1,469.0,PA,2020,984.6120052303504,6.892247660252356,6.152732694704104,42,37,459,209434.0,0.0124187271892297,2.2393689658794655,1.1753785472178928,235.67549999999997,932.9653314791203,6.8383680420424096
42125,2022,42.0,1,511.0,PA,2022,1121.3883205318616,7.02232276855763,6.238324625039508,42,37,459,209940.0,-0.0005427175869062,2.434028770124798,1.2337341404613875,271.6895,921.7178332915519,6.826239139072779
42129,2020,83.0,2,486.0,PA,2020,769.6127144974981,6.645887420131736,6.18826412308259,42,37,460,354346.0,0.0156119679334134,1.3715408103943603,0.8635398748715388,235.67549999999997,729.2435776503887,6.592007801921788
42133,2015,50.0,1,1476.0,PA,2015,805.0772176104101,6.690938195315699,7.29776828253138,42,37,461,441741.0,0.002874169930189,3.341324441244983,1.468179472350953,223.31341666666663,805.0772176104101,6.690938195315699
42133,2021,146.0,3,1622.0,PA,2021,1047.2356935626328,6.95390929877669,7.392031567514591,42,37,461,459183.0,0.0053928008407777,3.532360736351302,1.5112429376042393,249.14216666666667,938.6680059568043,6.844461855409378
44001,2019,46.0,1,221.0,RI,2019,1382.414814950437,7.231587114825726,5.402677381872279,44,38,462,48479.0,-0.0032485556263749,4.558674890158625,1.715359750749435,234.2145,1318.0728587563954,7.183925993319403
44001,2023,47.0,1,268.0,RI,2023,2012.793320254269,7.607278747867005,5.594711379601839,44,38,462,50255.0,-0.0010336533683185,5.332802706198388,1.8457429037564863,278.4124166666667,1614.452971499385,7.38675146094124
44003,2019,100.0,1,651.0,RI,2019,1338.8990649327366,7.199602961918399,6.480044561926653,44,38,463,164292.0,0.0014568462630979,3.962457088598349,1.6019009988420883,234.2145,1276.582469325915,7.151941840412076
44003,2021,48.0,1,699.0,RI,2021,1631.7694137700155,7.397420234959499,6.551080335043404,44,38,463,171077.0,0.0039376547774139,4.085879457788014,1.6264679659302304,249.14216666666667,1462.6026893660278,7.287972791592187
44005,2015,111.0,1,945.0,RI,2015,1335.2109582900125,7.196844579541337,6.852242569051878,44,38,464,83259.0,-0.0011037660016076,11.35012431088531,2.513666128682057,223.31341666666663,1335.2109582900125,7.196844579541337
44005,2021,260.0,2,1205.0,RI,2021,2193.528359159264,7.693266649248138,7.095064377287131,44,38,464,85608.0,0.0010875285037712,14.075787309597235,2.7130899674251143,249.14216666666667,1966.1236754613954,7.583819205880826
44007,2015,261.0,3,6974.0,RI,2015,1020.2350809623696,6.927788351255568,8.850087606689566,44,38,465,633747.0,0.0017054758577959,11.004391342286432,2.485272528036926,223.31341666666663,1020.2350809623696,6.927788351255568
44007,2016,307.0,3,7281.0,RI,2016,1076.9189718655612,6.981859439289472,8.893160828735379,44,38,465,634922.0,0.0018540521690832,11.467550344766758,2.523129296510337,223.80733333333333,1074.542337369578,6.979650117232414
44007,2017,453.0,5,7734.0,RI,2017,1138.0481019029066,7.03706988260045,8.953510763007166,44,38,465,634130.0,-0.0012473973180957,12.196237364578241,2.5799317408203706,227.24108333333336,1118.3779193402286,7.019634628205454
44007,2018,247.0,5,7981.0,RI,2018,1190.6942955024865,7.082291857568427,8.984944285608679,44,38,465,636953.0,0.0044517685648053,12.529966889236725,2.6049069949688173,231.78858333333335,1147.1574980540952,7.04504242074037
44007,2019,493.0,5,8474.0,RI,2019,1246.4513663389923,7.128055886028368,9.044875932248651,44,38,465,638931.0,0.0031054096613094,13.262777983851151,2.6576532055399666,234.2145,1188.4375789116186,7.080394764522046
44007,2020,380.0,4,8854.0,RI,2020,1308.1906519155234,7.17640027974063,9.088737550216933,44,38,465,659963.0,0.0329174824824589,13.415903618839238,2.668332015136033,235.67549999999997,1239.5710378492868,7.122520661530682
44007,2021,486.0,7,9340.0,RI,2021,1436.6841710554763,7.270093078384793,9.14216859187285,44,38,465,658782.0,-0.0017894942595266,14.177679414434516,2.7198258890321103,249.14216666666667,1287.742075947198,7.160645635017481
44007,2022,101.0,1,9441.0,RI,2022,1606.8907295298884,7.382056366866767,9.152923101106232,44,38,465,657424.0,-0.0020613799405569,14.36059529314415,2.7318054830326015,271.6895,1320.7733792484134,7.185972737381917
44009,2020,43.0,1,1259.0,RI,2020,1595.8710846772126,7.375175000735586,7.138866999945524,44,38,466,129776.0,0.0334376517992944,9.701331525089383,2.3703681753227857,235.67549999999997,1512.1615292162642,7.321295382525639
44009,2021,144.0,3,1403.0,RI,2021,1794.3454904834691,7.492395605171847,7.247080584585756,44,38,466,130851.0,0.0082835038836148,10.722119051440188,2.461477574242229,249.14216666666667,1608.3243857166792,7.382948161804535
44009,2023,40.0,1,1443.0,RI,2023,2198.3604621513964,7.69546711703706,7.275172319452771,44,38,466,129982.0,-0.0021035499324407,11.101537135911126,2.493332480560016,278.4124166666667,1763.2955876953783,7.474939830111296
45003,2015,94.0,2,443.0,SC,2015,709.3611802169676,6.56436481884753,6.095824562432225,45,39,467,165688.0,0.0089699479341107,2.6736999662015353,1.3011993193868037,223.31341666666663,709.3611802169676,6.56436481884753
45003,2016,24.0,1,467.0,SC,2016,732.5941077066063,6.596591807323843,6.148468295917647,45,39,467,167172.0,0.0089565931147699,2.7935300169884907,1.3332969885071386,223.80733333333333,730.9773580035964,6.594382485266786
45003,2017,48.0,1,515.0,SC,2017,763.2361239781218,6.63756745127039,6.246106765481563,45,39,467,168325.0,0.0068970880290957,3.059557403831873,1.4010739538366874,227.24108333333336,750.0442440637513,6.620132196875393
45003,2018,48.0,1,563.0,SC,2018,792.1218138334925,6.674715185332915,6.335054251498059,45,39,467,169449.0,0.0066775582949651,3.322533623686183,1.463841717304148,231.78858333333335,763.1585047006748,6.637465748504859
45003,2020,46.0,1,609.0,SC,2020,912.6719891758694,6.816376548984904,6.413458957167357,45,39,467,169168.0,-0.0099723769839411,3.5999716258394026,1.5260501351802434,235.67549999999997,864.7988450170952,6.762496930774957
45003,2021,40.0,1,649.0,SC,2021,1014.2979359671232,6.921951963446549,6.476972362889683,45,39,467,171247.0,0.0122895583088999,3.789847413385344,1.5664985556722917,249.14216666666667,909.1449296971653,6.812504520079237
45003,2022,48.0,1,697.0,SC,2022,1143.8479124710298,7.042153219457749,6.548219102762372,45,39,467,174228.0,0.0174076042208037,4.0005050852905395,1.6095389243903289,271.6895,940.1783487434732,6.846069589972899
45007,2016,48.0,1,1195.0,SC,2016,765.1888695947731,6.640122691713801,7.086737934510577,45,39,468,195582.0,0.0097160557563242,6.109969220071377,1.9614979147018938,223.80733333333333,763.5001870560386,6.637913369656743
45007,2017,40.0,1,1235.0,SC,2017,781.6500011118372,6.6614070714457565,7.119635638017636,45,39,468,198186.0,0.0133141086603061,6.231519885360217,1.9784492333529697,227.24108333333336,768.1398531696907,6.64397181705076
45007,2018,34.0,1,1269.0,SC,2018,824.2444755981287,6.714467179591653,7.146772179452637,45,39,468,200292.0,0.0106263812781932,6.335749805284285,1.9927596293131788,231.78858333333335,794.1066266829062,6.677217742763597
45007,2020,32.0,1,1301.0,SC,2020,909.6520275606678,6.813062139086261,7.171656822768514,45,39,468,204195.0,0.0080816358771313,6.371360709126081,1.9976023172635202,235.67549999999997,861.937291964305,6.759182520876314
45007,2021,80.0,1,1381.0,SC,2021,1009.26265972075,6.916975303345981,7.231287004327616,45,39,468,206885.0,0.0131736820196382,6.675206032336805,2.037995137717095,249.14216666666667,904.6316642091015,6.807527859978669
45013,2015,96.0,2,941.0,SC,2015,1093.5577716949813,6.997191670632543,6.848005274576363,45,39,469,179796.0,0.027170932358318,5.233709315001446,1.8299715512880494,223.31341666666663,1093.5577716949813,6.997191670632543
45013,2016,56.0,1,997.0,SC,2016,1145.249662496852,7.043377938068578,6.905753276311464,45,39,469,183184.0,0.0188435782776035,5.4426150755524505,1.8629345253254814,223.80733333333333,1142.7222301407407,7.04116861601152
45013,2017,88.0,2,1085.0,SC,2017,1208.784283772227,7.097370409361954,6.990256500493881,45,39,469,186497.0,0.0180856406673071,5.8177879536936254,1.9195350722777729,227.24108333333336,1187.891487148834,7.079935154966957
45013,2018,48.0,1,1133.0,SC,2018,1269.0651998415676,7.146035845308301,7.033506484287697,45,39,469,188876.0,0.0127562373657486,5.998644613397149,1.9457165036497017,231.78858333333335,1222.6628321112444,7.1087864084802455
45013,2020,45.0,1,1178.0,SC,2020,1368.7996573631124,7.2216894722587766,7.072421900537371,45,39,469,187815.0,-0.0224180468660538,6.2721294891249375,1.9840491632519757,235.67549999999997,1297.000868643195,7.167809854048829
45013,2021,60.0,1,1238.0,SC,2021,1559.073700874602,7.351847142394898,7.122059881629142,45,39,469,191997.0,0.0222665921252296,6.448017416938807,2.0079478784439444,249.14216666666667,1397.4433940091178,7.242399699027586
45013,2022,112.0,1,1350.0,SC,2022,1873.8659152087623,7.5357589101898546,7.208600337960199,45,39,469,196147.0,0.0216149210664748,6.882593157172936,2.0646569305940674,271.6895,1540.2118959344357,7.339675280705005
45013,2023,24.0,1,1374.0,SC,2023,1969.0657212229107,7.5853144560520835,7.226209010100671,45,39,469,198979.0,0.0144381509786026,6.905251307926967,2.067527261165216,278.4124166666667,1579.379250078354,7.36478716912632
45015,2015,28.0,1,777.0,SC,2015,1092.123205442688,6.9958789754375,6.656726524178391,45,39,470,203066.0,0.0240601124587105,3.8263421744654447,1.5740888669822724,223.31341666666663,1092.123205442688,6.9958789754375
45015,2016,40.0,1,817.0,SC,2016,1140.3957680734318,7.039130646117418,6.706862336602747,45,39,470,208525.0,0.026882885367319,3.917995444191344,1.592901017439636,223.80733333333333,1137.8790476958704,7.036921324060361
45015,2017,317.0,2,1134.0,SC,2017,1193.2180816051714,7.08440920640205,7.034387929915503,45,39,470,214541.0,0.0288502577628582,5.2857029658666645,1.8382776839764774,227.24108333333336,1172.59433339715,7.066973952007053
45015,2019,60.0,1,1194.0,SC,2019,1292.955644502001,7.164686073853985,7.085901464365611,45,39,470,227907.0,0.0304048249857582,5.238979057247035,1.830816556374664,234.2145,1232.7774009388565,7.117024952347662
45019,2015,109.0,2,2057.0,SC,2015,1109.378178028397,7.011554937361331,7.629489916393995,45,39,471,389310.0,0.0250583870687453,5.283707071485449,1.837960104330009,223.31341666666663,1109.378178028397,7.011554937361331
45019,2016,276.0,2,2333.0,SC,2016,1171.2450546719767,7.065822611278597,7.755338812846501,45,39,471,396880.0,0.0194446584983689,5.87835113888329,1.9283789631761608,223.80733333333333,1168.6602535189606,7.063613289221539
45019,2017,480.0,2,2813.0,SC,2017,1229.3944660081158,7.114277023086591,7.942362237674335,45,39,471,402008.0,0.0129207821003829,6.997373186603252,2.0791131360860278,227.24108333333336,1208.145440112382,7.096841768691594
45019,2018,138.0,2,2951.0,SC,2018,1271.0872314171572,7.147627900948585,7.990238185720363,45,39,471,406222.0,0.0104823784601302,7.264500691739985,2.1119693170754292,231.78858333333335,1224.6109296976706,7.110378464120529
45019,2022,121.0,2,3072.0,SC,2022,1744.4373070552583,7.4641873224948245,8.030409562130485,45,39,471,419350.0,0.0116666747082125,7.325622987957553,2.119337866454924,271.6895,1433.828893642591,7.268103693009974
45035,2015,12.0,1,1016.0,SC,2015,960.6706794188576,6.867631664932104,6.92461239604856,45,39,472,152809.0,0.027301207411192,6.648823040527717,2.0345517850907693,223.31341666666663,960.6706794188576,6.867631664932104
45035,2016,34.0,1,1050.0,SC,2016,1004.5953730288926,6.9123401255208385,6.957497370876951,45,39,472,156173.0,0.0220144101459993,6.723313248768993,2.044243449268132,223.80733333333333,1002.3783482754801,6.910130803463781
45035,2018,42.0,1,1092.0,SC,2018,1095.9766914814688,6.999401200385347,6.996681488176539,45,39,472,160718.0,0.0108813243766825,6.794509637999478,2.053419593282693,231.78858333333335,1055.9031684912118,6.962151763557291
45035,2021,120.0,1,1212.0,SC,2021,1292.468292636168,7.164309074272134,7.10085190894405,45,39,472,163452.0,0.0086952228729411,7.415020923573893,2.130018314101222,249.14216666666667,1158.4771627521197,7.054861630904821
45035,2022,95.0,1,1307.0,SC,2022,1453.3932137258782,7.281656248931149,7.176254532017144,45,39,472,166050.0,0.0158945745539975,7.871123155676001,2.1828014123950754,271.6895,1194.607094927381,7.085572619446299
45041,2020,49.0,1,885.0,SC,2020,892.9539695279661,6.7945350336666275,6.786716950605081,45,39,473,136817.0,-0.0106729914023124,6.468494412244092,2.010693427591468,235.67549999999997,846.115111080077,6.74065541545668
45041,2021,85.0,2,970.0,SC,2021,948.6969779341994,6.855089440912783,6.878326468291325,45,39,473,136401.0,-0.0030405578254164,7.111384813894326,2.0932686074216025,249.14216666666667,850.344870795298,6.745641997545471
45045,2015,36.0,1,3707.0,SC,2015,960.9206756136904,6.867891861977213,8.218247926685745,45,39,474,490900.0,0.0195540878739732,7.551436137706253,2.1460992381657706,223.31341666666663,960.9206756136904,6.867891861977213
45045,2016,55.0,1,3762.0,SC,2016,1004.499376474964,6.912244563523053,8.232971790593437,45,39,474,499122.0,0.0167488286820125,7.537235385336651,2.144437230019694,223.80733333333333,1002.2825635747434,6.910035241465995
45045,2017,423.0,4,4185.0,SC,2017,1040.485480224251,6.947442691122436,8.339500903005945,45,39,474,506831.0,0.0154451216335886,8.25719026657801,2.2254005756794015,227.24108333333336,1022.5015836599448,6.93000743672744
45045,2018,44.0,1,4229.0,SC,2018,1089.4469708285435,6.993425480257055,8.349957272040324,45,39,474,514621.0,0.0153700148570232,8.217698072950773,2.221125339688422,231.78858333333335,1049.6122019219627,6.956176043428999
45045,2019,102.0,2,4331.0,SC,2019,1135.8583679938522,7.035143915446641,8.37378460812088,45,39,474,523542.0,0.0173350873749809,8.272497717470614,2.2270527842204153,234.2145,1082.9919283653705,6.987482793940318
45045,2020,511.0,6,4842.0,SC,2020,1172.3566567764365,7.0667712384983075,8.48528964240323,45,39,474,527249.0,0.0070806162638337,9.183516706527655,2.3207704039750254,235.67549999999997,1110.862056415099,7.01289162028836
45045,2021,57.0,1,4899.0,SC,2021,1288.1129852300994,7.160933624268938,8.496990484098719,45,39,474,534648.0,0.014033217701693,9.163038111056245,2.3187574241295335,249.14216666666667,1154.5733732391063,7.051486180901626
45045,2022,190.0,2,5089.0,SC,2022,1428.8815693857753,7.264647297928428,8.53503310954457,45,39,474,547845.0,0.0246835300983077,9.289123748505508,2.331087390584006,271.6895,1174.4599083570256,7.068563668443577
45045,2023,252.0,2,5341.0,SC,2023,1490.098929138634,7.306597792130485,8.583355393669907,45,39,474,558036.0,0.0186019768365139,9.571067099613645,2.3581207502844626,278.4124166666667,1195.2020208771442,7.08607050520472
45051,2015,24.0,1,1100.0,SC,2015,936.8029266896444,6.8424729364136025,7.00397413672268,45,39,475,308987.0,0.0377048629768941,3.560020324479671,1.5173270806390966,223.31341666666663,936.8029266896444,6.8424729364136025
45051,2016,48.0,1,1148.0,SC,2016,975.4700146640394,6.882919421163298,7.046647277848756,45,39,475,321033.0,0.0389854589351654,3.5759563658564697,1.5208157185985705,223.80733333333333,973.3172661776499,6.88071009910624
45051,2018,178.0,4,1326.0,SC,2018,1077.168101588016,6.982090748159607,7.190676034332207,45,39,475,344105.0,0.03442004479115,3.8534749567719158,1.5796949343282374,231.78858333333335,1037.7822998470958,6.94484131133155
45051,2019,49.0,1,1375.0,SC,2019,1120.137841261875,7.02120702927158,7.226936018493289,45,39,475,354081.0,0.0289911509568301,3.8832922410408917,1.585819631955649,234.2145,1068.0030846502398,6.973545907765257
45051,2023,142.0,2,1517.0,SC,2023,1599.291693240102,7.377316118486026,7.325148957955575,45,39,475,397478.0,0.0374033986955397,3.816563432441544,1.5720606929495495,278.4124166666667,1282.7850730941382,7.156788831560262
45057,2021,40.0,1,672.0,SC,2021,1437.5481763113703,7.270694286065662,6.511745329644728,45,39,476,100529.0,0.040802170041827,6.684638263585632,2.0392233054319147,249.14216666666667,1288.5165091485026,7.1612468426983495
45057,2022,50.0,1,722.0,SC,2022,1634.4340013362887,7.3990518468456905,6.583409222158765,45,39,476,104724.0,0.0417292522555681,6.894312669493144,2.0661425849555175,271.6895,1343.4123922881736,7.20296821736084
45063,2015,40.0,1,373.0,SC,2015,941.5610571268496,6.847539196899257,5.924255797414532,45,39,477,281675.0,0.0153267753574866,1.3242211768882577,0.8433850052392935,223.31341666666663,941.5610571268496,6.847539196899257
45063,2017,112.0,2,485.0,SC,2017,994.5561679371904,6.902296575268494,6.186208623900494,45,39,477,290338.0,0.0141855615365538,1.6704668352058634,0.9822533017750052,227.24108333333336,977.3661200302073,6.8848613208734974
45063,2018,226.0,2,711.0,SC,2018,1034.0869421189093,6.941274134820719,6.568077911411976,45,39,477,294350.0,0.0138183772017441,2.4154917615084086,1.2283214830973859,231.78858333333335,996.2763689826216,6.904024697992663
45063,2019,50.0,1,761.0,SC,2019,1076.600080644551,6.981563281033552,6.635946555686647,45,39,477,298750.0,0.0149481909291659,2.5472803347280335,1.2661812069870262,234.2145,1026.491709063032,6.933902159527229
45063,2021,43.0,1,804.0,SC,2021,1241.7611961997943,7.12428597041534,6.690842277418564,45,39,477,300650.0,0.0189901947825261,2.674205887244304,1.3013370242114595,249.14216666666667,1113.0269079600323,7.014838527048028
45063,2022,48.0,1,852.0,SC,2022,1367.5098493126045,7.220746736692579,6.748759547491679,45,39,477,305105.0,0.0148178945617827,2.7924812769374476,1.333020495362826,271.6895,1124.0158223829633,7.024663107207728
45073,2022,68.0,1,495.0,SC,2022,1102.3460935271742,7.005195999868556,6.206575926724928,45,39,478,80160.0,0.0106154971128873,6.175149700598802,1.9706236256229857,271.6895,906.0661987110509,6.809112370383706
45077,2017,40.0,1,531.0,SC,2017,921.8795988982396,6.82641462815112,6.2766434893416445,45,39,479,123518.0,0.0040481222565436,4.298968571382309,1.6675121924461045,227.24108333333336,905.9457029751973,6.808979373756124
45077,2022,115.0,2,646.0,SC,2022,1264.112911953316,7.1421258997941885,6.472346294500901,45,39,479,133470.0,0.0103938772265834,4.840038960065932,1.7647374680620496,271.6895,1039.0293825147608,6.946042270309339
45077,2023,60.0,1,706.0,SC,2023,1358.6609283108585,7.21425488214561,6.561030665896573,45,39,479,135495.0,0.0151719487525285,5.210524373593122,1.8262453325726442,278.4124166666667,1089.7761587833977,6.9937275952198465
45079,2016,56.0,1,2093.0,SC,2016,880.0538755906291,6.779983127860325,7.646831391430482,45,39,480,409014.0,0.0074037949991132,5.117184252861761,1.8111019012489573,223.80733333333333,878.1116993882459,6.777773805803267
45079,2017,724.0,6,2817.0,SC,2017,910.0950849933593,6.8135490830559915,7.943782692458625,45,39,480,411800.0,0.0068115027847457,6.840699368625546,2.0593280355656005,227.24108333333336,894.3648742568515,6.796113828660995
45079,2018,341.0,2,3158.0,SC,2018,948.526619012226,6.854909853306235,8.058010800802085,45,39,480,414202.0,0.0058329286061193,7.624299254952898,2.154583713814242,231.78858333333335,913.8444915826027,6.817660416478178
45079,2019,112.0,2,3270.0,SC,2019,990.3476626859898,6.898056055911621,8.092851027538384,45,39,480,415759.0,0.0037590354464729,7.865133406612966,2.1821259881002466,234.2145,944.2537513358731,6.850394934405298
45079,2020,474.0,4,3744.0,SC,2020,1032.7650909043507,6.939995038520006,8.22817689595132,45,39,480,415671.0,-0.0002116610825021,9.00712342212952,2.3032971816117076,235.67549999999997,978.5926032358525,6.886115420310059
45079,2021,96.0,2,3840.0,SC,2021,1137.9356919997283,7.036971103423225,8.253488028345904,45,39,480,417294.0,0.0039045302655225,9.202145250111432,2.322598016814737,249.14216666666667,1019.9650694512715,6.927523660055913
45079,2022,180.0,2,4020.0,SC,2022,1270.819889405258,7.147417553362952,8.299285906897275,45,39,480,421526.0,0.0101415309110604,9.536778277022057,2.354871830071053,271.6895,1044.5421389897053,6.951333923878101
45083,2015,80.0,2,1437.0,SC,2015,839.0801804519633,6.7323062685898725,7.271008538280992,45,39,481,296558.0,0.0122089828350644,4.845595128103103,1.7656884080647821,223.31341666666663,839.0801804519633,6.7323062685898725
45083,2016,72.0,1,1509.0,SC,2016,854.648373628801,6.7506901254329374,7.31986492980897,45,39,481,300867.0,0.0145300413409856,5.015505190000898,1.7943403342623936,223.80733333333333,852.7622644044612,6.748480803375879
45083,2017,480.0,3,1989.0,SC,2017,897.566963637622,6.7996877288745505,7.595889917718538,45,39,481,306740.0,0.0195202531351061,6.484318967203494,2.0128100273865246,227.24108333333336,882.0532907028316,6.782252474479554
45083,2019,78.0,2,2067.0,SC,2019,989.736003907227,6.897438244847838,7.63433723562832,45,39,481,319785.0,0.017979416623957,6.463717810403866,2.0100536560784557,234.2145,943.6705610905224,6.849777123341515
45083,2021,248.0,4,2315.0,SC,2021,1121.885433059373,7.022765971296353,7.7475968386928855,45,39,481,335397.0,0.0182707458581148,6.902268058450135,2.0671498142751497,249.14216666666667,1005.5787525531333,6.913318527929041
45083,2023,276.0,2,2591.0,SC,2023,1298.7018054761545,7.169120433333108,7.860185057472165,45,39,481,356698.0,0.0310740342479216,7.263847848880566,2.1118903203313617,278.4124166666667,1041.6832010738817,6.948593146407344
45085,2015,32.0,1,557.0,SC,2015,802.9303589239018,6.688267984063669,6.324358962381311,45,39,482,107151.0,-0.0047555799113901,5.198271598025217,1.8242704786741466,223.31341666666663,802.9303589239018,6.688267984063669
45085,2017,132.0,3,689.0,SC,2017,851.6348328481873,6.747157835010665,6.536691597591305,45,39,482,106431.0,-0.0060144758346952,6.473677781849274,2.0113872182593533,227.24108333333336,836.9150572861093,6.729722580615668
45085,2019,49.0,1,738.0,SC,2019,916.740457476351,6.820824397817741,6.6052979209482015,45,39,482,106721.0,0.002932082812544,6.915227555963681,2.068788442883529,234.2145,874.0724581766157,6.7731632763114185
45085,2022,95.0,1,833.0,SC,2022,1166.8617876290666,7.062073191364452,6.726233402358747,45,39,482,103936.0,-0.008755030804738,8.014547413793105,2.1988396517115176,271.6895,959.0944536804742,6.865989561879601
45091,2015,44.0,1,925.0,SC,2015,905.1760977466596,6.808129507916561,6.8308742346461795,45,39,483,250566.0,0.0248894597126156,3.6916421222352596,1.545782653848811,223.31341666666663,905.1760977466596,6.808129507916561
45091,2016,28.0,1,953.0,SC,2016,959.6544248393626,6.866573245529979,6.860663671448287,45,39,483,257866.0,0.0291340405322351,3.695717931018436,1.5466510149250174,223.80733333333333,957.5365795140592,6.864363923472922
45091,2018,82.0,2,1035.0,SC,2018,1047.123778777683,6.953802426211083,6.943122422819428,45,39,483,273782.0,0.0286175868352338,3.7803800103732166,1.5645200434214797,231.78858333333335,1008.8365239951282,6.916552989383027
45091,2021,50.0,1,1085.0,SC,2021,1299.9347834986786,7.170069375651767,6.990256500493881,45,39,483,289201.0,0.0182129930851888,3.751715934592204,1.5585058021995324,249.14216666666667,1165.16959706513,7.060621932284455
46011,2023,32.0,1,130.0,SD,2023,1208.5296900062494,7.097159767492771,4.875197323201151,46,40,484,35980.0,0.0137781409371389,3.613118399110617,1.528904070647915,278.4124166666667,969.3565303214255,6.876632480567007
46083,2022,92.0,2,446.0,SD,2022,1155.205161582097,7.0520332362571265,6.102558594613569,46,40,485,71024.0,0.0445934815860689,6.279567470150934,1.9850714470027404,271.6895,949.51336574975,6.855949606772276
46099,2017,231.0,5,2485.0,SD,2017,896.2961954574931,6.79827093363434,7.818430272070656,46,40,486,189538.0,0.0175553503554017,13.110827380261478,2.6469424020096213,227.24108333333336,880.8044866576599,6.780835679239343
46099,2018,78.0,2,2563.0,SD,2018,917.3505027610386,6.821489626882614,7.849323818040561,46,40,486,190992.0,0.0076712849138431,13.419410237077992,2.6685752320660483,231.78858333333335,883.8083054239523,6.7842401900545575
46099,2020,200.0,3,2763.0,SD,2020,960.4932469902756,6.867446951460601,7.92443418488756,46,40,486,197695.0,0.0236157279401865,13.976074255798073,2.706453878042794,235.67549999999997,910.111694557385,6.813567333250654
46099,2021,177.0,4,2940.0,SD,2021,1038.1198882153094,6.945166556300346,7.9865049385539955,46,40,486,199904.0,0.0111737777890184,14.707059388506483,2.7541102538753606,249.14216666666667,930.4972427936877,6.835719112933034
46099,2022,29.0,1,2969.0,SD,2022,1173.7615893269665,7.067968904234721,7.996317231796746,46,40,486,203845.0,0.0197144629422123,14.564988103706249,2.745024039595576,271.6895,964.7657007896944,6.871885274749871
46099,2023,35.0,1,3004.0,SD,2023,1231.558369929631,7.116035613862974,8.008032846969307,46,40,486,206930.0,0.015134047928573,14.51698642052868,2.7419353219658658,278.4124166666667,987.8277366583558,6.89550832693721
46103,2017,30.0,1,1063.0,SD,2017,866.2597109522964,6.7641847607758185,6.96979066990159,46,40,487,110503.0,0.0127576504660391,9.619648335339312,2.3627059018323213,227.24108333333336,851.287156951606,6.746749506380822
46103,2021,34.0,1,1097.0,SD,2021,1026.6669602832171,6.934072873289616,7.001245622069476,46,40,487,111886.0,0.0211744519285179,9.804622562250863,2.3799740575811006,249.14216666666667,920.2316482475245,6.824625429922304
46103,2022,41.0,1,1138.0,SD,2022,1208.6137503855837,7.097229320981375,7.037905963447182,46,40,487,114306.0,0.021629158250362,9.955732857417809,2.3938628678813774,271.6895,993.4122077920509,6.9011456914965255
46103,2023,71.0,2,1209.0,SD,2023,1225.2003418713784,7.110859653991701,7.098375638590786,46,40,487,115903.0,0.0139712700995573,10.43113638128435,2.4363408937995494,278.4124166666667,982.7279893627787,6.8903323670659375
47009,2018,188.0,2,450.0,TN,2018,953.5541836006782,6.860196249436087,6.111467339502679,47,41,488,131331.0,0.0102462326633281,3.426456815222606,1.4875994480567563,231.78858333333335,918.6882272386641,6.8229468126080315
47009,2020,100.0,1,550.0,TN,2020,1078.3179192527189,6.983157623808669,6.311734809152915,47,41,488,135657.0,0.0193030175522961,4.054342938440332,1.6202478615195914,235.67549999999997,1021.7560111306243,6.929278005598722
47011,2020,78.0,1,785.0,TN,2020,1002.3605691358324,6.910113066351489,6.666956792429207,47,41,489,108828.0,0.0066413837757839,7.2132171867534085,2.105744708674016,235.67549999999997,949.7829151764494,6.856233448141541
47011,2021,50.0,1,835.0,TN,2021,1082.0715573487005,6.986632591553013,6.728628613084702,47,41,489,109755.0,0.008518028448561,7.607853856316341,2.152675025616889,249.14216666666667,969.8924103548343,6.877185148185701
47011,2022,52.0,1,887.0,TN,2022,1238.9506697077754,7.12202006623424,6.78897174299217,47,41,489,110539.0,0.0071431825429364,8.02431720931074,2.19992284587889,271.6895,1018.3474412294111,6.9259364367493905
47031,2023,88.0,1,602.0,TN,2023,1304.619363466102,7.1736666017063175,6.401917196727186,47,41,490,60633.0,0.0142859532611787,9.928586743192652,2.3913819931140847,278.4124166666667,1046.4296491988605,6.953139314780554
47037,2015,322.0,1,8131.0,TN,2015,1174.864122587105,7.068907779539998,9.003562174748238,47,41,491,679793.0,0.0152058433926562,11.960994008470225,2.5619443861674043,223.31341666666663,1174.864122587105,7.068907779539998
47037,2016,321.0,2,8452.0,TN,2016,1245.923108543551,7.127631986804014,9.042276686928927,47,41,491,685829.0,0.0088791735131135,12.323771669031201,2.5895497833661634,223.80733333333333,1243.1735016404639,7.1254226647469565
47037,2017,625.0,3,9077.0,TN,2017,1302.127975690658,7.171755109559299,9.113609183016411,47,41,491,687159.0,0.0019392589114779,13.209460983556935,2.6539080091979352,227.24108333333336,1279.621813640936,7.154319855164302
47037,2018,240.0,1,9317.0,TN,2018,1336.4450543437029,7.197768423131701,9.139703292376742,47,41,491,690516.0,0.004885332215688,13.492808276709011,2.6736525454706888,231.78858333333335,1287.5789953967155,7.160518986303645
47037,2019,760.0,5,10077.0,TN,2019,1385.0910964540035,7.233521190071449,9.218110109240543,47,41,491,694144.0,0.0052540419048943,14.517160704407155,2.7419465537150596,234.2145,1320.6245776573312,7.185860068565126
47037,2020,771.0,5,10848.0,TN,2020,1422.5306058164472,7.260192681281471,9.29182818882245,47,41,491,716059.0,0.0315712589894892,15.149589628787572,2.781894639363633,235.67549999999997,1347.9134228962027,7.206313063071525
47037,2021,1088.0,7,11936.0,TN,2021,1540.8979707179958,7.340120623340997,9.387398099095039,47,41,491,700860.0,-0.0212259045693161,17.030505379105673,2.8920650667228767,249.14216666666667,1381.151955044819,7.230673179973685
47037,2022,534.0,2,12470.0,TN,2022,1746.0218749957585,7.46509526495552,9.431161227920747,47,41,491,707351.0,0.0092614787546727,17.629154408490265,2.9247277948818566,271.6895,1435.1313189506488,7.26901163547067
47065,2017,324.0,2,2402.0,TN,2017,928.6531550502796,6.833735316086557,7.784473235736469,47,41,492,361032.0,0.0090950254068165,6.653149859292251,2.035117309406905,227.24108333333336,912.602184035344,6.81630006169156
47065,2019,199.0,1,2601.0,TN,2019,1033.6435463504097,6.940845262897837,7.86403565907245,47,41,492,367804.0,0.0096378464587572,7.071701232178008,2.088364269504324,234.2145,985.5345076882942,6.893184141391514
47065,2020,111.0,4,2712.0,TN,2020,1088.3043951021912,6.992376163196288,7.905810312658931,47,41,492,367251.0,-0.00150351817816,7.384595276799791,2.12639612658489,235.67549999999997,1031.2186580430305,6.938496544986341
47065,2021,200.0,1,2912.0,TN,2021,1219.2473860848124,7.105989050716477,7.976938756959434,47,41,492,369005.0,0.0047760251163373,7.891491985203452,2.1850948628013467,249.14216666666667,1092.8471209483548,6.996541607349165
47065,2022,142.0,1,3054.0,TN,2022,1380.4189222679734,7.230142298945004,8.024534871605695,47,41,492,374602.0,0.0151678161542525,8.152652682046545,2.2140437478776502,271.6895,1134.6263509004905,7.034058669460154
47093,2015,445.0,2,3441.0,TN,2015,870.1352369316925,6.768648644317418,8.143807976771484,47,41,493,451297.0,0.0075775335284649,7.6246906139415955,2.154629091426698,223.31341666666663,870.1352369316925,6.768648644317418
47093,2016,198.0,1,3639.0,TN,2016,898.2830608287767,6.800485231137381,8.199738960630786,47,41,493,456089.0,0.0106182846329578,7.978705910469229,2.194855763963993,223.80733333333333,896.3006549418931,6.798275909080323
47093,2017,350.0,3,3989.0,TN,2017,942.270178822001,6.848292047489175,8.29154650988391,47,41,493,461565.0,0.0120064285698624,8.642336398990391,2.2661634442972893,227.24108333333336,925.9838492636943,6.830856793094179
47093,2018,466.0,4,4455.0,TN,2018,986.5703955561448,6.894234681818057,8.40200678160712,47,41,493,466258.0,0.0101675820306998,9.55479584264506,2.3565803388721083,231.78858333333335,950.497227454016,6.8569852449900015
47093,2019,80.0,1,4535.0,TN,2019,1042.373875061336,6.9492559631993105,8.419800845407588,47,41,493,470313.0,0.0086969017153593,9.64251466576514,2.3648567967568193,234.2145,993.8584992988053,6.9015948416929875
47093,2020,363.0,3,4898.0,TN,2020,1101.0318123157097,7.004003030324974,8.496786381638575,47,41,493,480516.0,0.0216940633152815,10.193208967027113,2.415307252171536,235.67549999999997,1043.278473438746,6.950123412115026
47093,2021,801.0,7,5699.0,TN,2021,1271.189670709072,7.147708489567303,8.648221453822641,47,41,493,485941.0,0.0112899466406946,11.72776118911555,2.5437855282192663,249.14216666666667,1139.4045110686511,7.038261046199991
47093,2022,244.0,4,5943.0,TN,2022,1497.9798253427546,7.311872696258006,8.690137586397595,47,41,493,495380.0,0.019424168777691,11.996850902337599,2.564707089835382,271.6895,1231.2547702249333,7.115789066773155
47105,2023,50.0,1,403.0,TN,2023,1732.7465831380623,7.457463048866017,6.0014148779611505,47,41,494,60591.0,0.0402959961541102,6.651152811473651,2.0348563307954786,278.4124166666667,1389.828673343004,7.236935761940253
47113,2022,150.0,1,1315.0,TN,2022,1099.5817919243548,7.002685197336563,7.182352111885263,47,41,495,99172.0,0.0062400438325029,13.259791070060098,2.6574437634103796,271.6895,903.7940989956672,6.806601567851712
47119,2018,142.0,1,626.0,TN,2018,1124.5244892827227,7.025115549092624,6.440946540632921,47,41,496,94273.0,0.022073571343387,6.640289372354757,2.0334354784238173,231.78858333333335,1083.4071385902878,6.987866112264568
47119,2019,105.0,1,731.0,TN,2019,1164.9530512769727,7.060436065854691,6.595780513961311,47,41,496,96387.0,0.02242423599546,7.5840102918443355,2.1499012042843813,234.2145,1110.732453101406,7.012774944348368
47119,2020,208.0,3,939.0,TN,2020,1222.097917326888,7.108324265266812,6.84587987526405,47,41,496,101826.0,0.0564287715148308,9.221613340404218,2.32450443341311,235.67549999999997,1157.994197188443,7.054444647056864
47125,2020,192.0,2,1152.0,TN,2020,1010.2822425561724,6.917985018872383,7.050122520269059,47,41,497,221281.0,0.0587962276248485,5.206050225731084,1.825524659085783,235.67549999999997,957.289066461643,6.864105400662435
47125,2023,37.0,1,1189.0,TN,2023,1304.29410821267,7.173417260163451,7.081708586105575,47,41,497,239872.0,0.0211708010676929,4.95681029882604,1.7845351530540459,278.4124166666667,1046.1687633418205,6.952889973237687
47141,2023,48.0,1,591.0,TN,2023,1487.2880399616076,7.304709633123073,6.3835066348840055,47,41,498,83844.0,0.0166606038559475,7.048804923429226,2.0855236236928167,278.4124166666667,1192.94741860937,7.084182346197309
47149,2016,604.0,4,1706.0,TN,2016,1075.7610526852184,6.980783646065387,7.442492722794441,47,41,499,307415.0,0.0309124504941364,5.549501488216255,1.8793889380814748,223.80733333333333,1073.3869735817389,6.9785743240083296
47149,2017,226.0,2,1932.0,TN,2017,1125.5213711472088,7.02600164830264,7.566828479208331,47,41,499,316531.0,0.0296537254200348,6.103667571264742,1.960611210009487,227.24108333333336,1106.0677023509227,7.0085663939076435
47149,2019,272.0,2,2204.0,TN,2019,1219.2392801672734,7.105982402398362,7.6984827878809465,47,41,499,332285.0,0.02352709250355,6.632860345787502,2.0324626565383195,234.2145,1162.4920292653144,7.058321280892039
47149,2020,230.0,1,2434.0,TN,2020,1274.3663014309377,7.150204315552359,7.79770203551669,47,41,499,343298.0,0.0331432354755707,7.0900500439851095,2.0906349169579563,235.67549999999997,1207.5209041983826,7.0963246973424114
47149,2022,76.0,1,2510.0,TN,2022,1581.655887790802,7.366227607468062,7.828436359157585,47,41,499,360682.0,0.0270164068862224,6.95903870999939,2.074308227488149,271.6895,1300.0317652817419,7.170143977983211
47157,2015,117.0,2,10750.0,TN,2015,845.4415619161355,6.73985904935167,9.282754052485227,47,41,500,937067.0,-0.0004618666666666,11.471965184986773,2.5234833402976644,223.31341666666663,845.4415619161355,6.73985904935167
47157,2016,439.0,2,11189.0,TN,2016,859.0359734389767,6.75581079938326,9.322775801305971,47,41,500,936021.0,-0.0011162488914879,11.953791635016735,2.5613885356396,223.80733333333333,857.1401812938827,6.753601477326202
47157,2017,212.0,1,11401.0,TN,2017,877.6167210017848,6.777209961880908,9.341544057591527,47,41,500,935251.0,-0.0008226311161821,12.190310408649657,2.5794825000876154,227.24108333333336,862.4478708509879,6.759774707485912
47157,2018,714.0,5,12115.0,TN,2018,906.4361454596536,6.80952058696332,9.402282172147128,47,41,500,936365.0,0.0011911240939597,12.938330672333972,2.634642647253055,231.78858333333335,873.2930229857834,6.772271150135263
47157,2019,351.0,2,12466.0,TN,2019,943.228901614316,6.849308990838431,9.430840432344976,47,41,500,937166.0,0.0008554356474237,13.301805656628602,2.6603857989888224,234.2145,899.3280463773167,6.801647869332108
47157,2020,146.0,1,12612.0,TN,2020,1017.8182874199998,6.925416681590094,9.442483307087192,47,41,500,929763.0,-0.0078993476075742,13.564747145240238,2.678604029824057,235.67549999999997,964.4298168862505,6.8715370633801465
47157,2021,252.0,2,12864.0,TN,2021,1147.1525775340428,7.045038131416007,9.462265724715845,47,41,500,923382.0,-0.0068630392906579,13.931395673729831,2.7034660883427466,249.14216666666667,1028.2264337447239,6.935590688048695
47157,2022,218.0,2,13082.0,TN,2022,1253.3956939053987,7.133611702253637,9.479068956510876,47,41,500,916357.0,-0.0076079022549714,14.276095451881744,2.7262892178303773,271.6895,1030.2204348762173,6.937528072768787
47165,2015,38.0,1,802.0,TN,2015,1007.2552358710208,6.914984322242131,6.688354713946762,47,41,501,175326.0,0.017745502673145,4.574335808722037,1.7181731727997909,223.31341666666663,1007.2552358710208,6.914984322242131
47165,2016,233.0,3,1035.0,TN,2016,1060.9950711257516,6.966962493104372,6.943122422819428,47,41,501,179332.0,0.0228488644011726,5.771418374857806,1.9127105738218968,223.80733333333333,1058.6535788204044,6.964753171047315
47165,2017,163.0,2,1198.0,TN,2017,1102.0295304916283,7.004908786533158,7.089243155027514,47,41,501,183756.0,0.0246693283964936,6.519515009033718,2.017501642402396,227.24108333333336,1082.981897954843,6.987473532138162
47165,2018,320.0,3,1518.0,TN,2018,1143.9569120948945,7.042248506977713,7.325807502595773,47,41,501,187490.0,0.0203204249112953,8.096431809696517,2.2078822278034793,231.78858333333335,1102.1290301946585,7.0049990701496565
47187,2016,65.0,1,313.0,TN,2016,1379.5925000116677,7.229543444698002,5.749392985908253,47,41,502,218903.0,0.0344887880721154,1.4298570599763365,0.8878324325673078,223.80733333333333,1376.5479003606397,7.2273341226409435
47187,2019,72.0,1,385.0,TN,2019,1501.312972673535,7.314095319341117,5.955837369464831,47,41,502,238412.0,0.0277353887006526,1.614851601429458,0.9612073469312515,234.2145,1431.4371203051774,7.266434197834794
47187,2020,64.0,1,449.0,TN,2020,1529.747180197781,7.3328577590317705,6.1092475827643655,47,41,502,249552.0,0.046725835947855,1.7992242097839328,1.029342310856437,235.67549999999997,1449.5060769836725,7.278978140821823
47189,2017,226.0,2,1025.0,TN,2017,1327.08970704772,7.19074363343974,6.933423025730715,47,41,503,136691.0,0.0316769061240509,7.498664871864278,2.139909077260554,227.24108333333336,1304.152102942031,7.173308379044744
47189,2018,76.0,1,1101.0,TN,2018,1367.1483172266744,7.220482329175427,7.004881989712859,47,41,503,140954.0,0.0311871300963486,7.811058927025838,2.1760076287552987,231.78858333333335,1317.159617697474,7.183232892347371
47189,2019,72.0,1,1173.0,TN,2019,1425.4529458575807,7.26224489893916,7.068172000388042,47,41,503,144657.0,0.0262709820225037,8.108836765590327,2.2092450154780883,234.2145,1359.107858979787,7.214583777432837
47189,2022,186.0,1,1359.0,TN,2022,1793.018107410816,7.491655572500495,7.215239978730097,47,41,503,158593.0,0.0431279433818305,8.569104563253106,2.258539634029001,271.6895,1473.7595663840873,7.295571943015644
48027,2015,48.0,1,819.0,TX,2015,851.9140109358459,6.747485595604295,6.709304340258298,48,42,504,336076.0,0.0179525002347424,2.43694878539378,1.234584096794727,223.31341666666663,851.9140109358459,6.747485595604295
48027,2016,0.0,1,819.0,TX,2016,859.7091729764462,6.75659416109724,6.709304340258298,48,42,504,341094.0,0.0149311465263808,2.4010976446375487,1.2240982161796774,223.80733333333333,857.8118951585344,6.754384839040182
48027,2017,88.0,1,907.0,TX,2017,873.3523275743804,6.772339056981494,6.811244378601294,48,42,504,347377.0,0.018420142248178,2.6109961223684928,1.2839836684560548,227.24108333333336,858.2571837960082,6.754903802586497
48027,2018,75.0,1,982.0,TX,2018,893.3844599218046,6.795017014454898,6.890609120147166,48,42,504,355397.0,0.0230873086013179,2.7631071731050065,1.3252449919670934,231.78858333333335,860.7185620317489,6.757767577626842
48027,2022,91.0,1,1073.0,TX,2022,1306.3486881037784,7.174991263560767,6.97914527506881,48,42,504,387454.0,0.01854631584205,2.7693610080164355,1.3269054931993611,271.6895,1073.744803897362,6.9789076340759175
48029,2015,149.0,2,10289.0,TX,2015,1009.492362891726,6.917202872485768,9.238927828828094,48,42,505,1894834.0,0.0198228958726116,5.430027115831783,1.8609787553217845,223.31341666666663,1009.492362891726,6.917202872485768
48029,2016,624.0,5,10913.0,TX,2016,1048.390605032365,6.955011510165647,9.297801647746176,48,42,505,1927651.0,0.0173191952434883,5.661294497811067,1.896313834705784,223.80733333333333,1046.0769293127628,6.952802188108589
48029,2017,486.0,3,11399.0,TX,2017,1086.086556832128,6.990336199741502,9.341368634382587,48,42,505,1956988.0,0.0152190412061103,5.824767448752879,1.9205582670477088,227.24108333333336,1067.3144848818854,6.972900945346505
48029,2018,82.0,1,11481.0,TX,2018,1114.444831252326,7.016111650705537,9.348535870727583,48,42,505,1981187.0,0.0123654309581868,5.795010768796685,1.9161886324137254,231.78858333333335,1073.6960353028471,6.978862213877481
48029,2019,500.0,2,11981.0,TX,2019,1148.765637425019,7.046443286134391,9.39116080264387,48,42,505,2003554.0,0.0112896965304132,5.979873764320802,1.94303083126988,234.2145,1095.298452668994,6.998782164628068
48029,2020,428.0,3,12409.0,TX,2020,1173.1421023025098,7.067440985649009,9.426257878198653,48,42,505,2015501.0,0.0059629039197346,6.156781862177196,1.9680604193450901,235.67549999999997,1111.60630231267,7.0135613674390616
48029,2021,2041.0,9,14450.0,TX,2021,1266.0824811170285,7.143682751543207,9.57851889529833,48,42,505,2030981.0,0.0076804724979049,7.114788370743005,2.09368812185176,249.14216666666667,1134.826787543875,7.034235308175895
48029,2022,2405.0,13,16855.0,TX,2022,1392.8042714841788,7.239074455281685,9.732461955484025,48,42,505,2060191.0,0.014382212339751,8.18128027935274,2.217166658889982,271.6895,1144.8064080984338,7.042990825796835
48029,2023,206.0,3,17061.0,TX,2023,1406.6614921544397,7.248974439791987,9.74460904746864,48,42,505,2087679.0,0.0133424522289438,8.172233374958505,2.216180808954394,278.4124166666667,1128.2772071280563,7.028447152866224
48039,2018,240.0,3,1402.0,TX,2018,1294.2199333067535,7.16566342453419,7.246368080102461,48,42,506,368887.0,0.0194388328962313,3.800621870654157,1.5687454659084241,231.78858333333335,1246.8978025945476,7.128413987706135
48041,2021,92.0,1,1187.0,TX,2021,1267.3310679630406,7.144668446869231,7.080026499922591,48,42,507,237612.0,0.013249184452357,4.995538945844486,1.7910156836622184,249.14216666666667,1135.9459324815566,7.035221003501919
48061,2015,308.0,3,3023.0,TX,2015,913.4017247346584,6.817175789006898,8.014335737299424,48,42,508,419450.0,0.0010620398324603,7.2070568601740375,2.1049943768767774,223.31341666666663,913.4017247346584,6.817175789006898
48061,2016,0.0,2,3023.0,TX,2016,929.3088974023124,6.834441188823187,8.014335737299424,48,42,508,421350.0,0.0045297413279294,7.174557968434793,2.1010266441819456,223.80733333333333,927.2580211147823,6.83223186676613
48061,2020,202.0,2,3225.0,TX,2020,1026.2443848025987,6.9336611891829465,8.078998258685154,48,42,508,421480.0,-0.003977190822449,7.651608617253488,2.1577452709665526,235.67549999999997,972.4139331633951,6.879781570972999
48061,2021,368.0,5,3593.0,TX,2021,1114.4539767534395,7.016119857001024,8.187021067343505,48,42,508,422636.0,0.0027427161431148,8.501405464749809,2.251439731321786,249.14216666666667,998.9177207386857,6.906672413633712
48061,2022,64.0,1,3657.0,TX,2022,1232.9769243001194,7.117186787904154,8.204671828950811,48,42,508,424911.0,0.0053828826697204,8.606508186420214,2.262440804864368,271.6895,1013.4373600621946,6.921103158419303
48085,2015,120.0,1,3161.0,TX,2015,1178.4929428501748,7.0719917341106315,8.058960017769417,48,42,509,915243.0,0.0345375996961641,3.4537275892850317,1.49374140604987,223.31341666666663,1178.4929428501748,7.0719917341106315
48085,2016,180.0,1,3341.0,TX,2016,1220.919541997416,7.107359576769511,8.114324709155339,48,42,509,943742.0,0.0311381786039335,3.540162459655287,1.5129627954780636,223.80733333333333,1218.2251150478153,7.105150254712454
48085,2018,108.0,1,3449.0,TX,2018,1288.0455339996056,7.16088125852358,8.146129510025405,48,42,509,1004307.0,0.0333822427829408,3.434208862429516,1.489349214827513,231.78858333333335,1240.9491653264186,7.123631821695525
48085,2020,160.0,2,3609.0,TX,2020,1352.2255069832745,7.209507037800124,8.191463051326927,48,42,509,1075736.0,0.0396296618441525,3.3549123576788356,1.471304485573569,235.67549999999997,1281.2960959804925,7.155627419590178
48085,2021,111.0,1,3720.0,TX,2021,1508.5824542647777,7.318925716876474,8.221747728346623,48,42,509,1114661.0,0.0361845285460373,3.3373375402925194,1.4672606898839295,249.14216666666667,1352.1866117347438,7.209478273509162
48085,2022,282.0,2,4002.0,TX,2022,1729.7879080143302,7.4557540834527485,8.294799358992574,48,42,509,1158995.0,0.0397735275568087,3.4529916004814516,1.4935761400771645,271.6895,1421.7879154231787,7.259670453967898
48085,2023,32.0,1,4034.0,TX,2023,1744.9104559934688,7.464458518702965,8.302761580704049,48,42,509,1195359.0,0.0313754589105215,3.374718390040147,1.4758421497470462,278.4124166666667,1399.585264086196,7.2439312317772
48091,2016,96.0,2,276.0,TX,2016,1176.6229444858166,7.070403702908091,5.6240175061873385,48,42,510,134343.0,0.0430762063744709,2.0544427324088343,1.1165971643343942,223.80733333333333,1174.0262749575734,7.068194380851033
48091,2017,39.0,1,315.0,TX,2017,1211.2800154627787,7.099432943465768,5.755742213586912,48,42,510,140721.0,0.0474754918380562,2.2384718698701684,1.1751015734429024,227.24108333333336,1190.344082263789,7.081997689070771
48091,2020,63.0,2,378.0,TX,2020,1303.8911728283183,7.173108282583916,5.937536205082426,48,42,510,163659.0,0.0476925145158089,2.3096804941983025,1.196851657297362,235.67549999999997,1235.497082920367,7.119228664373969
48091,2021,30.0,1,408.0,TX,2021,1480.5270141794651,7.300153394034728,6.013715156042802,48,42,510,174977.0,0.0691559889770803,2.3317350280322553,1.2034931977427599,249.14216666666667,1327.0396995706524,7.190705950667416
48099,2016,0.0,1,113.0,TX,2016,720.7812285655408,6.580335663454379,4.736198448394496,48,42,511,74803.0,-0.0176242694858493,1.5106346002165687,0.9205355499594261,223.80733333333333,719.1905485082489,6.578126341397322
48099,2021,48.0,1,161.0,TX,2021,952.5367686594768,6.859128708522975,5.087596335232384,48,42,511,84389.0,0.0151449536869963,1.907831589425162,1.0674076451418388,249.14216666666667,853.7865876175408,6.749681265155663
48113,2015,339.0,4,19377.0,TX,2015,1052.0968177123357,6.958540421108912,9.87189368094495,48,42,512,2557830.0,0.0152496020893779,7.575562097559259,2.1489165416394216,223.31341666666663,1052.0968177123357,6.958540421108912
48113,2016,876.0,6,20253.0,TX,2016,1117.0245258681853,7.018423755737897,9.91610758389223,48,42,512,2591488.0,0.0131588103978763,7.8152011508446115,2.176477634743719,223.80733333333333,1114.5593830947798,7.0162144336808385
48113,2017,474.0,2,20727.0,TX,2017,1181.6617777610088,7.074677012992811,9.939240722241946,48,42,512,2620154.0,0.0110615985873752,7.910603727872483,2.187241997646531,227.24108333333336,1161.2377703249147,7.057241758597814
48113,2018,98.0,1,20825.0,TX,2018,1226.7804976299858,7.11214853517046,9.943957485089841,48,42,512,2629350.0,0.0035097173677578,7.920208416528799,2.1883193114006625,231.78858333333335,1181.9242366730844,7.074899098342404
48113,2020,755.0,7,21580.0,TX,2020,1289.8365733964326,7.162270802040618,9.979568576941464,48,42,512,2610112.0,-0.0096390991365638,8.267844444989333,2.2265508223323107,235.67549999999997,1222.1797011008066,7.108391183830671
48113,2021,466.0,2,22046.0,TX,2021,1405.359638786703,7.248048519679637,10.000931817196982,48,42,512,2588235.0,-0.0083816326655714,8.517773695201557,2.253160965908747,249.14216666666667,1259.6649807689093,7.138601076312325
48113,2022,477.0,5,22523.0,TX,2022,1589.6662036751295,7.3712793383793676,10.022336686374508,48,42,512,2601993.0,0.0053155915131353,8.656057106994522,2.267585397923819,271.6895,1306.6157923004837,7.175195708894517
48113,2023,300.0,1,22823.0,TX,2023,1614.930573992894,7.387047246493042,10.035567892893337,48,42,512,2606358.0,0.001677560239401,8.756663512840523,2.277950488787309,278.4124166666667,1295.328952909419,7.166519959567278
48121,2015,236.0,2,3792.0,TX,2015,1130.1515731129232,7.030107038209187,8.2409125416889,48,42,513,779584.0,0.0350456990817698,4.864132665626796,1.7688545880710698,223.31341666666663,1130.1515731129232,7.030107038209187
48121,2016,0.0,2,3792.0,TX,2016,1170.595644553857,7.065267996154707,8.2409125416889,48,42,513,808212.0,0.0367221492488301,4.691838280055233,1.7390332680276432,223.80733333333333,1168.0122765731865,7.0630586740976495
48121,2017,322.0,1,4114.0,TX,2017,1214.7510361212578,7.102294426235851,8.32239411311117,48,42,513,835364.0,0.0335951458280747,4.924799249189575,1.7791468044538665,227.24108333333336,1193.7551093157438,7.084859171840854
48135,2022,288.0,1,989.0,TX,2022,1324.347708182084,7.1886753214913695,6.897704943128636,48,42,514,161057.0,0.0018599385411612,6.140683112190094,1.9658084457512337,271.6895,1088.538981332774,6.992591692006519
48139,2022,331.0,3,916.0,TX,2022,1678.7308699181392,7.425793352340286,6.821107472256465,48,42,515,212323.0,0.0449635065235471,4.314181694870551,1.670379038486359,271.6895,1379.8219151834176,7.229709722855436
48141,2015,248.0,3,4572.0,TX,2015,916.9583637239588,6.821062066344453,8.427924723658055,48,42,516,831898.0,-0.0022607800830671,5.495866079735737,1.8711659868426405,223.31341666666663,916.9583637239588,6.821062066344453
48141,2016,160.0,7,4732.0,TX,2016,918.17824393727,6.822391537281817,8.462314529906248,48,42,516,834949.0,0.0036675169311621,5.667412021572575,1.8972317818722517,223.80733333333333,916.1519317030057,6.820182215224759
48141,2017,120.0,1,4852.0,TX,2017,927.548380883486,6.832544955798778,8.487352349405215,48,42,516,837401.0,0.0029367063137988,5.794117752426854,1.9160572014143464,227.24108333333336,911.5165049397649,6.815109701403782
48141,2018,430.0,6,5282.0,TX,2018,947.1708888419817,6.853479529749064,8.572249397164315,48,42,516,836825.0,-0.0006878425031735,6.311952917276611,1.9895103950278097,231.78858333333335,912.5383326163522,6.816230092921008
48141,2019,891.0,6,6173.0,TX,2019,974.823866798292,6.882256805241123,8.728102205062104,48,42,516,839238.0,0.0028835180593314,7.355481996763731,2.1229178500020143,234.2145,929.4524819895357,6.8345956837348
48141,2020,642.0,5,6815.0,TX,2020,1030.2622529334324,6.937568663313389,8.827028068509152,48,42,516,866606.0,0.032610534794659,7.864012019302889,2.1819994859722947,235.67549999999997,976.2210487100369,6.883689045103441
48141,2021,245.0,3,7060.0,TX,2021,1123.2357632326848,7.023968873249589,8.862341963516347,48,42,516,867499.0,0.0010304567473569,8.138337911628716,2.212478521186724,249.14216666666667,1006.7890930132199,6.914521429882277
48141,2022,366.0,4,7426.0,TX,2022,1272.8809202328614,7.149038051552691,8.912877287669296,48,42,516,867239.0,-0.0002997121610515,8.5628067925912,2.2578812815233635,271.6895,1046.2361898675179,6.95295442206784
48157,2015,35.0,1,815.0,TX,2015,1429.8601190637246,7.265331899632822,6.704414354964107,48,42,517,715331.0,0.0457321708418123,1.1393327005260503,0.7604939582230253,223.31341666666663,1429.8601190637246,7.265331899632822
48157,2018,105.0,1,920.0,TX,2018,1462.3729596150529,7.287815710112533,6.825460036255307,48,42,517,788081.0,0.0265320849485224,1.1673926918679678,0.7735249206582974,231.78858333333335,1408.9024461698727,7.250566273284477
48157,2020,158.0,2,1078.0,TX,2020,1510.006572387757,7.319869282374171,6.983789965258135,48,42,517,829109.0,0.0214626802416693,1.3001909278514645,0.8329921315991219,235.67549999999997,1430.8009397202184,7.265989664164223
48157,2021,244.0,3,1322.0,TX,2021,1653.910639030757,7.4108978469359394,7.187657164114956,48,42,517,860305.0,0.0376259333814974,1.5366643225367747,0.9308499591065459,249.14216666666667,1482.4485176668538,7.301450403568627
48157,2022,167.0,2,1489.0,TX,2022,1810.6947124963945,7.5014658696789605,7.306531398939505,48,42,517,888919.0,0.0332602972201718,1.6750682570627922,0.9839748966814131,271.6895,1488.2887369141517,7.30538224019411
48183,2020,76.0,2,775.0,TX,2020,826.7724333776983,6.717529485908888,6.654152520183219,48,42,518,124251.0,0.0024688369841461,6.23737434708775,1.979258481378835,235.67549999999997,783.4050501786901,6.663649867698941
48201,2015,568.0,5,31916.0,TX,2015,1198.0328762340555,7.088436220898232,10.370894062184476,48,42,519,4557846.0,0.0228573018724891,7.002430534072454,2.079745312295927,223.31341666666663,1198.0328762340555,7.088436220898232
48201,2016,651.0,8,32567.0,TX,2016,1211.0019373693135,7.09920334336132,10.391085490182816,48,42,519,4623960.0,0.0145055361677424,7.043097258626805,2.084814240180886,223.80733333333333,1208.3293974157564,7.096994021304262
48201,2017,547.0,8,33114.0,TX,2017,1228.3165190320467,7.113399827149598,10.40774163091908,48,42,519,4657972.0,0.0073555999619374,7.109102416244666,2.092987185830211,227.24108333333336,1207.0861245226106,7.0959645727546015
48201,2018,458.0,4,33572.0,TX,2018,1275.5433879406569,7.1511275534209275,10.421477451486137,48,42,519,4680045.0,0.0047387575537165,7.173435298164868,2.1008892976277376,231.78858333333335,1228.904150373829,7.113878116592871
48201,2019,517.0,4,34089.0,TX,2019,1296.5450983272258,7.167458389045729,10.436759365131948,48,42,519,4713325.0,0.0071110427357001,7.232473890512536,2.10808656374954,234.2145,1236.199790234473,7.119797267539406
48201,2020,1012.0,8,35101.0,TX,2020,1313.5367956284038,7.180478622154165,10.466013387887635,48,42,519,4734792.0,0.0045545342194734,7.413419639130927,2.129828007169117,235.67549999999997,1244.6367558323368,7.126599003944218
48201,2021,573.0,5,35674.0,TX,2021,1393.3135948505706,7.23944007037516,10.482205442345037,48,42,519,4735517.0,0.0001531218266821,7.533285172453187,2.1439744189483383,249.14216666666667,1248.867758987124,7.129992627007848
48201,2022,1513.0,12,37187.0,TX,2022,1511.1189844321814,7.320605704660353,10.523741407575748,48,42,519,4781337.0,0.009675817867405,7.777531682037891,2.1721952385142482,271.6895,1242.0544165432002,7.124522075175503
48209,2018,216.0,1,1937.0,TX,2018,1235.9305702400427,7.119579463494928,7.569411792450712,48,42,520,222706.0,0.0371636411054088,8.69756540012393,2.271874864328211,231.78858333333335,1190.73974409763,7.082330026666872
48209,2020,607.0,2,2544.0,TX,2020,1323.6645250061847,7.188159324486148,7.841885928984623,48,42,520,243968.0,0.0598502982305997,10.42759706190976,2.4360312249010807,235.67549999999997,1254.2332469840587,7.1342797062762005
48209,2021,320.0,1,2864.0,TX,2021,1460.7051214328856,7.286674558000331,7.9603236291488395,48,42,520,255955.0,0.0491334929171038,11.18946689847825,2.5005722098443637,249.14216666666667,1309.2727568918515,7.177227114633019
48215,2015,116.0,1,2869.0,TX,2015,805.7342996911196,6.691754035170453,7.962067308753666,48,42,521,839667.0,0.0118676482461839,3.416830719797253,1.4854224071793347,223.31341666666663,805.7342996911196,6.691754035170453
48215,2016,0.0,1,2869.0,TX,2016,812.5800246629693,6.70021440124677,7.962067308753666,48,42,521,848960.0,0.011067482704453,3.3794289483603466,1.4769183388018448,223.80733333333333,810.7867553754803,6.698005079189712
48215,2017,110.0,1,2979.0,TX,2017,821.6383960665538,6.711300390806893,7.9996785794994505,48,42,521,856249.0,0.0085857990953637,3.4791281508065994,1.4994284182931117,227.24108333333336,807.4370831131635,6.693865136411897
48215,2018,398.0,4,3377.0,TX,2018,835.1569226108022,6.727619638464408,8.125039097367745,48,42,521,862298.0,0.0070645337979957,3.9162795228563674,1.5925520499035157,231.78858333333335,804.6200686805631,6.690370201636352
48215,2019,100.0,1,3477.0,TX,2019,855.2352278110557,6.751376551344974,8.154212694914229,48,42,521,868707.0,0.0074324653426078,4.002500267639146,1.6099378409768286,234.2145,815.4298763577056,6.703715429838651
48215,2020,197.0,2,3674.0,TX,2020,878.9129942349676,6.778685910118228,8.209308411646937,48,42,521,872856.0,0.0047760637361042,4.209170813971606,1.6504206903105674,235.67549999999997,832.810638761097,6.724806291908281
48215,2021,104.0,1,3778.0,TX,2021,947.7276814740908,6.8540672051601454,8.237214703349489,48,42,521,879865.0,0.0080299614140246,4.293840532354395,1.6665439810154454,249.14216666666667,849.4760620056588,6.744619761792833
48215,2022,335.0,4,4113.0,TX,2022,1030.5289518953182,6.93782749493374,8.322151070212902,48,42,521,888286.0,0.0095707864274632,4.6302654775601555,1.728156595135822,271.6895,847.0365664542148,6.741743865448889
48221,2021,36.0,1,86.0,TX,2021,1385.1242167264008,7.233545101766862,4.465908118654584,48,42,522,64293.0,0.0360313904958344,1.3376261801440281,0.8491359615340729,249.14216666666667,1241.5273796617312,7.12409765839955
48221,2022,34.0,1,120.0,TX,2022,1530.4157631882238,7.333294718117577,4.795790545596741,48,42,522,66394.0,0.0326785186567744,1.8073922342380335,1.0322560219384536,271.6895,1257.9152782793828,7.137211088632727
48245,2015,276.0,2,3419.0,TX,2015,793.0767439895786,6.675919993736109,8.13739583005665,48,42,523,255112.0,0.0087585064275179,13.401956787607013,2.667364085378278,223.31341666666663,793.0767439895786,6.675919993736109
48245,2016,0.0,1,3419.0,TX,2016,817.2012425538211,6.705885383443805,8.13739583005665,48,42,523,255748.0,0.0024930226723949,13.36862849367346,2.665047253202932,223.80733333333333,815.3977747777366,6.703676061386748
48245,2017,80.0,1,3499.0,TX,2017,867.133901077625,6.765193406698333,8.160518247477505,48,42,523,256041.0,0.001145659008086,13.665780089907477,2.685516895007673,227.24108333333336,852.1462374525427,6.747758152303336
48245,2018,102.0,1,3601.0,TX,2018,919.6625261051392,6.824006783297438,8.189244525735901,48,42,523,253234.0,-0.0109630879429466,14.220049440438489,2.722613600814498,231.78858333333335,886.0357914586796,6.786757346469383
48245,2020,74.0,1,3675.0,TX,2020,990.366445893352,6.898075022008021,8.209580483475577,48,42,523,256133.0,0.018158328861328,14.348014508087596,2.7309861176597083,235.67549999999997,938.4179296722311,6.844195403798074
48245,2021,60.0,1,3735.0,TX,2021,1027.161334614704,6.934554290691707,8.225770799348734,48,42,523,253727.0,-0.0093935572534581,14.72054609875969,2.7549685255045224,249.14216666666667,920.6747704317524,6.8251068473243945
48251,2015,117.0,1,794.0,TX,2015,938.2549362895448,6.844021699167872,6.678342114654332,48,42,524,159345.0,0.0166652842732544,4.9828987417239325,1.7889051899330592,223.31341666666663,938.2549362895448,6.844021699167872
48251,2017,0.0,1,794.0,TX,2017,1042.950794643594,6.949809277132012,6.678342114654332,48,42,524,167012.0,0.0261054416544299,4.754149402438148,1.7499212297624056,227.24108333333336,1024.9242872400607,6.932374022737015
48251,2021,156.0,2,950.0,TX,2021,1315.6781536743367,7.18210751789734,6.85751406254539,48,42,524,187511.0,0.036178466435313,5.06636943965954,1.8027603107517078,249.14216666666667,1179.2808405804763,7.072660074530028
48257,2018,43.0,1,795.0,TX,2018,1371.0516130582173,7.223333325139792,6.679599185844383,48,42,525,128279.0,0.0460824607756793,6.1974290413863535,1.9737238846693996,231.78858333333335,1320.920192596666,7.186083888311736
48257,2022,48.0,1,843.0,TX,2022,1769.9007121866318,7.47867872918469,6.738152494595957,48,42,525,172611.0,0.0903147562107975,4.883813893668422,1.7722051730187902,271.6895,1454.758373802312,7.282595099699839
48303,2015,83.0,1,1647.0,TX,2015,1031.575189990495,6.938842223689382,7.4073177104694174,48,42,526,298337.0,0.0132593832892373,5.520602540080513,1.8749667857914176,223.31341666666663,1031.575189990495,6.938842223689382
48303,2016,0.0,1,1647.0,TX,2016,1056.0349240707935,6.962276535756075,7.4073177104694174,48,42,526,302094.0,0.0125931413133468,5.451945420961687,1.8643817009837989,223.80733333333333,1053.7043782311546,6.960067213699018
48303,2017,96.0,1,1743.0,TX,2017,1072.096123349683,6.9773710049146835,7.463936604468925,48,42,526,305413.0,0.0109866465404808,5.707026223507185,1.9031556669813128,227.24108333333336,1053.5658640084773,6.959935750519687
48303,2018,89.0,1,1832.0,TX,2018,1090.255637185326,6.994167477253261,7.513709247839705,48,42,526,307627.0,0.00724920026325,5.955264004785016,1.9394987836463573,231.78858333333335,1050.391300031453,6.9569180404252045
48303,2020,156.0,2,1988.0,TX,2020,1147.8615094034435,7.045655933194205,7.5953872788539725,48,42,526,311578.0,0.0032488754511879,6.380424805345692,1.9988311986557283,235.67549999999997,1087.6517734131894,6.991776314984257
48303,2021,34.0,1,2022.0,TX,2021,1223.864225730057,7.109768530228321,7.612336837167746,48,42,526,314642.0,0.0098338136838929,6.426351218209902,2.0050346503824943,249.14216666666667,1096.985329462697,7.000321086861009
48303,2022,75.0,1,2097.0,TX,2022,1304.5584541096575,7.173619913162482,7.6487397889562425,48,42,526,317761.0,0.0099128533380794,6.59929947350367,2.0280560685049607,271.6895,1072.2733327147807,6.977536283677632
48309,2015,77.0,1,694.0,TX,2015,857.0606721104991,6.753508712020103,6.543911845564792,48,42,527,245444.0,0.0093680859988649,2.8275288864262316,1.3422193955953525,223.31341666666663,857.0606721104991,6.753508712020103
48309,2016,0.0,1,694.0,TX,2016,887.1490547084587,6.78801301183158,6.543911845564792,48,42,527,247553.0,0.0085925913854076,2.80344007141905,1.3359059391641508,223.80733333333333,885.1912202737599,6.7858036897745215
48309,2017,43.0,1,737.0,TX,2017,915.6498250904534,6.819634004564664,6.6039438246004725,48,42,527,251631.0,0.0164732400738427,2.9288919091844807,1.3683574291733216,227.24108333333336,899.8236054492119,6.8021987501696675
48309,2018,90.0,1,827.0,TX,2018,952.188404894819,6.858762919512173,6.71901315438526,48,42,527,254196.0,0.0101934976215172,3.2533950180175926,1.4477174918120845,231.78858333333335,917.372387153575,6.821513482684117
48309,2022,79.0,1,906.0,TX,2022,1294.3486989386647,7.16576291243682,6.810142450115136,48,42,527,266162.0,0.0092559940239875,3.403941960159602,1.4825000398815844,271.6895,1063.8814908859115,6.96967928295197
48329,2016,0.0,1,686.0,TX,2016,1053.3314679930827,6.959713247018637,6.532334292222349,48,42,528,163850.0,0.0093760780641662,4.186756179432408,1.646108488178537,223.80733333333333,1051.0068883655179,6.957503924961579
48329,2017,206.0,1,892.0,TX,2017,1180.2846716653446,7.0735109355383115,6.794586580876499,48,42,528,165318.0,0.0089594140982605,5.395661694431339,1.8556199002693898,227.24108333333336,1159.8844663236123,7.056075681143315
48329,2021,204.0,1,1096.0,TX,2021,1143.4862485820856,7.041836987664322,7.00033446027523,48,42,528,168257.0,-0.0123560418403164,6.5138448920401535,2.0167473044101243,249.14216666666667,1024.9401957873374,6.93238954429701
48329,2022,217.0,1,1313.0,TX,2022,1253.9305154385322,7.134038309321558,7.1808311990445555,48,42,528,172019.0,0.022358653726145,7.6328777635028695,2.1555779099388337,271.6895,1030.6600279553422,6.937954679836707
48339,2016,0.0,1,2441.0,TX,2016,1244.1323154714394,7.126193630562154,7.80057265467065,48,42,529,555216.0,0.036328308007608,4.3964871329356505,1.6857482109453248,223.80733333333333,1241.3866606396793,7.123984308505096
48339,2017,136.0,1,2577.0,TX,2017,1261.7232528465431,7.140233726538414,7.8547691834991324,48,42,529,571615.0,0.029536252557563,4.508279173919509,1.7062522647525302,227.24108333333336,1239.9154516775334,7.122798472143417
48339,2019,64.0,1,2641.0,TX,2019,1328.1146834911358,7.191515684358292,7.879291485082271,48,42,529,607391.0,0.0298777489529815,4.348105256745654,1.6767423405616604,234.2145,1266.3000270930027,7.143854562851969
48339,2021,451.0,2,3092.0,TX,2021,1442.7842834564296,7.274330055884685,8.03689677268507,48,42,529,650755.0,0.0407234391667239,4.751404138270163,1.7494440229578188,249.14216666666667,1293.2097852496147,7.164882612517373
48355,2015,94.0,1,2401.0,TX,2015,1069.7710048017575,6.975199890347679,7.784057002639929,48,42,530,360504.0,0.0107862736466688,6.660120276057963,2.0360276854644708,223.31341666666663,1069.7710048017575,6.975199890347679
48355,2016,0.0,2,2401.0,TX,2016,1082.811927394989,6.987316573005474,7.784057002639929,48,42,530,361642.0,0.0031566917426713,6.639162486658076,2.033287975004307,223.80733333333333,1080.4222878338521,6.985107250948417
48355,2017,68.0,1,2469.0,TX,2017,1093.924970251149,6.99752739767859,7.8119734296220225,48,42,530,361235.0,-0.0011254223790377,6.834885877614295,2.0585863099857953,227.24108333333336,1075.0174180670779,6.980092143283594
48355,2018,82.0,1,2551.0,TX,2018,1129.4940339628,7.029525053877995,7.844632644464681,48,42,530,362026.0,0.0021897102993895,7.046455226972649,2.0852316499749253,231.78858333333335,1088.1949757901457,6.9922756170499385
48355,2020,177.0,2,2728.0,TX,2020,1192.097787522271,7.083469880772457,7.911690520708339,48,42,530,353398.0,-0.024554643466356,7.71934193175966,2.165543768531822,235.67549999999997,1129.5676891843757,7.029590262562509
48355,2021,165.0,1,2893.0,TX,2021,1300.6237250168622,7.170599216862449,7.970394907191429,48,42,530,353292.0,-0.0002999451043865,8.188693771724239,2.2179737904355523,249.14216666666667,1165.787115514004,7.061151773495137
48355,2022,70.0,1,2963.0,TX,2022,1381.9530538540905,7.231253034035791,7.994294986415977,48,42,530,351590.0,-0.0048175446939076,8.427429676611963,2.2436234907337407,271.6895,1135.8873203752478,7.035169404550941
48381,2018,328.0,1,415.0,TX,2018,1028.2566964511318,6.935620119563076,6.030685260261263,48,42,531,135691.0,0.0125060627541693,3.0584194972400525,1.400793611427947,231.78858333333335,990.6593016475792,6.8983706827350195
48397,2017,0.0,1,32.0,TX,2017,1374.140689228552,7.22558386144764,3.4965075614664802,48,42,532,96824.0,0.036426499395211,0.33049657109807484,0.2855522342793922,227.24108333333336,1350.3898493662173,7.208148607052643
48397,2022,185.0,1,217.0,TX,2022,1828.5272616995717,7.511266146802642,5.384495062789089,48,42,532,123342.0,0.0577127568346311,1.7593358304551572,1.014990009630898,271.6895,1502.9460846969625,7.315182517317791
48423,2016,88.0,1,1375.0,TX,2016,943.3754045213552,6.8494642994072255,7.226936018493289,48,42,533,225161.0,0.0124600926300642,6.106741398377161,1.961043826293357,223.80733333333333,941.2934850941549,6.847254977350167
48423,2017,80.0,1,1455.0,TX,2017,963.6480783645932,6.870726164021341,7.283448228756631,48,42,533,227195.0,0.0090335360031266,6.4041902330597065,2.0020460876631545,227.24108333333336,946.9922502006422,6.853290909626344
48423,2018,24.0,1,1479.0,TX,2018,980.3395174161498,6.88789895800895,7.299797366758161,48,42,533,229749.0,0.0112414445740443,6.437460010707337,2.006529394145675,231.78858333333335,944.4941764570005,6.850649521180895
48423,2022,100.0,1,1579.0,TX,2022,1249.2935098046296,7.130333478358756,7.365180126021013,48,42,533,241995.0,0.0202924336585406,6.524928200995888,2.018221269193525,271.6895,1026.848671347121,6.934249848873906
48439,2015,112.0,2,12653.0,TX,2015,986.8277967131676,6.894495552796343,9.44572864970683,48,42,534,1984880.0,0.0199155037556741,6.374692676635363,1.9980542303929283,223.31341666666663,986.8277967131676,6.894495552796343
48439,2016,0.0,2,12653.0,TX,2016,1035.0100027507654,6.9421663701462615,9.44572864970683,48,42,534,2023556.0,0.0194853089355526,6.2528538869198576,1.9813950309860044,223.80733333333333,1032.725856458901,6.939957048089204
48439,2017,743.0,3,13396.0,TX,2017,1092.9682250470075,6.996652416433747,9.502786080276985,48,42,534,2056451.0,0.0162560364032426,6.514135274801102,2.016785950024207,227.24108333333336,1074.0772093808569,6.979217162038751
48439,2018,109.0,1,13505.0,TX,2018,1146.290790146866,7.0442866086708795,9.510889310134788,48,42,534,2081446.0,0.0121544349950473,6.488277860679546,2.0133388459493724,231.78858333333335,1104.3775718371069,7.007037171842823
48439,2019,176.0,2,13681.0,TX,2019,1193.9849912361274,7.085051723719546,9.523836379320944,48,42,534,2102515.0,0.0101222899849431,6.506969034703676,2.0158317937260475,234.2145,1138.4131547861452,7.037390602213223
48439,2020,995.0,5,14676.0,TX,2020,1229.2975374484945,7.114198177456854,9.594036921611199,48,42,534,2115840.0,0.0063376480072674,6.936252268602541,2.071441157355692,235.67549999999997,1164.8161696380953,7.060318559246906
48439,2021,441.0,4,15117.0,TX,2021,1350.947985468556,7.208561836455559,9.623641365852121,48,42,534,2129695.0,0.006548226709014,7.0981995074412065,2.0916417539379086,249.14216666666667,1210.8942232069649,7.0991143930882465
48439,2022,436.0,5,15553.0,TX,2022,1505.5970050727703,7.3169447796373,9.652073119254888,48,42,534,2155646.0,0.0121853129203945,7.215006545601643,2.1059625482754805,271.6895,1237.515661539739,7.120861150152449
48441,2018,28.0,1,1055.0,TX,2018,916.0644218422004,6.820086691723178,6.962243464266207,48,42,535,137294.0,0.0048304228815667,7.684239660873745,2.1615098496170044,231.78858333333335,882.5692490391841,6.782837254895123
48441,2022,40.0,1,1095.0,TX,2022,1187.867471777745,7.079914937957147,6.999422467507961,48,42,535,145147.0,0.0085115548699989,7.544076005704561,2.1452381779770264,271.6895,976.3599390844454,6.883831308472296
48441,2023,40.0,1,1135.0,TX,2023,1255.0143534613132,7.134902288521449,7.035268599281097,48,42,535,146836.0,0.011636478880032,7.729712059712877,2.1667323864568058,278.4124166666667,1006.6416814042482,6.914375001595685
48451,2021,48.0,1,644.0,TX,2021,1110.1026832563657,7.012207797465998,6.4692503167957724,48,42,536,119231.0,-0.0080203003452722,5.401279868490577,1.8564979498240537,249.14216666666667,995.0175290097959,6.902760354098686
48453,2015,126.0,2,7070.0,TX,2015,1167.7232174169053,7.06281116391638,8.863757191604241,48,42,537,1179805.0,0.023905195008071,5.992515712342294,1.9448403931193108,223.31341666666663,1167.7232174169053,7.06281116391638
48453,2016,876.0,8,7946.0,TX,2016,1207.4866431007497,7.096296323851262,8.98054977794018,48,42,537,1206110.0,0.022296057399316,6.588122144746333,2.0265841490368235,223.80733333333333,1204.8218609914136,7.094087001794204
48453,2017,1350.0,6,9296.0,TX,2017,1244.7520767660535,7.126691653941108,9.137447046455858,48,42,537,1227585.0,0.0178051753156842,7.572591714626686,2.1485701040001497,227.24108333333336,1223.2376077780373,7.109256399546111
48453,2018,223.0,2,9519.0,TX,2018,1283.3680642569589,7.157243201304893,9.161150127785412,48,42,537,1246572.0,0.0154669534085216,7.636141354049346,2.1559558805187624,231.78858333333335,1236.4427235743533,7.1199937644768365
48453,2019,302.0,1,9821.0,TX,2019,1348.8916761041612,7.207038553579703,9.19238004659919,48,42,537,1273954.0,0.021965839117195,7.709069558241507,2.1643649606165307,234.2145,1286.1099927803225,7.15937743207338
48453,2020,349.0,4,10170.0,TX,2020,1360.9031143885368,7.215903813040791,9.227295812625597,48,42,537,1296613.0,0.0177863564932485,7.843512289326114,2.1796841155368085,235.67549999999997,1289.518529615559,7.162024194830844
48453,2021,1329.0,10,11499.0,TX,2021,1514.979726075701,7.323157335725678,9.350102314351341,48,42,537,1308868.0,0.0094515479946599,8.785454300968471,2.280897028075693,249.14216666666667,1357.920673714521,7.213709892358366
48453,2022,2094.0,10,13593.0,TX,2022,1719.276442281118,7.449658808207378,9.517383797906584,48,42,537,1327550.0,0.0142734026655093,10.239162366765846,2.4194043191588746,271.6895,1413.1480845608958,7.253575178722527
48453,2023,110.0,1,13703.0,TX,2023,1702.868381059632,7.440069391157806,9.525443040003957,48,42,537,1334961.0,0.005582463937328,10.264719343860982,2.42167565958015,278.4124166666667,1365.863494383404,7.219542104232042
48471,2022,48.0,1,321.0,TX,2022,1154.5900357387095,7.051500612534778,5.7745515455444085,48,42,538,79678.0,0.0169755450043396,4.0287155802103465,1.6151645996569644,271.6895,949.0077670653445,6.855416983049928
48485,2015,24.0,1,734.0,TX,2015,691.1753141986295,6.538393502440366,6.5998704992128365,48,42,539,130961.0,-0.0127029838819112,5.604722016478188,1.8877848502571504,223.31341666666663,691.1753141986295,6.538393502440366
48485,2016,58.0,1,792.0,TX,2016,705.988980343553,6.55959962879289,6.675823221634848,48,42,539,131295.0,0.0025503775933293,6.032217525419856,1.950502093553453,223.80733333333333,704.4309450518524,6.557390306735832
48485,2017,36.0,1,828.0,TX,2017,732.3568192816568,6.596267853227289,6.720220155135295,48,42,539,131689.0,0.0030008758901709,6.2875411006234385,1.9861661915404238,227.24108333333336,719.6986615884933,6.578832598832292
48485,2020,36.0,1,864.0,TX,2020,852.6409962551592,6.7483385869836585,6.762729506931879,48,42,539,129620.0,-0.0197383347198063,6.665638018824255,2.036747746801539,235.67549999999997,807.9167077774742,6.694458968773711
48491,2015,180.0,3,2461.0,TX,2015,1207.569127194589,7.096364632082389,7.808729306744399,48,42,540,507133.0,0.0393922687036418,4.852770377790441,1.766915117998492,223.31341666666663,1207.569127194589,7.096364632082389
48491,2016,242.0,4,2703.0,TX,2016,1243.7517143500245,7.125887666843732,7.902487437162855,48,42,540,527622.0,0.0404016303415475,5.122985773906319,1.812049849106922,223.80733333333333,1241.0068994605238,7.123678344786674
48491,2018,188.0,2,2891.0,TX,2018,1290.7589923400824,7.1629856904913165,7.969703583278656,48,42,540,566463.0,0.0370013052607685,5.10359899940508,1.8088785971002246,231.78858333333335,1243.5634082036147,7.125736253663261
48491,2020,239.0,2,3130.0,TX,2020,1370.684412186168,7.223065465016962,8.049107721326406,48,42,540,615552.0,0.0423350396494122,5.084866916198794,1.805804855403081,235.67549999999997,1298.786760851403,7.169185846807014
48491,2021,344.0,2,3474.0,TX,2021,1545.5164401722686,7.343113398961255,8.153349757998892,48,42,540,644595.0,0.0471820414847161,5.389430572685174,1.854645152162869,249.14216666666667,1385.2916244046999,7.233665955593943
48491,2023,199.0,1,3673.0,TX,2023,1719.1283744976645,7.4495726823487685,8.20903626577507,48,42,540,697191.0,0.03706529936499,5.26828372712786,1.8355025894437524,278.4124166666667,1378.9055660449276,7.229045395423005
49005,2022,164.0,1,1049.0,UT,2022,1157.4432644362907,7.053968769153289,6.956545443151569,49,43,541,140145.0,0.0195477891428654,7.485104712975846,2.1383122395618197,271.6895,951.3529598276274,6.857885139668438
49005,2023,231.0,2,1280.0,UT,2023,1217.6613211433082,7.104687348144891,7.155396301896734,49,43,541,142393.0,0.0160405294516394,8.989205930066788,2.3015051030214435,278.4124166666667,976.6809728637917,6.884160061219127
49011,2016,25.0,1,1433.0,UT,2016,1060.0901974152544,6.966109275387185,7.2682230211595655,49,43,542,341000.0,0.0191364537040081,4.202346041055719,1.6491096855860081,223.80733333333333,1057.7507020605888,6.963899953330128
49011,2019,131.0,2,1564.0,UT,2019,1259.0405694718283,7.1381052570929535,7.355641102974253,49,43,542,355481.0,0.0124750427939539,4.399672556339158,1.6863383140167174,234.2145,1200.440840728049,7.090444135586631
49021,2022,48.0,1,716.0,UT,2022,1433.6190703491552,7.26795734455208,6.57507584059962,49,43,543,62508.0,0.0328486450760079,11.454533819671083,2.5220847188423248,271.6895,1178.3538664473972,7.07187371506723
49035,2015,778.0,7,9049.0,UT,2015,962.9441016597611,6.869995364069527,9.110520036693972,49,43,544,1102273.0,0.0112549942431456,8.20940003066391,2.2202247048949117,223.31341666666663,962.9441016597611,6.869995364069527
49035,2016,341.0,4,9390.0,UT,2016,1015.0753641459067,6.92271813910952,9.147507062804614,49,43,544,1120109.0,0.0161811093984884,8.38311271492328,2.2389115539100954,223.80733333333333,1012.8352112750991,6.920508817052462
49035,2017,926.0,9,10316.0,UT,2017,1072.817600679679,6.978043738133855,9.241548299100376,49,43,544,1136719.0,0.0148289139717652,9.075241990324786,2.3100811264350956,227.24108333333336,1054.2748712233945,6.960608483738858
49035,2018,726.0,5,11042.0,UT,2018,1135.433225068079,7.034769553183303,9.30955202204713,49,43,544,1148692.0,0.0105329461370839,9.612672500548449,2.3620488059740037,231.78858333333335,1093.917005058726,6.997520116355248
49035,2019,829.0,8,11871.0,UT,2019,1192.5739877410683,7.083869265065144,9.381937965407161,49,43,544,1160437.0,0.0102246729323438,10.229766889542473,2.418568010702534,234.2145,1137.0678238548398,7.036208143558821
49035,2020,752.0,10,12623.0,UT,2020,1229.754056599415,7.114569474388785,9.443355043085656,49,43,544,1186983.0,0.0228758648681488,10.63452467305766,2.4539769427231493,235.67549999999997,1165.2487426096848,7.060689856178837
49035,2021,1214.0,13,13837.0,UT,2021,1374.6193079070024,7.225932104789209,9.535173710058757,49,43,544,1186312.0,-0.0005652987448009,11.66387931673961,2.5387537929012454,249.14216666666667,1232.1115223959064,7.116484661421897
49035,2022,263.0,2,14100.0,UT,2022,1558.5471883149469,7.351509376782353,9.55400099583723,49,43,544,1186569.0,0.000216637781629,11.883000482904913,2.555908650293274,271.6895,1281.0377201137233,7.155425747297502
49035,2023,158.0,2,14258.0,UT,2023,1581.5076078826016,7.366133853282727,9.565143565282119,49,43,544,1185813.0,-0.0006371310897217,12.023818258022134,2.5667798547726286,278.4124166666667,1268.5205337786022,7.145606566356963
49045,2022,12.0,1,698.0,UT,2022,1800.4407250775073,7.495786761179338,6.54965074223381,49,43,545,79955.0,0.0414197329859979,8.729910574698268,2.2752047054771865,271.6895,1479.860538676941,7.299703131694488
49049,2015,142.0,3,851.0,UT,2015,1021.8257067220836,6.929346214851993,6.747586526829315,49,43,546,572667.0,0.0214358716416154,1.486029402776832,0.9106868203624353,223.31341666666663,1021.8257067220836,6.929346214851993
49049,2017,475.0,3,1326.0,UT,2017,1135.9495056310593,7.035224149024765,7.190676034332207,49,43,546,606742.0,0.0278745290434498,2.185442906540177,1.158591339494365,227.24108333333336,1116.3155954998572,7.017788894629768
49049,2018,18.0,1,1344.0,UT,2018,1191.5492133911582,7.083009599413189,7.20414929203594,49,43,546,621520.0,0.0243563161937034,2.1624404685287684,1.1513440296958348,231.78858333333335,1147.9811565447042,7.0457601625851325
49049,2020,99.0,2,1443.0,UT,2020,1279.926053699224,7.154557584697399,7.275172319452771,49,43,546,663595.0,0.0430029784592171,2.1745190967382215,1.1551561552783225,235.67549999999997,1212.7890261493333,7.100677966487452
49049,2021,196.0,1,1639.0,UT,2021,1437.157249741956,7.270422309279253,7.402451520818244,49,43,546,685973.0,0.0337223758467137,2.389306867763017,1.2206254367000686,249.14216666666667,1288.1661102214575,7.160974865911941
49049,2022,56.0,1,1695.0,UT,2022,1609.637853166694,7.3837644967553215,7.4360278163518485,49,43,546,702692.0,0.0243726793911713,2.412152123547728,1.2273432134971423,271.6895,1323.0313596464075,7.187680867270472
49053,2018,47.0,2,1270.0,UT,2018,1274.3478855806184,7.150189864461363,7.147559271189454,49,43,547,171567.0,0.0339783883468229,7.402355930919116,2.1285121344920417,231.78858333333335,1227.752360614325,7.112940427633307
49053,2019,4.0,1,1274.0,UT,2019,1325.8482185608875,7.18980769855376,7.150701457592526,49,43,547,177556.0,0.034907645409665,7.175201063326499,2.1011053113831917,234.2145,1264.1390506063678,7.142146577047437
49053,2020,42.0,1,1316.0,UT,2020,1381.4992040064626,7.230924568182678,7.183111701743281,49,43,547,182015.0,0.0251132037216428,7.230173337362305,2.1078070761150958,235.67549999999997,1309.0342753869772,7.17704494997273
49053,2021,258.0,1,1574.0,UT,2021,1569.825010365891,7.358719433764734,7.362010551259734,49,43,547,191513.0,0.0521825124302941,8.21876321711842,2.2212408872603855,249.14216666666667,1407.0801074095946,7.249271990397422
49057,2015,92.0,2,1968.0,UT,2015,758.9547841957539,6.631942202756477,7.585281078639126,49,43,548,242872.0,0.0113261600986043,8.10303369676208,2.208607731236841,223.31341666666663,758.9547841957539,6.631942202756477
49057,2016,108.0,2,2076.0,UT,2016,803.2361765204829,6.688648788411822,7.638679823876112,49,43,548,247131.0,0.0175359860337955,8.400403025116235,2.2407525633692167,223.80733333333333,801.4635280154304,6.686439466354764
49057,2017,6.0,1,2082.0,UT,2017,861.7244244580429,6.7589355263468,7.641564441260972,49,43,548,251576.0,0.0179864120648562,8.275829172894076,2.2274120031924527,227.24108333333336,846.8302589834323,6.741500271951804
49057,2018,128.0,1,2210.0,UT,2018,922.8988180502208,6.827519605579651,7.701200180857446,49,43,548,255697.0,0.0163807358412566,8.64304235090752,2.2662366553995033,231.78858333333335,889.1537509422477,6.790270168751595
49057,2019,259.0,4,2469.0,UT,2019,994.0016796095728,6.901738896403208,7.8119734296220225,49,43,548,260213.0,0.0176615290754291,9.48838067275655,2.350268041832133,234.2145,947.7376987591246,6.854077774896885
49057,2020,48.0,1,2517.0,UT,2020,1063.0755810744572,6.968921477483636,7.831220214604293,49,43,548,262988.0,0.0106643403673145,9.570778894854518,2.3580934863682255,235.67549999999997,1007.3131920146093,6.915041859273688
49057,2022,356.0,4,2873.0,UT,2022,1371.9114092338389,7.223960235671792,7.96346006663897,49,43,548,269460.0,0.0108452220625803,10.662064870481705,2.4563412553365174,271.6895,1127.6336559196805,7.0278766061869415
49057,2023,40.0,1,2913.0,UT,2023,1421.2942944935858,7.259323210449697,7.97728198675515,49,43,548,271926.0,0.0091516366065464,10.712473246397918,2.4606543633696516,278.4124166666667,1140.014115721738,7.038795923523933
50007,2016,55.0,2,2109.0,VT,2016,1374.4516600869251,7.225810137897676,7.6544432264701125,50,44,549,161563.0,0.0016739722120613,13.053731361759809,2.642887937869786,223.80733333333333,1371.4184056696822,7.2236008158406175
50007,2017,42.0,2,2151.0,VT,2017,1461.401110181232,7.287150919026483,7.674152921281675,50,44,549,163031.0,0.0090862388046768,13.193809766240776,2.652805937606382,227.24108333333336,1436.142048998757,7.269715664631486
50007,2018,29.0,1,2180.0,VT,2018,1513.339042403362,7.322073774873403,7.687538766201629,50,44,549,163571.0,0.0033122534978009,13.327545836364637,2.662183966626538,231.78858333333335,1458.0049943536458,7.284824338045347
50007,2019,121.0,3,2301.0,VT,2019,1547.6287650158731,7.344479209508027,7.741533589281828,50,44,549,163774.0,0.0012410512865972,14.049849182409906,2.711367970042341,234.2145,1475.5972292377644,7.296818088001704
50007,2021,114.0,3,2415.0,VT,2021,1696.142856364514,7.436112044151589,7.789868559054706,50,44,549,169338.0,0.0055999287389767,14.261417992417533,2.7253279437160844,249.14216666666667,1520.3024902496184,7.326664600784277
50007,2022,107.0,2,2522.0,VT,2022,1895.5211446899764,7.54724909009859,7.833203948641057,50,44,549,169357.0,0.0001122016322385,14.89161947837999,2.7657918934409174,271.6895,1558.0112708979534,7.351165460613739
50007,2023,32.0,1,2554.0,VT,2023,2039.1572286256312,7.620291878256624,7.845807502637805,50,44,549,169481.0,0.0007321811321645,15.069535818174309,2.776925294339977,278.4124166666667,1635.5993504058424,7.39976459133086
51003,2018,80.0,1,993.0,VA,2018,1329.5111344986217,7.192566585599958,6.901737206656574,51,45,550,108377.0,0.0056510281345112,9.16246066969929,2.3187006047261485,231.78858333333335,1280.8986088598554,7.155317148771902
51003,2020,96.0,1,1089.0,VA,2020,1419.9866403211174,7.258402742326483,6.993932975223189,51,45,550,112510.0,0.0290862526296533,9.679139632032708,2.368292271488579,235.67549999999997,1345.5028981422754,7.204523124116537
51013,2015,234.0,1,4394.0,VA,2015,1996.8975241895023,7.599350017221597,8.388222810119277,51,45,551,228548.0,0.011363837507744,19.225720636365224,3.006955093279638,223.31341666666663,1996.8975241895023,7.599350017221597
51013,2016,43.0,1,4437.0,VA,2016,2025.6358728938185,7.613638941554997,8.39795910349254,51,45,551,231259.0,0.0118618408386859,19.186280317738984,3.0050031814605127,223.80733333333333,2021.1655309111895,7.611429619497939
51013,2017,380.0,3,4817.0,VA,2017,2068.0498955909698,7.634361362799042,8.480114183174816,51,45,551,234647.0,0.0146502406392832,20.528709082153192,3.0693873505518665,227.24108333333336,2032.3054319545176,7.616926108404045
51013,2018,97.0,1,4914.0,VA,2018,2105.638043034655,7.652373808518435,8.500047032581268,51,45,551,236025.0,0.0058726512591253,20.819828408007627,3.0828191163963514,231.78858333333335,2028.647049355173,7.615124371690379
51013,2019,443.0,5,5357.0,VA,2019,2162.285357838639,7.67892097738898,8.586346050104554,51,45,551,236842.0,0.0034614977226987,22.618454497090887,3.162028376667863,234.2145,2061.6457609040103,7.631259855882657
51013,2020,471.0,3,5828.0,VA,2020,2125.8206718734104,7.661913205331724,8.67060073804555,51,45,551,238814.0,0.0083262259227669,24.403929417873325,3.234903863550525,235.67549999999997,2014.313229235454,7.608033587121777
51013,2022,400.0,4,6228.0,VA,2022,2351.2252117115167,7.762691837959568,8.736971085254146,51,45,551,233678.0,0.0010366867149882,26.652059671856144,3.319700216038745,271.6895,1932.5742635622846,7.566608208474717
51041,2017,80.0,1,2162.0,VA,2017,1108.5916487376685,7.010845703796288,7.679251425953058,51,45,552,343276.0,0.014172223387566,6.298139106724618,1.9876193987704744,227.24108333333336,1089.4305956313292,6.993410449401291
51041,2019,105.0,1,2267.0,VA,2019,1192.929892320729,7.084167654504185,7.7266536648476425,51,45,552,352802.0,0.0129808976085401,6.4257005345774685,2.0049470283295037,234.2145,1137.4071635101188,7.036506532997862
51041,2020,60.0,1,2327.0,VA,2020,1243.015620784074,7.12529565843422,7.752764808851328,51,45,552,365311.0,0.0354561482077766,6.369914949180287,1.9974061659962974,235.67549999999997,1177.814686920487,7.071416040224273
51059,2016,150.0,1,6012.0,VA,2016,1728.785318499123,7.455174312849307,8.70167907103957,51,45,553,1144188.0,0.0033207617320574,5.254381273007582,1.8332822218412084,223.80733333333333,1724.9700910480024,7.452964990792249
51059,2017,360.0,4,6372.0,VA,2017,1765.5009920013842,7.476189777249554,8.759825595314295,51,45,553,1148728.0,0.0039678794044335,5.547005035134514,1.8790076985337334,227.24108333333336,1734.9858259295909,7.458754522854558
51059,2018,181.0,3,6553.0,VA,2018,1802.893723695668,7.497148277314999,8.787830829258759,51,45,553,1148463.0,-0.0002306899457487,5.705886911463407,1.9029857841176792,231.78858333333335,1736.9723371852963,7.459898840486943
51059,2019,210.0,2,6763.0,VA,2019,1855.451476475059,7.525883328973071,8.81936971001847,51,45,553,1147532.0,-0.0008106486669574,5.893517566394663,1.9305814868811286,234.2145,1769.0928984792004,7.478222207466749
51059,2020,200.0,1,6963.0,VA,2020,1862.544264516724,7.52969871615478,8.848509300888079,51,45,553,1148627.0,0.0009542217559075,6.062020133602989,1.9547311484796142,235.67549999999997,1764.846678598893,7.475819097944832
51059,2022,465.0,2,7428.0,VA,2022,2102.601761424766,7.65093079087788,8.913146539151807,51,45,553,1139309.0,-0.0025337002266672,6.519741351994938,2.0175317426887136,271.6895,1728.219836368781,7.45484716139303
51069,2022,63.0,1,495.0,VA,2022,1711.425332341622,7.445081829990579,6.206575926724928,51,45,554,94808.0,0.0090358560648793,5.221078390009282,1.8279432663230122,271.6895,1406.69491583257,7.248998200505729
51085,2021,100.0,1,858.0,VA,2021,1471.0248947702476,7.293714644163364,6.755768921984255,51,45,555,111783.0,0.0143463820983285,7.675585733072113,2.1605128432160643,249.14216666666667,1318.5226718059944,7.184267200796052
51085,2022,61.0,1,919.0,VA,2022,1626.6953400785442,7.394305837121194,6.824373670043086,51,45,555,112860.0,0.0096347387348703,8.142831827042352,2.2129701653832825,271.6895,1337.0516500221204,7.198222207636343
51087,2016,180.0,1,4459.0,VA,2016,1030.807118483982,6.9380973845401455,8.40290404501411,51,45,556,325931.0,0.0047969171483621,13.680809741939244,2.6865411811977844,223.80733333333333,1028.532247467224,6.935888062483087
51087,2018,126.0,2,4585.0,VA,2018,1123.1302158055123,7.023874901538626,8.43076346341785,51,45,556,328993.0,0.0043778372751168,13.936466733334752,2.703805654635408,231.78858333333335,1082.0638456226793,6.98662546471057
51087,2019,52.0,1,4637.0,VA,2019,1167.852687585526,7.062922031791388,8.442038517815478,51,45,556,330818.0,0.0055472304881867,14.016770550574636,2.7091676132696096,234.2145,1113.4971311685356,7.015260910285065
51087,2020,152.0,1,4789.0,VA,2020,1204.2313932811387,7.09359679451377,8.474285690404962,51,45,556,334905.0,0.0123542249817119,14.299577492124632,2.7278252131232765,235.67549999999997,1141.064840812352,7.039717176303823
51087,2022,883.0,5,5672.0,VA,2022,1516.1636444781095,7.323938505283089,8.643473357326567,51,45,556,334553.0,0.0003917206403885,16.95396544045338,2.887811006438658,271.6895,1246.2008420428167,7.127854875798239
51095,2015,200.0,1,880.0,VA,2015,1203.888703070597,7.093312182285855,6.78105762593618,51,45,557,72819.0,0.0104767984014209,12.084758098847828,2.5714480489062055,223.31341666666663,1203.888703070597,7.093312182285855
51107,2015,98.0,1,2757.0,VA,2015,1730.5597519324235,7.456200191189163,7.922261058353247,51,45,558,374014.0,0.0326002330165706,7.371381819931874,2.124818962862283,223.31341666666663,1730.5597519324235,7.456200191189163
51107,2016,202.0,1,2959.0,VA,2016,1755.1387501878792,7.4703031927110075,7.992944547318106,51,45,558,385546.0,0.0308330704198238,7.6748299813770595,2.160425726952343,223.80733333333333,1751.2653637884298,7.46809387065395
51107,2018,96.0,1,3055.0,VA,2018,1825.779411034555,7.5097622493857,8.024862150286411,51,45,558,405522.0,0.0213399353732159,7.5335000320574474,2.1439995976333335,231.78858333333335,1759.0212274236144,7.472512812557643
51107,2019,211.0,3,3266.0,VA,2019,1871.2853268200467,7.534380814283785,8.09162741160107,51,45,558,413538.0,0.0197671149777323,7.8977022667808034,2.1857930711340763,234.2145,1784.1897913681028,7.486719692777462
51107,2020,96.0,2,3362.0,VA,2020,1912.085121665994,7.555949612320162,8.12058871174027,51,45,558,422705.0,0.0221672494426146,7.953537336913451,2.1920486873773934,235.67549999999997,1811.7889278976056,7.502069994110214
51107,2022,153.0,3,3515.0,VA,2022,2245.448719126374,7.716660655093284,8.165079258805068,51,45,558,432792.0,0.0093944454291872,8.121684319488345,2.210654471188645,271.6895,1845.6319637597358,7.520577025608433
51121,2022,40.0,1,487.0,VA,2022,1541.8167144856898,7.340716684857365,6.1903154058531475,51,45,559,98826.0,0.0003846621047089,4.927852994151337,1.7796620891288297,271.6895,1267.286216013404,7.144633055372514
51153,2015,72.0,1,4809.0,VA,2015,1448.4451160482122,7.278245926293564,8.478452363099807,51,45,560,450978.0,0.0162151687089606,10.663491345475833,2.4564635653884364,223.31341666666663,1448.4451160482122,7.278245926293564
51153,2018,209.0,1,5018.0,VA,2018,1542.3326842380975,7.341051279386044,8.520985989654934,51,45,560,466235.0,0.0068369940548815,10.76281274464594,2.464943092838243,231.78858333333335,1485.9385065508932,7.303801842557988
51153,2022,227.0,1,5245.0,VA,2022,1925.3175982589528,7.56284621922172,8.56522116042682,51,45,560,487012.0,0.0034201981242478,10.769755160037125,2.465533119019892,271.6895,1582.5022720262186,7.3667625897368705
51177,2016,72.0,1,1202.0,VA,2016,1192.047516155584,7.083427709377435,7.0925737159746784,51,45,561,131252.0,0.0100347831440268,9.157955688294273,2.3182572101224697,223.80733333333333,1189.4168063976915,7.081218387320378
51177,2018,271.0,2,1473.0,VA,2018,1264.9030146404218,7.142750729954018,7.295735072749282,51,45,561,134011.0,0.0095827149518981,10.99163501503608,2.4842093246329915,231.78858333333335,1218.6528339279835,7.105501293125961
51177,2019,76.0,1,1549.0,VA,2019,1305.720445988495,7.174510233316049,7.346010209913293,51,45,561,136215.0,0.0164464111155053,11.371728517417319,2.5154139112759966,234.2145,1244.9480882063858,7.126849111809726
51177,2020,100.0,1,1649.0,VA,2020,1358.1292002009402,7.213863443652715,7.408530566894626,51,45,561,140604.0,0.0322211210219138,11.727973599613097,2.5438022168357466,235.67549999999997,1286.8901178596814,7.159983825442768
51177,2022,116.0,1,1765.0,VA,2022,1724.4292180459877,7.4526513866206345,7.476472381163905,51,45,561,146828.0,0.0196176468545794,12.020867954341133,2.5665532977183747,271.6895,1417.3833750721972,7.256567757135785
51179,2017,256.0,1,1971.0,VA,2017,1427.2572341461012,7.26350986342224,7.586803535162581,51,45,562,146792.0,0.0229336380931144,13.427162243174015,2.669112696701609,227.24108333333336,1402.5883204924392,7.246074609027244
51179,2023,144.0,1,2115.0,VA,2023,2001.273526751041,7.601539020269826,7.65728279297819,51,45,562,165428.0,0.013844541548946,12.785018255676185,2.6235823687894415,278.4124166666667,1605.2129940684204,7.381011733344062
51199,2019,110.0,1,424.0,VA,2019,1306.3639918907827,7.175002978424879,6.052089168924417,51,45,563,68280.0,0.0044721666470519,6.209724663151728,1.975430762377896,234.2145,1245.5616814477169,7.127341856918557
51199,2022,30.0,1,454.0,VA,2022,1624.8022336845831,7.3931413850095575,6.12029741895095,51,45,563,71164.0,0.0008438343834382,6.379630150075881,1.9987235221907045,271.6895,1335.4956235398715,7.197057755524707
51510,2015,129.0,2,1631.0,VA,2015,1624.3193043136905,7.392844117351945,7.397561535524052,51,45,564,153654.0,0.0150553261767134,10.614757832532833,2.4522765164598463,223.31341666666663,1624.3193043136905,7.392844117351945
51510,2016,127.0,2,1758.0,VA,2016,1647.7154471790843,7.407145030014333,7.472500744737558,51,45,564,156698.0,0.0198107436187797,11.219032789186842,2.502994800789893,223.80733333333333,1644.0791314732273,7.404935707957276
51510,2018,93.0,1,1851.0,VA,2018,1749.7271115245487,7.467215118486549,7.524021415206125,51,45,564,159069.0,-0.0009169990264736,11.63645964958603,2.5365862584721337,231.78858333333335,1685.7497202393613,7.4299656816584925
51510,2019,118.0,2,1969.0,VA,2019,1794.2850731612405,7.492361933652218,7.585788821732034,51,45,564,159428.0,0.002256882233496,12.350402689615375,2.5915465484074667,234.2145,1710.7733729621202,7.444700812145895
51510,2020,97.0,1,2066.0,VA,2020,1799.5150417335174,7.495272486324671,7.633853559681768,51,45,564,159139.0,-0.0018127305115789,12.98236133191738,2.637796630404811,235.67549999999997,1705.1235801454586,7.441392868114724
51510,2021,52.0,1,2118.0,VA,2021,1826.7725266228508,7.510306042125526,7.6586995582682995,51,45,564,155105.0,-0.0253489088155637,13.655265787692208,2.684799710313114,249.14216666666667,1637.389687385775,7.400858598758214
51510,2022,194.0,2,2312.0,VA,2022,1991.3532129893763,7.596569693146185,7.746300662231439,51,45,564,155045.0,-0.0003868347248637,14.911799800058047,2.7670609597768223,271.6895,1636.7798158662806,7.400486063661334
51540,2017,54.0,1,768.0,VA,2017,1182.7350595841904,7.075584882500965,6.645090969505644,51,45,565,47463.0,0.0110772639158127,16.181025219644777,2.843805589958665,227.24108333333336,1162.2925013949532,7.058149628105968
51540,2019,35.0,1,803.0,VA,2019,1288.5555756982103,7.161277161252448,6.6895992691789665,51,45,565,47266.0,-0.0050519934324085,16.98895612067871,2.8897580207468616,234.2145,1228.5821252486542,7.113616039746125
51540,2022,92.0,2,895.0,VA,2022,1564.749437628907,7.355480986404783,6.79794041297493,51,45,565,45272.0,-0.0103615616665938,19.769393885845556,3.0334804552689314,271.6895,1286.1356185798727,7.159397356919932
51550,2016,40.0,1,3743.0,VA,2016,1232.0820999666723,7.116460781456484,8.227909837597483,51,45,566,237464.0,0.010008038756162,15.762389246369974,2.8191376413597187,223.80733333333333,1229.363038554288,7.114251459399427
51550,2017,318.0,3,4061.0,VA,2017,1255.157059778109,7.135015990969175,8.30943074214033,51,45,566,240143.0,0.0112817100697368,16.910757340418,2.8854015010757497,227.24108333333336,1233.4627496084534,7.117580736574179
51550,2019,50.0,1,4111.0,VA,2019,1314.057042165876,7.180874609187463,8.321664807135,51,45,566,244835.0,0.0102162494481328,16.790899993873428,2.8786870902729604,234.2145,1252.8966728403057,7.13321348768114
51550,2022,33.0,1,4144.0,VA,2022,1651.032862412456,7.409156348272281,8.329658067569396,51,45,566,252459.0,0.0027645047127655,16.414546520425098,2.857305863882322,271.6895,1357.0557181424826,7.213072718787431
51630,2017,128.0,1,1852.0,VA,2017,1209.7384096623382,7.098159424856578,7.52456122628536,51,45,567,28498.0,0.0048660084626233,64.98701663274616,4.1894580049893,227.24108333333336,1188.8291217936148,7.080724170461581
51630,2019,120.0,1,1972.0,VA,2019,1297.9043531957489,7.168506206718252,7.587310506022615,51,45,567,29036.0,-0.0046278838572555,67.91569086651054,4.232883886003801,234.2145,1237.4957810839326,7.120845085211929
51650,2015,120.0,1,1627.0,VA,2015,941.5339695010152,6.847510427638595,7.395107546562485,51,45,568,136264.0,-0.0102847181871005,11.940057535372512,2.5603277353822294,223.31341666666663,941.5339695010152,6.847510427638595
51650,2016,27.0,1,1654.0,VA,2016,953.6076833621772,6.8602523534956745,7.411556287811163,51,45,568,135374.0,-0.0065314389714083,12.218003457089248,2.5815797985922764,223.80733333333333,951.5031824896678,6.8580430314386165
51650,2017,19.0,1,1673.0,VA,2017,967.0825749171224,6.874283884689766,7.422971251049421,51,45,568,134725.0,-0.0047941259030537,12.417888290963074,2.596588763794003,227.24108333333336,950.3673844344028,6.8568486302947695
51650,2018,48.0,1,1721.0,VA,2018,990.1322410025948,6.897838510978351,7.451241684987676,51,45,568,134330.0,-0.0029318983113749,12.811732301049654,2.6255183977188405,231.78858333333335,953.928836832039,6.860589074150295
51650,2020,160.0,1,1881.0,VA,2020,1073.4997121165009,6.9786793491460015,7.540090320145325,51,45,568,137280.0,0.0205932644413053,13.701923076923077,2.6879783067876897,235.67549999999997,1017.190537427178,6.924799730936054
51680,2015,26.0,1,1269.0,VA,2015,756.3702900396164,6.628531057905568,7.146772179452637,51,45,569,79134.0,0.0127077974430835,16.036090681628632,2.835334074988138,223.31341666666663,756.3702900396164,6.628531057905568
51680,2016,28.0,1,1297.0,VA,2016,786.1818596204289,6.667188139229358,7.168579897264035,51,45,569,79710.0,0.0072787929335051,16.271484129971146,2.8490568253493254,223.80733333333333,784.4468480025602,6.664978817172301
51680,2018,28.0,1,1325.0,VA,2018,823.7615410617794,6.713881096112234,7.189922170745808,51,45,569,81309.0,0.0097611862449238,16.295859006997997,2.8504671090943154,231.78858333333335,793.6413502668396,6.676631659284179
51680,2019,84.0,1,1409.0,VA,2019,856.9518489689286,6.753381731452134,7.251344983372214,51,45,569,82168.0,0.0105646361411406,17.147794761951126,2.8985490526101034,234.2145,817.0666005395427,6.705720609945811
51700,2015,405.0,4,4190.0,VA,2015,898.623872594868,6.800864562714146,8.340694647925071,51,45,570,180958.0,-0.0031070614030255,23.15454414836592,3.1844725258914646,223.31341666666663,898.623872594868,6.800864562714146
51700,2016,48.0,1,4238.0,VA,2016,908.8493119609566,6.812179307015257,8.352082671352637,51,45,570,180209.0,-0.0041390819969274,23.51713843370753,3.1993724009015074,223.80733333333333,906.8435875908908,6.809969984958199
51700,2017,88.0,2,4326.0,VA,2017,924.1060369326171,6.828826823642505,8.372629740224884,51,45,570,179447.0,-0.0042284236636349,24.10739661292749,3.2231624885004173,227.24108333333336,908.1336589431951,6.811391569247508
51700,2018,1008.0,8,5334.0,VA,2018,945.054746025477,6.851242858117824,8.582044163735853,51,45,570,178523.0,-0.0051491526746059,29.878503050027167,3.4300602476223347,231.78858333333335,910.4995648922807,6.8139934212897675
51700,2019,167.0,2,5501.0,VA,2019,977.9020376768988,6.88540949904333,8.61286694148452,51,45,570,179225.0,0.003932266430656,30.69326265866927,3.456104123867756,234.2145,932.3873850633655,6.837748377537007
51700,2022,596.0,4,6097.0,VA,2022,1323.4078332839556,7.187965380620405,8.7157161275482,51,45,570,183980.0,-0.0038496732380028,33.13947168170453,3.5304542421939633,271.6895,1087.766457275936,6.991881751135555
51710,2015,505.0,3,2849.0,VA,2015,969.555552311717,6.876837773001639,7.955074273262696,51,45,571,246457.0,-0.0004826098241516,11.559825851974178,2.5305032956552487,223.31341666666663,969.555552311717,6.876837773001639
51710,2016,47.0,1,2896.0,VA,2016,981.6281565618092,6.889212577339235,7.9714309977693505,51,45,571,245680.0,-0.003152679777811,11.787691305763595,2.548483091538359,223.80733333333333,979.4618177748978,6.887003255282177
51710,2017,280.0,3,3176.0,VA,2017,1010.9563670312754,6.918652059860914,8.063692634269517,51,45,571,244543.0,-0.0046279713448388,12.98749095251142,2.6381634268111265,227.24108333333336,993.4828557893898,6.901216805465918
51710,2018,306.0,4,3482.0,VA,2018,1045.867802192981,6.9526022525009905,8.155649270366002,51,45,571,243585.0,-0.0039175114397058,14.294804688301825,2.727513207877779,231.78858333333335,1007.626471203271,6.915352815672935
51710,2019,190.0,2,3672.0,VA,2019,1090.6323897492932,6.994512981069195,8.208764045819667,51,45,571,242742.0,-0.0034608042367141,15.127172059223373,2.7805055549576103,234.2145,1039.8709101368459,6.946851859562872
51710,2020,246.0,1,3918.0,VA,2020,1147.4980142983077,7.045339211474212,8.273591798199632,51,45,571,237789.0,-0.0204043799589688,16.476792450449768,2.860873855131502,235.67549999999997,1087.3073450196164,6.991459593264264
51710,2021,222.0,1,4140.0,VA,2021,1261.0189866258468,7.139675392652397,8.328692583545568,51,45,571,234862.0,-0.0123092321343711,17.627372669908286,2.924632147824921,249.14216666666667,1130.2882292170082,7.030227949285085
51710,2022,238.0,3,4378.0,VA,2022,1396.8582889600036,7.2419809145697505,8.384575666801398,51,45,571,232558.0,-0.0098100160945576,18.825411295246777,2.9869645135981076,271.6895,1148.138581383573,7.045897285084901
51710,2023,116.0,1,4494.0,VA,2023,1472.1409702769954,7.2944730625545935,8.410720946905721,51,45,571,230930.0,-0.0070004042002425,19.460442558351016,3.0184933907074845,278.4124166666667,1180.798018362582,7.07394577562883
51730,2017,146.0,2,1172.0,VA,2017,735.2405596222186,6.600197737667512,7.067319848653476,51,45,572,31137.0,-0.0077437858508604,37.64010662555801,3.654290768801121,227.24108333333336,722.5325589576838,6.582762483272514
51730,2020,100.0,1,1272.0,VA,2020,844.154146343633,6.738335115767602,7.149131598557407,51,45,572,33396.0,0.0653990939832833,38.088393819619114,3.6658255896697853,235.67549999999997,799.8750256744127,6.684455497557655
51730,2021,226.0,1,1498.0,VA,2021,969.4065965032354,6.876684128116033,7.312553498102598,51,45,572,33411.0,0.0004491555874954,44.835533207626234,3.8250596245439845,249.14216666666667,868.9075081135422,6.767236684748721
51730,2022,50.0,1,1548.0,VA,2022,1076.7831786928184,6.981733337197883,7.3453648404168685,51,45,572,33462.0,0.0015264433869084,46.261430876815496,3.855694547999871,271.6895,885.0549271984639,6.785649707713032
51740,2015,119.0,3,2796.0,VA,2015,904.9810715455502,6.807914028061914,7.936302693201959,51,45,573,96336.0,0.0052906740130858,29.023418036870954,3.401977678380505,223.31341666666663,904.9810715455502,6.807914028061914
51740,2017,146.0,1,2942.0,VA,2017,941.5773172955496,6.847556466122721,7.987184748233473,51,45,573,94838.0,-0.003436137235328,31.02132056770493,3.4664019486826936,227.24108333333336,925.302963252771,6.830121211727724
51740,2018,150.0,1,3092.0,VA,2018,961.8191732457768,6.868826463398222,8.03689677268507,51,45,573,94750.0,-0.0009278980999177,32.633245382585756,3.515515023700495,231.78858333333335,926.651014058528,6.831577026570167
51740,2021,122.0,2,3214.0,VA,2021,1144.7723328357206,7.042961060266515,8.07558263667172,51,45,573,97652.0,-0.0030932571078556,32.912792364723714,3.5237922990971318,249.14216666666667,1026.0929507490646,6.933513616899204
51760,2015,327.0,3,7096.0,VA,2015,891.3673565890214,6.792756639457148,8.867427438524983,51,45,574,220856.0,0.0175632590626786,32.129532364979895,3.500425101059148,223.31341666666663,891.3673565890214,6.792756639457148
51760,2016,126.0,3,7222.0,VA,2016,924.1269188091052,6.8288494202274475,8.885025658050846,51,45,574,225369.0,0.0204341290252472,32.04522361105565,3.497877035764573,223.80733333333333,922.0874785436007,6.826640098170389
51760,2017,150.0,1,7372.0,VA,2017,968.0029270094884,6.875235111042138,8.90557995798965,51,45,574,227230.0,0.0082575686984456,32.44289926506183,3.509839484968451,227.24108333333336,951.2718290324823,6.857799856647142
51760,2018,42.0,1,7414.0,VA,2018,1019.6802658054164,6.927244392241276,8.911260254572033,51,45,574,229221.0,0.0087620472648857,32.34433145305186,3.5068877864921206,231.78858333333335,982.3964614215569,6.88999495541322
51760,2019,475.0,5,7889.0,VA,2019,1070.6749070889373,6.976044482902801,8.97335141383992,51,45,574,230436.0,0.0053005614668812,34.2351021541773,3.562042805999341,234.2145,1020.8423118179977,6.928383361396478
51760,2020,734.0,9,8623.0,VA,2020,1117.6752806594166,7.019006164889878,9.06230429314878,51,45,574,226936.0,-0.0151885990036279,37.99749709169105,3.663497466934079,235.67549999999997,1059.0489280724128,6.96512654667993
51760,2021,75.0,2,8698.0,VA,2021,1200.920793025937,7.090843869052455,9.07096335550754,51,45,574,227140.0,0.0008989318574399,38.29356344104958,3.6710607253358214,249.14216666666667,1076.4204591488183,6.981396425685143
51760,2022,688.0,5,9386.0,VA,2022,1342.2476686492355,7.2021008524036,9.147081032336992,51,45,574,228367.0,0.0054019547415691,41.10050926797654,3.7400598372416933,271.6895,1103.2517373653695,7.006017222918749
51770,2016,144.0,1,1191.0,VA,2016,696.249799101258,6.545708502697478,7.083387847625295,51,45,575,99337.0,-0.0033310256950506,11.989490320827084,2.5641405936407735,223.80733333333333,694.7132570460104,6.543499180640421
51800,2015,164.0,2,694.0,VA,2015,1064.3707226971712,6.970139032803754,6.543911845564792,51,45,576,88079.0,0.0137773071522293,7.8792901826769155,2.1837216194259255,223.31341666666663,1064.3707226971712,6.970139032803754
51800,2018,215.0,3,909.0,VA,2018,1131.14062352437,7.030981803952408,6.813444599510896,51,45,576,90975.0,0.0096217871887069,9.991755976916735,2.397145535171408,231.78858333333335,1089.7813591035683,6.993732367124353
51800,2019,187.0,2,1096.0,VA,2019,1176.8967709382057,7.070636398178778,7.00033446027523,51,45,576,92108.0,0.0124539708711184,11.899074998914319,2.5571556032861453,234.2145,1122.120274287792,7.022975276672455
51800,2020,51.0,1,1147.0,VA,2020,1227.7631047629131,7.112949178666431,7.045776576879511,51,45,576,94750.0,0.0286837191123463,12.105540897097626,2.5730351100249242,235.67549999999997,1163.3622238284452,7.059069560456485
51810,2016,176.0,2,2912.0,VA,2016,1172.197075262519,7.066635108955202,7.976938756959434,51,45,577,450983.0,0.001507870238772,6.457006139921017,2.0091540119381484,223.80733333333333,1169.6101731111592,7.064425786898145
51810,2017,97.0,2,3009.0,VA,2017,1203.5350106281328,7.093018347475641,8.009695357742922,51,45,577,449896.0,-0.0024102904100598,6.688212386862741,2.0396882970489902,227.24108333333336,1182.732943175935,7.0755830930806445
51810,2018,76.0,1,3085.0,VA,2018,1232.021671494607,7.116411734437624,8.034631032923107,51,45,577,449849.0,-0.0001044685882959,6.857856747486379,2.061513890820743,231.78858333333335,1186.973771150671,7.079162297609567
51810,2019,264.0,2,3349.0,VA,2019,1271.7951935416934,7.148184719569753,8.116715624819111,51,45,577,449974.0,0.0002778710189419,7.442652242129545,2.1332965059405273,234.2145,1212.6018242680966,7.10052359806343
51810,2020,192.0,2,3541.0,VA,2020,1323.1935411965344,7.187803443057796,8.17244681834278,51,45,577,459684.0,0.0215790245658638,7.703117793962809,2.16368132858454,235.67549999999997,1253.7869680805338,7.13392382484785
51810,2022,208.0,1,3749.0,VA,2022,1648.8701606925963,7.407845581250121,8.229511118964457,51,45,577,455069.0,-0.0076324391749115,8.238311113259748,2.223359088997058,271.6895,1355.278099536343,7.21176195176527
53005,2016,82.0,2,2094.0,WA,2016,1007.2097753565604,6.914939188160164,7.647308832356238,53,46,578,193494.0,0.0172223448884962,10.822040993519177,2.4699656699582686,223.80733333333333,1004.9869809223078,6.912729866103107
53005,2018,88.0,2,2182.0,WA,2018,1106.075922666659,7.008573825898625,7.688455356549944,53,46,578,201286.0,0.0155701311806255,10.840296890990928,2.471508704394093,231.78858333333335,1065.633129256484,6.97132438907057
53005,2019,725.0,2,2907.0,WA,2019,1154.2765221180932,7.051229038916566,7.97522083865341,53,46,578,204390.0,0.0154208439732519,14.222809335094672,2.722794917206897,234.2145,1100.5528433649863,7.003567917410243
53007,2022,105.0,2,432.0,WA,2022,1686.0768617230476,7.430159725733276,6.07073772800249,53,46,579,80038.0,0.0032590438466744,5.397436217796547,1.8558973191383399,271.6895,1385.8599053477758,7.234076096248425
53011,2015,155.0,2,3934.0,WA,2015,1093.0593856384642,6.996735819398159,8.277666160851503,53,46,580,456939.0,0.0194934426887876,8.609464282978692,2.26274847564049,223.31341666666663,1093.0593856384642,6.996735819398159
53011,2016,550.0,5,4484.0,WA,2016,1180.2881440447406,7.073513877518642,8.408493774492896,53,46,580,465272.0,0.0182365698703765,9.637373407383208,2.3643735932301566,223.80733333333333,1177.6833858487946,7.071304555461584
53011,2017,221.0,3,4705.0,WA,2017,1255.739629755783,7.135480024388436,8.456593569287309,53,46,580,474381.0,0.0195777953541154,9.918188123048772,2.390430033752317,227.24108333333336,1234.0352503651538,7.11804476999344
53011,2018,60.0,2,4765.0,WA,2018,1301.0013232388824,7.170889495605672,8.469262657658687,53,46,580,481427.0,0.0148530400669504,9.897658419656564,2.388547942272423,231.78858333333335,1253.4312363543752,7.133640058777615
53011,2019,450.0,5,5215.0,WA,2019,1355.5435753965407,7.211957815523851,8.559486103606488,53,46,580,488241.0,0.0141537553980146,10.681200472717368,2.457980752316963,234.2145,1292.4522916486842,7.164296694017528
53011,2020,69.0,1,5284.0,WA,2020,1401.20706827983,7.245089335758103,8.572627898304338,53,46,580,505338.0,0.0350175425660688,10.456367817183747,2.438545716649778,235.67549999999997,1327.7083866377802,7.191209717548157
53011,2021,141.0,2,5425.0,WA,2021,1563.5949451498943,7.354742901085418,8.598957493218878,53,46,580,512583.0,0.0143369388409342,10.583651818339664,2.449594778073168,249.14216666666667,1401.4959175951833,7.245295457718106
53011,2022,249.0,5,5674.0,WA,2022,1727.1475070477663,7.454226486802536,8.643825842349603,53,46,580,516737.0,0.0081040533923286,10.980440727101021,2.4832753805833265,271.6895,1419.6176550295552,7.2581428573176865
53011,2023,229.0,2,5903.0,WA,2023,1771.4621647839667,7.479560566348949,8.683385366280309,53,46,580,521150.0,0.0085401277632528,11.326873261057278,2.5117816971063944,278.4124166666667,1420.8822769110352,7.2590332794231855
53021,2023,59.0,1,1112.0,WA,2023,1691.735713097199,7.433510330032903,7.014814351275545,53,46,581,99034.0,0.0045850155200746,11.228466991134358,2.503766593611293,278.4124166666667,1356.9340287041382,7.21298304310714
53025,2019,50.0,1,1126.0,WA,2019,1052.0447077342913,6.958490890240932,7.027314514039777,53,46,582,97733.0,0.0109752565375702,11.521185270072545,2.527422031324608,234.2145,1003.0792208434119,6.910829768734609
53025,2021,47.0,1,1173.0,WA,2021,1236.1408509553028,7.119749588608599,7.068172000388042,53,46,582,100427.0,0.0099154272382617,11.68012586256684,2.5400358750297567,249.14216666666667,1107.9892280032993,7.010302145241287
53025,2023,59.0,1,1232.0,WA,2023,1492.18383833158,7.3079959892131665,7.117205503164344,53,46,582,102678.0,0.0108092144122857,11.998675470889578,2.564847465416071,278.4124166666667,1196.8743176837695,7.087468702287403
53029,2015,25.0,1,331.0,WA,2015,998.2918303075936,6.906045648704359,5.805134968916488,53,46,583,80022.0,0.0169271826153258,4.136362500312414,1.636345144175886,223.31341666666663,998.2918303075936,6.906045648704359
53029,2019,293.0,1,624.0,WA,2019,1393.6296758125316,7.239666900226089,6.437751649736401,53,46,583,85141.0,0.0108516271504386,7.329018921553658,2.119745672718381,234.2145,1328.7657445365483,7.192005778719766
53033,2015,929.0,12,30877.0,WA,2015,1504.8807199143596,7.316468918171206,10.337799235201873,53,46,584,2126178.0,0.0196396072366291,14.522302460095062,2.742277858139217,223.31341666666663,1504.8807199143596,7.316468918171206
53033,2016,1691.0,15,32568.0,WA,2016,1615.230867484418,7.387233177442829,10.391116194697917,53,46,584,2166350.0,0.0188939966456243,15.033581831190713,2.7746853871503636,223.80733333333333,1611.6662414550426,7.3850238553857706
53033,2017,1978.0,15,34546.0,WA,2017,1716.8171794429045,7.4482273784916195,10.45007599474564,53,46,584,2203836.0,0.0173037597802756,15.675395083844714,2.813934284705099,227.24108333333336,1687.1434711963745,7.430792124096623
53033,2018,2928.0,19,37474.0,WA,2018,1764.133033017885,7.475414649266146,10.531429322970798,53,46,584,2228364.0,0.0111296847859823,16.816821668273228,2.880143048574637,231.78858333333335,1699.6289005796732,7.43816521243809
53033,2019,2585.0,17,40059.0,WA,2019,1827.775504357321,7.510854935039862,10.59813360921981,53,46,584,2252782.0,0.0109578147914792,17.782013528162068,2.932899684654874,234.2145,1742.705053605448,7.463193813533539
53033,2020,1967.0,16,42026.0,WA,2020,1834.569180000188,7.514564953632248,10.646067547864224,53,46,584,2274282.0,0.0095437552324193,18.478799023164235,2.9693266445255557,235.67549999999997,1738.338994495427,7.4606853354223
53033,2021,1843.0,13,43869.0,WA,2021,1885.4395420457663,7.541916251504279,10.68898599416026,53,46,584,2252980.0,-0.0093664725834351,19.471544354588143,3.0190358416045284,249.14216666666667,1689.9746505616617,7.432468808136967
53033,2022,1793.0,14,45662.0,WA,2022,2091.2961573731395,7.645539323724232,10.729043620947776,53,46,584,2265311.0,0.0054731955010696,20.157055697871066,3.051973452595487,271.6895,1718.9272686830616,7.449455694239381
53033,2023,2896.0,18,48558.0,WA,2023,2121.4104580765284,7.659836456858657,10.790534832440615,53,46,584,2271380.0,0.0026791023395904,21.378192992806138,3.1080869575688315,278.4124166666667,1701.5743163231807,7.439309169932892
53035,2016,122.0,1,2221.0,WA,2016,1142.3873433559336,7.040875512528792,7.706162970199576,53,46,585,263142.0,0.0150830144426614,8.4403097947116,2.244988796855334,223.80733333333333,1139.866227804138,7.038666190471734
53035,2018,142.0,1,2363.0,WA,2018,1326.3870370682232,7.190214011314746,7.768110378525988,53,46,585,269276.0,0.0112171362692412,8.77538287853355,2.2798672742637804,231.78858333333335,1277.8887415870634,7.152964574486689
53035,2022,72.0,1,2435.0,WA,2022,1816.486455200453,7.504659395096409,7.798112628829788,53,46,585,277813.0,0.0044253386794124,8.764888612123983,2.2787931574150413,271.6895,1493.049222143421,7.308575765611558
53035,2023,29.0,1,2464.0,WA,2023,1804.0546996181083,7.497792021458957,7.80994708647679,53,46,585,277658.0,-0.0005579292545705,8.874226566495473,2.2899279853396224,278.4124166666667,1447.02461064306,7.277264734533193
53053,2015,277.0,3,5303.0,WA,2015,1012.3165867267044,6.919996633659351,8.576216531865699,53,46,586,843778.0,0.0133085784007609,6.2848284738402755,1.9857938942553963,223.31341666666663,1012.3165867267044,6.919996633659351
53053,2016,661.0,3,5964.0,WA,2016,1086.021914469087,6.990276679359427,8.693664334532016,53,46,586,862895.0,0.0226564333272496,6.9116172883143365,2.0683322221083227,223.80733333333333,1083.6251908410786,6.988067357302369
53053,2017,616.0,5,6580.0,WA,2017,1183.4281735122322,7.0761707372198375,8.791941988456118,53,46,586,879654.0,0.0194218300024915,7.480213811339459,2.1377356630873057,227.24108333333336,1162.9736354449228,7.058735482824841
53053,2018,817.0,4,7397.0,WA,2018,1272.6243440012297,7.1488364599582,8.908964972392399,53,46,586,893756.0,0.0160313032169465,8.276308075134601,2.2274636309088964,231.78858333333335,1226.0918389728997,7.111587023130144
53053,2019,215.0,1,7612.0,WA,2019,1350.4570227905235,7.208198349542684,8.937612591306213,53,46,586,904980.0,0.0125582373712735,8.411235607416739,2.241904252885421,234.2145,1287.6024832828296,7.160537228036361
53053,2020,408.0,1,8020.0,WA,2020,1428.9133713979652,7.264669554257416,8.989818381366925,53,46,586,923589.0,0.0205628853676325,8.683516152747597,2.2704250742534064,235.67549999999997,1353.9613879574467,7.210789936047468
53053,2021,236.0,4,8256.0,WA,2021,1595.6577481651404,7.375041311507907,9.01881660441743,53,46,586,927402.0,0.0041284597369608,8.902288328038974,2.29276587467719,249.14216666666667,1430.2347464535856,7.265593868140595
53053,2023,57.0,1,8313.0,WA,2023,1770.747809391824,7.479157227525427,9.025696119812583,53,46,586,928696.0,0.0023929306546612,8.951260692411726,2.2976992458993326,278.4124166666667,1420.3092954856966,7.258629940599663
53057,2023,120.0,2,2296.0,WA,2023,2001.598179254772,7.601701230067335,7.739359202689098,53,46,587,131417.0,0.0007234126802819,17.471103434106702,2.9162075343923806,278.4124166666667,1605.4733964624859,7.381173943141571
53061,2015,862.0,6,7895.0,WA,2015,1234.682238225207,7.118568918971891,8.974111581113318,53,46,588,769698.0,0.0164531937736962,10.257269734363348,2.421014118564084,223.31341666666663,1234.682238225207,7.118568918971891
53061,2016,888.0,5,8783.0,WA,2016,1330.693454122572,7.193455479414258,9.080687163749312,53,46,588,787110.0,0.0226218594825502,11.158542008105602,2.498031968700153,223.80733333333333,1327.7567689593716,7.191246157357201
53061,2017,1455.0,11,10238.0,WA,2017,1427.1817951889216,7.263457006131248,9.233959237574817,53,46,588,802089.0,0.019030376948584,12.764169562230625,2.622068807114702,227.24108333333336,1402.5141854327464,7.246021751736252
53061,2018,1458.0,8,11696.0,WA,2018,1500.8098773922347,7.3137601596483695,9.367087677650707,53,46,588,813059.0,0.0136767864912745,14.38517991929245,2.733404703167273,231.78858333333335,1445.933948375546,7.276510722820314
53061,2019,188.0,3,11884.0,WA,2019,1568.744207526531,7.358030710459911,9.383032379794294,53,46,588,822083.0,0.0110988255464854,14.455961259386218,2.73799477095733,234.2145,1495.7298922944221,7.310369588953588
53061,2020,769.0,3,12653.0,WA,2020,1620.7658872677132,7.390654086424284,9.44572864970683,53,46,588,829933.0,0.0095489141607356,15.245808999039681,2.7878349677604186,235.67549999999997,1535.750503987621,7.336774468214337
53061,2021,1089.0,5,13742.0,WA,2021,1747.165850122033,7.4657502398708075,9.528284882554852,53,46,588,836097.0,0.0074271055615333,16.43589200774551,2.8585308407199794,249.14216666666667,1566.0358930573334,7.3563027965034955
53061,2022,585.0,3,14327.0,WA,2022,1934.3358643373276,7.567519323984849,9.569970943740548,53,46,588,840452.0,0.0052087257818171,17.046779590030127,2.8929672527960375,271.6895,1589.9147771483194,7.371435694499998
53061,2023,407.0,3,14734.0,WA,2023,2004.264608064195,7.603032493440441,9.597980895171796,53,46,588,844761.0,0.0051270030888141,17.441619582343407,2.9146100441167198,278.4124166666667,1607.6121276830966,7.3825052065146775
53063,2015,157.0,1,4578.0,WA,2015,751.1804954165838,6.621645962989055,8.429235912657095,53,46,589,488610.0,0.0119145005664202,9.36943574630073,2.3388626086396087,223.31341666666663,751.1804954165838,6.621645962989055
53063,2016,679.0,8,5257.0,WA,2016,801.849676131328,6.68692115405292,8.567506005289827,53,46,589,496889.0,0.0169439839544831,10.579827687873951,2.4492645918850844,223.80733333333333,800.0800874708317,6.684711831995862
53063,2017,289.0,2,5546.0,WA,2017,865.16254416749,6.762917401610927,8.621012520055235,53,46,589,505623.0,0.0175773663735763,10.96864660033266,2.482290447206905,227.24108333333336,850.2089537509598,6.74548214721593
53063,2018,873.0,7,6419.0,WA,2018,940.5085284981286,6.846420716746891,8.767173396684006,53,46,589,513603.0,0.0157825098937349,12.497979957282181,2.602540041454368,231.78858333333335,906.1195762218202,6.809171279918835
53063,2019,595.0,4,7014.0,WA,2019,1004.1346533625056,6.911881408153734,8.855805992536562,53,46,589,522798.0,0.0179029328099717,13.416271676632276,2.6683575461817677,234.2145,957.3990518767201,6.864220286647411
53063,2020,266.0,4,7280.0,WA,2020,1071.385246824629,6.976707713354506,8.893023494394711,53,46,589,541175.0,0.035151243883871,13.452210467963228,2.670847376420648,235.67549999999997,1015.186983944737,6.922828095144559
53063,2021,177.0,2,7457.0,WA,2021,1274.5405586300387,7.150341046479725,8.917042560738766,53,46,589,545510.0,0.0080103478542061,13.669776906014555,2.6857893845419514,249.14216666666667,1142.4080099966318,7.040893603112413
53063,2022,188.0,3,7645.0,WA,2022,1402.136857092121,7.245752678445363,8.941937914256359,53,46,589,549740.0,0.0077542116551483,13.906574016807946,2.7018023248290035,271.6895,1152.4772661126146,7.049669048960514
53063,2023,48.0,1,7693.0,WA,2023,1420.0975217616403,7.2584808255340585,8.94819608331224,53,46,589,551455.0,0.0031196565649216,13.950367663725961,2.704735892425664,278.4124166666667,1139.0541893975317,7.037953538608295
53067,2015,399.0,2,2026.0,WA,2015,1048.765092696533,6.955368648806859,7.614312146452,53,46,590,267978.0,0.0115851103586515,7.560322115994596,2.1471378198188464,223.31341666666663,1048.765092696533,6.955368648806859
53067,2016,106.0,1,2132.0,WA,2016,1105.484785294105,7.008039237465666,7.665284718471351,53,46,590,273714.0,0.0214047421803282,7.789152180743404,2.17351825434254,223.80733333333333,1103.0451093814752,7.005829915408608
53067,2017,92.0,2,2224.0,WA,2017,1195.6122556524097,7.086413680986561,7.707512194600341,53,46,590,280269.0,0.0239483548521448,7.935233650528599,2.1900022983006657,227.24108333333336,1174.9471262053025,7.068978426591564
53067,2018,403.0,2,2627.0,WA,2018,1275.708510958714,7.151256998120887,7.873978379604501,53,46,590,286056.0,0.0206480202947882,9.183516514248959,2.3207703850936605,231.78858333333335,1229.0632357990141,7.114007561292831
53067,2020,239.0,1,2866.0,WA,2020,1448.9845790788231,7.278618299806372,7.96102146588337,53,46,590,295998.0,0.0187997356609852,9.682497854715235,2.3686066877136716,235.67549999999997,1372.9797838613001,7.224738681596425
53067,2022,64.0,1,2930.0,WA,2022,1783.2767394726125,7.48620781584321,7.983098940710892,53,46,590,298639.0,0.0014856000751184,9.811176704984948,2.380580479102129,271.6895,1465.7527123934572,7.29012418635836
53071,2022,123.0,2,689.0,WA,2022,1378.0231930889815,7.228405282410906,6.536691597591305,53,46,591,61853.0,-0.0057546093134654,11.139314180395452,2.496449291481671,271.6895,1132.6571968906053,7.032321652926056
53073,2015,281.0,3,2066.0,WA,2015,971.8361153794988,6.8791871846682735,7.633853559681768,53,46,592,211836.0,0.0176888265418873,9.752827659132537,2.3751687580440675,223.31341666666663,971.8361153794988,6.8791871846682735
53073,2016,151.0,2,2217.0,WA,2016,1039.126454049156,6.946135691151759,7.704361167910313,53,46,592,216417.0,0.0216252195094317,10.24411206143695,2.4198446193266165,223.80733333333333,1036.8332232296602,6.943926369094701
53073,2017,258.0,3,2475.0,WA,2017,1124.5939824543905,7.025177345011837,7.814399633804487,53,46,592,221410.0,0.0230712005064297,11.17835689444921,2.4996603512481044,227.24108333333336,1105.156342773977,7.007742090616841
53073,2018,130.0,2,2605.0,WA,2018,1217.4016118542656,7.104474040072637,7.8655717576847906,53,46,592,225197.0,0.0171040151754662,11.567649657855123,2.5311260248371528,231.78858333333335,1172.888282455743,7.067224603244581
53073,2021,69.0,1,2674.0,WA,2021,1518.6167452793482,7.32555516350574,7.891704659330107,53,46,592,226701.0,-0.0032886493235846,11.795272186712895,2.5490757422821573,249.14216666666667,1361.1806404865663,7.216107720138428
53073,2022,77.0,1,2751.0,WA,2022,1686.2466211975764,7.4302604037824205,7.920083199053234,53,46,592,230598.0,0.0171900432728571,11.92985195014701,2.5595387426135736,271.6895,1385.9994380432556,7.23417677429757
53073,2023,102.0,2,2853.0,WA,2023,1785.3863324737383,7.487390103553945,7.956476798036782,53,46,592,231919.0,0.0057285839426186,12.30170878625727,2.5878925071445575,278.4124166666667,1432.05079266285,7.266862816628182
53077,2022,185.0,1,2835.0,WA,2022,1094.4370073342034,6.997995361477672,7.950149887652018,53,46,593,257019.0,0.0011685928972924,11.03031293406324,2.487429542454847,271.6895,899.5653767784277,6.801911731992822
53077,2023,41.0,1,2876.0,WA,2023,1150.432110818827,7.047892899319603,7.964503363551548,53,46,593,256643.0,-0.001462926865329,11.206228106747504,2.501946322031208,278.4124166666667,922.756708863251,6.827365612393839
54003,2015,257.0,1,1391.0,WV,2015,964.7224531912497,6.87184044669704,7.238496840894365,54,47,594,111678.0,0.0134947500249567,12.455452282454914,2.599384398066158,223.31341666666663,964.7224531912497,6.87184044669704
54003,2021,112.0,1,1503.0,WV,2021,1275.8604209724,7.151376069968772,7.315883504509785,54,47,594,126180.0,0.0283702393662539,11.911554921540656,2.558122640792581,249.14216666666667,1143.5910412480087,7.04192862660146
54011,2019,39.0,1,485.0,WV,2019,725.3983722036687,6.586720982848033,6.186208623900494,54,47,595,91945.0,-0.0117160208523673,5.274892598836261,1.8365563691480669,234.2145,691.6360385084595,6.53905986134171
54011,2020,47.0,1,532.0,WV,2020,750.1075321322646,6.620216572429327,6.278521424165844,54,47,595,94240.0,0.024960574256349,5.64516129032258,1.8938889643044348,235.67549999999997,710.7615168647461,6.56633695421938
54039,2019,36.0,2,1656.0,WV,2019,745.9897931717186,6.6147119180347165,7.4127640174265625,54,47,596,178124.0,-0.0126711379635274,9.296894298353957,2.331842325336304,234.2145,711.269069641873,6.5670507965283935
54039,2020,20.0,1,1676.0,WV,2020,768.2845937648102,6.6441602293034245,7.424761761823209,54,47,596,180233.0,0.0118400664705486,9.2990739764638,2.332053985996186,235.67549999999997,727.9851219408968,6.590280611093477
54039,2021,100.0,3,1776.0,WV,2021,795.2475101702275,6.678653399747556,7.482681828154651,54,47,596,178073.0,-0.0119844867477099,9.973437859754146,2.395477612589391,249.14216666666667,712.8036211926118,6.569205956380244
54039,2022,40.0,1,1816.0,WV,2022,837.3857338336744,6.730284817177295,7.504942068396171,54,47,596,175864.0,-0.0124050249055163,10.3261611245053,2.4271151936636444,271.6895,688.2837551334214,6.534201187692445
54039,2023,48.0,1,1864.0,WV,2023,883.0340514945988,6.783363763274452,7.5310163320779155,54,47,596,174805.0,-0.0060216985852704,10.663310546037012,2.456448063954535,278.4124166666667,708.2778614301556,6.562836476348688
54061,2018,36.0,1,356.0,WV,2018,984.6436494879946,6.892279798545392,5.877735781779639,54,47,597,105651.0,-0.0012383959463803,3.3695847649336024,1.4746679851268685,231.78858333333335,948.6409313356306,6.855030361717336
54069,2023,104.0,1,671.0,WV,2023,821.0664837713299,6.710604085188823,6.51025834052315,54,47,598,41194.0,-0.0064877119359428,16.288779919405737,2.8500577315260727,278.4124166666667,658.5739386077256,6.490076798263059
55025,2015,10.0,1,2538.0,WI,2015,1062.4388757817298,6.968322370467715,7.839525581704678,55,48,599,523000.0,0.0130122684889266,4.852772466539197,1.7669154748804896,223.31341666666663,1062.4388757817298,6.968322370467715
55025,2016,28.0,2,2566.0,WI,2016,1086.50339613481,6.990719925448442,7.8504931808711405,55,48,599,531296.0,0.0158623326959848,4.829699451906282,1.7629654470449208,223.80733333333333,1084.1056099329535,6.988510603391385
55025,2017,163.0,8,2729.0,WI,2017,1122.81814248698,7.02359700261064,7.912056888179006,55,48,599,537453.0,0.0115886436186232,5.077653301777086,1.8046186513699907,227.24108333333336,1103.4111966729354,7.006161748215643
55025,2018,165.0,7,2894.0,WI,2018,1150.269484904755,7.047751528604995,7.970740390007095,55,48,599,541948.0,0.0083635220195998,5.339995719146486,1.8468780932354187,231.78858333333335,1108.2107887603934,7.01050209177694
55025,2019,52.0,1,2946.0,WI,2019,1188.5726368354804,7.080508401327737,7.988542982737695,55,48,599,546695.0,0.0087591429436033,5.388745095528585,1.8545378634269738,234.2145,1133.2527084712528,7.032847279821414
55025,2021,81.0,1,3027.0,WI,2021,1278.3861433027732,7.1533537358596915,8.01565761455734,55,48,599,561542.0,-0.0019071656461345,5.390513977583154,1.8548146998312982,249.14216666666667,1145.854920103576,7.043906292492379
55025,2022,594.0,6,3621.0,WI,2022,1374.4624592755963,7.225817994955555,8.19478163844336,55,48,599,567758.0,0.0110695192879606,6.3777172668637,1.9984642773320114,271.6895,1129.7304749020573,7.029734365470706
55025,2023,238.0,4,3859.0,WI,2023,1508.9510019548927,7.319169987700506,8.258422462458876,55,48,599,575347.0,0.013366610422046,6.7072566642391465,2.0421623089841825,278.4124166666667,1210.323188396364,7.098642700774741
55035,2023,36.0,1,170.0,WI,2023,997.7996298656903,6.905552484476468,5.14166355650266,55,48,600,107903.0,0.0104601726818123,1.5754890966886927,0.9460394565409221,278.4124166666667,800.3308442985845,6.685025197550703
55039,2023,62.0,1,454.0,WI,2023,882.107712047983,6.7823141710538275,6.12029741895095,55,48,601,103948.0,0.0013100604939699,4.367568399584408,1.6803749939750083,278.4124166666667,707.5348484952672,6.561786884128064
55059,2016,8.0,1,665.0,WI,2016,1067.5187299481854,6.973092290567766,6.501289670540389,55,48,602,167867.0,-0.0002560895717944,3.961469496684875,1.6017019663506147,223.80733333333333,1065.162840689119,6.9708829685107085
55059,2018,42.0,1,707.0,WI,2018,1158.49180341565,7.054874268677484,6.56244409369372,55,48,602,168926.0,0.0033856827199505,4.185264553709909,1.6458208632747386,231.78858333333335,1116.1324646824082,7.017624831849428
55059,2022,159.0,2,866.0,WI,2022,1443.0850469612662,7.274538494640214,6.7650389767805414,55,48,602,167637.0,-0.0046136306957853,5.165923990527151,1.8190380021948467,271.6895,1186.1343643294915,7.078454865155363
55079,2015,119.0,8,6126.0,WI,2015,950.4990080952372,6.856987118366905,8.720460512725655,55,48,603,958421.0,-5.2168868540647395e-06,6.391763118712967,2.0003662881972537,223.31341666666663,950.4990080952372,6.856987118366905
55079,2016,56.0,5,6182.0,WI,2016,968.2948335391252,6.875536621003876,8.729558869558568,55,48,603,954841.0,-0.003735310474207,6.474376362137781,2.0114806859819456,223.80733333333333,966.1579198401449,6.873327298946818
55079,2017,109.0,4,6291.0,WI,2017,990.5666654953994,6.898277168765605,8.747034264178168,55,48,603,950172.0,-0.0048898193521225,6.62090653060709,2.0308953298937817,227.24108333333336,973.4455727065991,6.880841914370609
55079,2018,212.0,9,6503.0,WI,2018,1018.622456396792,6.926206460542449,8.780172651227646,55,48,603,946969.0,-0.0033709686246279,6.867173054239368,2.062698792593326,231.78858333333335,981.3773299793393,6.888957023714393
55079,2021,36.0,1,6539.0,WI,2021,1144.9731302571688,7.043136448688679,8.785692444451245,55,48,603,924276.0,-0.0152085664056257,7.074726596817401,2.0887390105562567,249.14216666666667,1026.2729313554844,6.933689005321367
55079,2022,195.0,3,6734.0,WI,2022,1232.4125003858776,7.116728909794958,8.815073088844464,55,48,603,918078.0,-0.0067057891798553,7.3348887567287315,2.1204501695904443,271.6895,1012.9734354985375,6.920645280310108
55079,2023,37.0,1,6771.0,WI,2023,1307.5001668572932,7.17587232355459,8.820551743253025,55,48,603,916205.0,-0.0020401316663726,7.390267461976304,2.127072398633254,278.4124166666667,1048.740329360809,6.9553450366288265
55089,2023,32.0,1,435.0,WI,2023,1479.210452590596,7.299263746428827,6.077642243349034,55,48,604,93460.0,0.0047193644445877,4.654397603252728,1.7324335792701893,278.4124166666667,1186.4684200939994,7.078736459503063
55109,2022,50.0,1,651.0,WI,2022,1559.9692670158254,7.352421399418642,6.480044561926653,55,48,605,95967.0,0.0102002147413629,6.7835818562630905,2.0520166250779086,271.6895,1282.2065884485764,7.156337769933791
55139,2016,47.0,5,585.0,WI,2016,593.2347109975351,6.3855901233824905,6.373319789577012,55,48,606,169629.0,0.0022629781501481,3.44870275719364,1.4926125384419382,223.80733333333333,591.9255112200171,6.3833808013254325
55139,2018,16.0,2,601.0,WI,2018,652.2919719999026,6.480492271505563,6.400257445308821,55,48,606,170878.0,0.0028404756036011,3.517129179882723,1.5078766548649791,231.78858333333335,628.4414307069446,6.443242834677506
55139,2019,6.0,1,607.0,WI,2019,696.7236772310999,6.546388886288658,6.410174881966167,55,48,606,171907.0,0.0060218401432601,3.530978959553712,1.5109380220091813,234.2145,664.2959544991483,6.498727764782335
55139,2022,33.0,1,640.0,WI,2022,890.7102625838157,6.792019192302305,6.46302945692067,55,48,606,170688.0,0.000633134013366,3.749531308586427,1.5580459413016183,271.6895,732.113504561846,6.595935562817455
56001,2021,36.0,1,241.0,WY,2021,902.3592618897964,6.805012735542359,5.488937726156687,56,49,607,37854.0,0.0199935330890277,6.366566280974269,1.9969516927456812,249.14216666666667,808.8110195454208,6.695565292175046
56021,2017,92.0,2,912.0,WY,2017,995.3829865230535,6.903127574177773,6.816735880594968,56,49,608,98377.0,0.0050057719615475,9.270459558636674,2.329271770615724,227.24108333333336,978.1786477679922,6.885692319782776
56021,2018,40.0,1,952.0,WY,2018,1016.63286372182,6.924251331582385,6.859614903654202,56,49,608,98865.0,0.0049605090620774,9.629292469529156,2.3636136303577677,231.78858333333335,979.4604851907242,6.887001894754328
56021,2019,127.0,3,1079.0,WY,2019,1059.6929942156137,6.965734517057317,6.984716320118266,56,49,608,99500.0,0.0064228999140241,10.844221105527637,2.4718400782116388,234.2145,1010.3715318907193,6.918073395550994
56021,2020,72.0,1,1151.0,WY,2020,1108.832592264328,7.011063022181424,7.049254841255837,56,49,608,100730.0,0.0123618090452262,11.426585922763826,2.5198382034965046,235.67549999999997,1050.6700725782018,6.957183403971476
56021,2023,40.0,1,1191.0,WY,2023,1334.0077601805451,7.195943043685444,7.083387847625295,56,49,608,100984.0,0.0020142685625266,11.793947556048483,2.5489722119143767,278.4124166666667,1070.00195735678,6.975415756759681
56025,2016,36.0,1,882.0,WY,2016,869.940848275959,6.768425218849768,6.78332520060396,56,49,609,80909.0,-0.014950631262403,10.901135843972858,2.47663384463586,223.80733333333333,868.0209903446832,6.76621589679271
56025,2018,99.0,1,981.0,WY,2018,841.9457356455806,6.735715565188786,6.889591308354466,56,49,609,79175.0,-0.0051642248636695,12.390274707925482,2.594528675394461,231.78858333333335,811.1606541231489,6.69846612836073
56025,2022,48.0,1,1029.0,WY,2022,1018.8137969504992,6.926394285367844,6.937314081223682,56,49,609,79523.0,-0.0014064167765429,12.93965267909913,2.634737489605852,271.6895,837.4073710767457,6.730310655882994
